code,channel,decoder,parameter,metric,mean,std,ci_low,ci_high,seeds,words
wavelet_16_8,rayleigh_awgn,syndrome,0.0,ber,0.49125000,0.03415269,0.44895185,0.53354815,5,100
wavelet_16_8,rayleigh_awgn,syndrome,0.0,frame_error_rate,0.66400000,0.02701851,0.63053754,0.69746246,5,100
wavelet_16_8,rayleigh_awgn,syndrome,0.0,failure_rate,0.34000000,0.03162278,0.30083515,0.37916485,5,100
wavelet_16_8,rayleigh_awgn,syndrome,0.0,miscorrection_rate,0.32400000,0.01140175,0.30987891,0.33812109,5,100
wavelet_16_8,rayleigh_awgn,syndrome,0.0,conditional_miscorrection_rate,0.49145091,0.02018237,0.46645503,0.51644680,5,100
wavelet_16_8,rayleigh_awgn,syndrome,0.0,ambiguous_rate,0.00000000,0.00000000,0.00000000,0.00000000,5,100
wavelet_16_8,rayleigh_awgn,syndrome,0.0,average_decoding_time_ms,0.01956260,0.00606172,0.01205515,0.02707005,5,100
wavelet_16_8,rayleigh_awgn,syndrome,1.0,ber,0.42900000,0.03620040,0.38416576,0.47383424,5,100
wavelet_16_8,rayleigh_awgn,syndrome,1.0,frame_error_rate,0.57400000,0.03714835,0.52799172,0.62000828,5,100
wavelet_16_8,rayleigh_awgn,syndrome,1.0,failure_rate,0.30400000,0.02966479,0.26726011,0.34073989,5,100
wavelet_16_8,rayleigh_awgn,syndrome,1.0,miscorrection_rate,0.27000000,0.02828427,0.23496989,0.30503011,5,100
wavelet_16_8,rayleigh_awgn,syndrome,1.0,conditional_miscorrection_rate,0.38825567,0.04093283,0.33756031,0.43895103,5,100
wavelet_16_8,rayleigh_awgn,syndrome,1.0,ambiguous_rate,0.00000000,0.00000000,0.00000000,0.00000000,5,100
wavelet_16_8,rayleigh_awgn,syndrome,1.0,average_decoding_time_ms,0.02443240,0.00232858,0.02154845,0.02731635,5,100
wavelet_16_8,rayleigh_awgn,syndrome,2.0,ber,0.36350000,0.04717322,0.30507591,0.42192409,5,100
wavelet_16_8,rayleigh_awgn,syndrome,2.0,frame_error_rate,0.48400000,0.03974921,0.43477055,0.53322945,5,100
wavelet_16_8,rayleigh_awgn,syndrome,2.0,failure_rate,0.26600000,0.05727128,0.19506944,0.33693056,5,100
wavelet_16_8,rayleigh_awgn,syndrome,2.0,miscorrection_rate,0.21800000,0.03271085,0.17748756,0.25851244,5,100
wavelet_16_8,rayleigh_awgn,syndrome,2.0,conditional_miscorrection_rate,0.29646222,0.03240935,0.25632320,0.33660124,5,100
wavelet_16_8,rayleigh_awgn,syndrome,2.0,ambiguous_rate,0.00000000,0.00000000,0.00000000,0.00000000,5,100
wavelet_16_8,rayleigh_awgn,syndrome,2.0,average_decoding_time_ms,0.02531200,0.00341222,0.02108596,0.02953804,5,100
wavelet_16_8,rayleigh_awgn,syndrome,3.0,ber,0.31475000,0.04876122,0.25435917,0.37514083,5,100
wavelet_16_8,rayleigh_awgn,syndrome,3.0,frame_error_rate,0.41800000,0.05118594,0.35460615,0.48139385,5,100
wavelet_16_8,rayleigh_awgn,syndrome,3.0,failure_rate,0.22400000,0.04827007,0.16421745,0.28378255,5,100
wavelet_16_8,rayleigh_awgn,syndrome,3.0,miscorrection_rate,0.19400000,0.02408319,0.16417294,0.22382706,5,100
wavelet_16_8,rayleigh_awgn,syndrome,3.0,conditional_miscorrection_rate,0.25062311,0.03416323,0.20831189,0.29293432,5,100
wavelet_16_8,rayleigh_awgn,syndrome,3.0,ambiguous_rate,0.00000000,0.00000000,0.00000000,0.00000000,5,100
wavelet_16_8,rayleigh_awgn,syndrome,3.0,average_decoding_time_ms,0.02483000,0.00340912,0.02060781,0.02905220,5,100
wavelet_16_8,rayleigh_awgn,syndrome,4.0,ber,0.25425000,0.03065177,0.21628774,0.29221226,5,100
wavelet_16_8,rayleigh_awgn,syndrome,4.0,frame_error_rate,0.33600000,0.03361547,0.29436719,0.37763281,5,100
wavelet_16_8,rayleigh_awgn,syndrome,4.0,failure_rate,0.19200000,0.03346640,0.15055182,0.23344818,5,100
wavelet_16_8,rayleigh_awgn,syndrome,4.0,miscorrection_rate,0.14400000,0.04449719,0.08889017,0.19910983,5,100
wavelet_16_8,rayleigh_awgn,syndrome,4.0,conditional_miscorrection_rate,0.17722244,0.05140537,0.11355682,0.24088806,5,100
wavelet_16_8,rayleigh_awgn,syndrome,4.0,ambiguous_rate,0.00000000,0.00000000,0.00000000,0.00000000,5,100
wavelet_16_8,rayleigh_awgn,syndrome,4.0,average_decoding_time_ms,0.02272540,0.00105810,0.02141494,0.02403586,5,100
wavelet_16_8,rayleigh_awgn,syndrome,5.0,ber,0.19850000,0.02314020,0.16984083,0.22715917,5,100
wavelet_16_8,rayleigh_awgn,syndrome,5.0,frame_error_rate,0.26400000,0.02792848,0.22941054,0.29858946,5,100
wavelet_16_8,rayleigh_awgn,syndrome,5.0,failure_rate,0.15200000,0.02167948,0.12514993,0.17885007,5,100
wavelet_16_8,rayleigh_awgn,syndrome,5.0,miscorrection_rate,0.11200000,0.02588436,0.07994219,0.14405781,5,100
wavelet_16_8,rayleigh_awgn,syndrome,5.0,conditional_miscorrection_rate,0.13194591,0.03007299,0.09470046,0.16919135,5,100
wavelet_16_8,rayleigh_awgn,syndrome,5.0,ambiguous_rate,0.00000000,0.00000000,0.00000000,0.00000000,5,100
wavelet_16_8,rayleigh_awgn,syndrome,5.0,average_decoding_time_ms,0.02274960,0.00097109,0.02154691,0.02395229,5,100
wavelet_16_8,rayleigh_awgn,syndrome,6.0,ber,0.13250000,0.02908769,0.09647486,0.16852514,5,100
wavelet_16_8,rayleigh_awgn,syndrome,6.0,frame_error_rate,0.16800000,0.04711688,0.10964569,0.22635431,5,100
wavelet_16_8,rayleigh_awgn,syndrome,6.0,failure_rate,0.10800000,0.02863564,0.07253472,0.14346528,5,100
wavelet_16_8,rayleigh_awgn,syndrome,6.0,miscorrection_rate,0.06000000,0.03674235,0.01449456,0.10550544,5,100
wavelet_16_8,rayleigh_awgn,syndrome,6.0,conditional_miscorrection_rate,0.06735390,0.04218021,0.01511366,0.11959414,5,100
wavelet_16_8,rayleigh_awgn,syndrome,6.0,ambiguous_rate,0.00000000,0.00000000,0.00000000,0.00000000,5,100
wavelet_16_8,rayleigh_awgn,syndrome,6.0,average_decoding_time_ms,0.02327980,0.00042588,0.02275235,0.02380725,5,100
wavelet_16_8,rayleigh_awgn,chase,0.0,ber,0.22975000,0.02652240,0.19690198,0.26259802,5,100
wavelet_16_8,rayleigh_awgn,chase,0.0,frame_error_rate,0.45000000,0.03240370,0.40986797,0.49013203,5,100
wavelet_16_8,rayleigh_awgn,chase,0.0,failure_rate,0.00000000,0.00000000,0.00000000,0.00000000,5,100
wavelet_16_8,rayleigh_awgn,chase,0.0,miscorrection_rate,0.45000000,0.03240370,0.40986797,0.49013203,5,100
wavelet_16_8,rayleigh_awgn,chase,0.0,conditional_miscorrection_rate,0.45000000,0.03240370,0.40986797,0.49013203,5,100
wavelet_16_8,rayleigh_awgn,chase,0.0,ambiguous_rate,0.00000000,0.00000000,0.00000000,0.00000000,5,100
wavelet_16_8,rayleigh_awgn,chase,0.0,average_decoding_time_ms,0.16401000,0.00884905,0.15305044,0.17496956,5,100
wavelet_16_8,rayleigh_awgn,chase,1.0,ber,0.17900000,0.02665462,0.14598822,0.21201178,5,100
wavelet_16_8,rayleigh_awgn,chase,1.0,frame_error_rate,0.36400000,0.04277850,0.31101877,0.41698123,5,100
wavelet_16_8,rayleigh_awgn,chase,1.0,failure_rate,0.00000000,0.00000000,0.00000000,0.00000000,5,100
wavelet_16_8,rayleigh_awgn,chase,1.0,miscorrection_rate,0.36400000,0.04277850,0.31101877,0.41698123,5,100
wavelet_16_8,rayleigh_awgn,chase,1.0,conditional_miscorrection_rate,0.36400000,0.04277850,0.31101877,0.41698123,5,100
wavelet_16_8,rayleigh_awgn,chase,1.0,ambiguous_rate,0.00000000,0.00000000,0.00000000,0.00000000,5,100
wavelet_16_8,rayleigh_awgn,chase,1.0,average_decoding_time_ms,0.16446220,0.00789551,0.15468360,0.17424080,5,100
wavelet_16_8,rayleigh_awgn,chase,2.0,ber,0.14425000,0.02863564,0.10878472,0.17971528,5,100
wavelet_16_8,rayleigh_awgn,chase,2.0,frame_error_rate,0.29200000,0.05761944,0.22063825,0.36336175,5,100
wavelet_16_8,rayleigh_awgn,chase,2.0,failure_rate,0.00000000,0.00000000,0.00000000,0.00000000,5,100
wavelet_16_8,rayleigh_awgn,chase,2.0,miscorrection_rate,0.29200000,0.05761944,0.22063825,0.36336175,5,100
wavelet_16_8,rayleigh_awgn,chase,2.0,conditional_miscorrection_rate,0.29200000,0.05761944,0.22063825,0.36336175,5,100
wavelet_16_8,rayleigh_awgn,chase,2.0,ambiguous_rate,0.00000000,0.00000000,0.00000000,0.00000000,5,100
wavelet_16_8,rayleigh_awgn,chase,2.0,average_decoding_time_ms,0.16695420,0.00223269,0.16418901,0.16971939,5,100
wavelet_16_8,rayleigh_awgn,chase,3.0,ber,0.09975000,0.01730697,0.07831529,0.12118471,5,100
wavelet_16_8,rayleigh_awgn,chase,3.0,frame_error_rate,0.20600000,0.03646917,0.16083289,0.25116711,5,100
wavelet_16_8,rayleigh_awgn,chase,3.0,failure_rate,0.00000000,0.00000000,0.00000000,0.00000000,5,100
wavelet_16_8,rayleigh_awgn,chase,3.0,miscorrection_rate,0.20600000,0.03646917,0.16083289,0.25116711,5,100
wavelet_16_8,rayleigh_awgn,chase,3.0,conditional_miscorrection_rate,0.20600000,0.03646917,0.16083289,0.25116711,5,100
wavelet_16_8,rayleigh_awgn,chase,3.0,ambiguous_rate,0.00000000,0.00000000,0.00000000,0.00000000,5,100
wavelet_16_8,rayleigh_awgn,chase,3.0,average_decoding_time_ms,0.16390300,0.00624077,0.15617380,0.17163220,5,100
wavelet_16_8,rayleigh_awgn,chase,4.0,ber,0.05300000,0.01511932,0.03427471,0.07172529,5,100
wavelet_16_8,rayleigh_awgn,chase,4.0,frame_error_rate,0.11600000,0.03049590,0.07823079,0.15376921,5,100
wavelet_16_8,rayleigh_awgn,chase,4.0,failure_rate,0.00000000,0.00000000,0.00000000,0.00000000,5,100
wavelet_16_8,rayleigh_awgn,chase,4.0,miscorrection_rate,0.11600000,0.03049590,0.07823079,0.15376921,5,100
wavelet_16_8,rayleigh_awgn,chase,4.0,conditional_miscorrection_rate,0.11600000,0.03049590,0.07823079,0.15376921,5,100
wavelet_16_8,rayleigh_awgn,chase,4.0,ambiguous_rate,0.00000000,0.00000000,0.00000000,0.00000000,5,100
wavelet_16_8,rayleigh_awgn,chase,4.0,average_decoding_time_ms,0.16524740,0.00852458,0.15468969,0.17580511,5,100
wavelet_16_8,rayleigh_awgn,chase,5.0,ber,0.02700000,0.00549147,0.02019881,0.03380119,5,100
wavelet_16_8,rayleigh_awgn,chase,5.0,frame_error_rate,0.06000000,0.02236068,0.03230627,0.08769373,5,100
wavelet_16_8,rayleigh_awgn,chase,5.0,failure_rate,0.00000000,0.00000000,0.00000000,0.00000000,5,100
wavelet_16_8,rayleigh_awgn,chase,5.0,miscorrection_rate,0.06000000,0.02236068,0.03230627,0.08769373,5,100
wavelet_16_8,rayleigh_awgn,chase,5.0,conditional_miscorrection_rate,0.06000000,0.02236068,0.03230627,0.08769373,5,100
wavelet_16_8,rayleigh_awgn,chase,5.0,ambiguous_rate,0.00000000,0.00000000,0.00000000,0.00000000,5,100
wavelet_16_8,rayleigh_awgn,chase,5.0,average_decoding_time_ms,0.16652900,0.00485682,0.16051382,0.17254418,5,100
wavelet_16_8,rayleigh_awgn,chase,6.0,ber,0.01275000,0.01160549,0.00000000,0.02712342,5,100
wavelet_16_8,rayleigh_awgn,chase,6.0,frame_error_rate,0.02800000,0.02280351,0.00000000,0.05624218,5,100
wavelet_16_8,rayleigh_awgn,chase,6.0,failure_rate,0.00000000,0.00000000,0.00000000,0.00000000,5,100
wavelet_16_8,rayleigh_awgn,chase,6.0,miscorrection_rate,0.02800000,0.02280351,0.00000000,0.05624218,5,100
wavelet_16_8,rayleigh_awgn,chase,6.0,conditional_miscorrection_rate,0.02800000,0.02280351,0.00000000,0.05624218,5,100
wavelet_16_8,rayleigh_awgn,chase,6.0,ambiguous_rate,0.00000000,0.00000000,0.00000000,0.00000000,5,100
wavelet_16_8,rayleigh_awgn,chase,6.0,average_decoding_time_ms,0.16802940,0.00413336,0.16291023,0.17314857,5,100
wavelet_16_8,rayleigh_awgn,hard_mld,0.0,ber,0.30575000,0.02196588,0.27854523,0.33295477,5,100
wavelet_16_8,rayleigh_awgn,hard_mld,0.0,frame_error_rate,0.61400000,0.02966479,0.57726011,0.65073989,5,100
wavelet_16_8,rayleigh_awgn,hard_mld,0.0,failure_rate,0.00000000,0.00000000,0.00000000,0.00000000,5,100
wavelet_16_8,rayleigh_awgn,hard_mld,0.0,miscorrection_rate,0.61400000,0.02966479,0.57726011,0.65073989,5,100
wavelet_16_8,rayleigh_awgn,hard_mld,0.0,conditional_miscorrection_rate,0.61400000,0.02966479,0.57726011,0.65073989,5,100
wavelet_16_8,rayleigh_awgn,hard_mld,0.0,ambiguous_rate,0.34000000,0.03162278,0.30083515,0.37916485,5,100
wavelet_16_8,rayleigh_awgn,hard_mld,0.0,average_decoding_time_ms,0.01278380,0.00314591,0.00888758,0.01668002,5,100
wavelet_16_8,rayleigh_awgn,hard_mld,1.0,ber,0.25750000,0.02282748,0.22922814,0.28577186,5,100
wavelet_16_8,rayleigh_awgn,hard_mld,1.0,frame_error_rate,0.52600000,0.04827007,0.46621745,0.58578255,5,100
wavelet_16_8,rayleigh_awgn,hard_mld,1.0,failure_rate,0.00000000,0.00000000,0.00000000,0.00000000,5,100
wavelet_16_8,rayleigh_awgn,hard_mld,1.0,miscorrection_rate,0.52600000,0.04827007,0.46621745,0.58578255,5,100
wavelet_16_8,rayleigh_awgn,hard_mld,1.0,conditional_miscorrection_rate,0.52600000,0.04827007,0.46621745,0.58578255,5,100
wavelet_16_8,rayleigh_awgn,hard_mld,1.0,ambiguous_rate,0.30400000,0.02966479,0.26726011,0.34073989,5,100
wavelet_16_8,rayleigh_awgn,hard_mld,1.0,average_decoding_time_ms,0.01226300,0.00125878,0.01070400,0.01382200,5,100
wavelet_16_8,rayleigh_awgn,hard_mld,2.0,ber,0.20400000,0.01291196,0.18800852,0.21999148,5,100
wavelet_16_8,rayleigh_awgn,hard_mld,2.0,frame_error_rate,0.43800000,0.02683282,0.40476752,0.47123248,5,100
wavelet_16_8,rayleigh_awgn,hard_mld,2.0,failure_rate,0.00000000,0.00000000,0.00000000,0.00000000,5,100
wavelet_16_8,rayleigh_awgn,hard_mld,2.0,miscorrection_rate,0.43800000,0.02683282,0.40476752,0.47123248,5,100
wavelet_16_8,rayleigh_awgn,hard_mld,2.0,conditional_miscorrection_rate,0.43800000,0.02683282,0.40476752,0.47123248,5,100
wavelet_16_8,rayleigh_awgn,hard_mld,2.0,ambiguous_rate,0.26600000,0.05727128,0.19506944,0.33693056,5,100
wavelet_16_8,rayleigh_awgn,hard_mld,2.0,average_decoding_time_ms,0.01227740,0.00112388,0.01088548,0.01366932,5,100
wavelet_16_8,rayleigh_awgn,hard_mld,3.0,ber,0.17525000,0.01206752,0.16030436,0.19019564,5,100
wavelet_16_8,rayleigh_awgn,hard_mld,3.0,frame_error_rate,0.37600000,0.04037326,0.32599767,0.42600233,5,100
wavelet_16_8,rayleigh_awgn,hard_mld,3.0,failure_rate,0.00000000,0.00000000,0.00000000,0.00000000,5,100
wavelet_16_8,rayleigh_awgn,hard_mld,3.0,miscorrection_rate,0.37600000,0.04037326,0.32599767,0.42600233,5,100
wavelet_16_8,rayleigh_awgn,hard_mld,3.0,conditional_miscorrection_rate,0.37600000,0.04037326,0.32599767,0.42600233,5,100
wavelet_16_8,rayleigh_awgn,hard_mld,3.0,ambiguous_rate,0.22400000,0.04827007,0.16421745,0.28378255,5,100
wavelet_16_8,rayleigh_awgn,hard_mld,3.0,average_decoding_time_ms,0.01401020,0.00235157,0.01109778,0.01692262,5,100
wavelet_16_8,rayleigh_awgn,hard_mld,4.0,ber,0.13050000,0.01488498,0.11206494,0.14893506,5,100
wavelet_16_8,rayleigh_awgn,hard_mld,4.0,frame_error_rate,0.28800000,0.02683282,0.25476752,0.32123248,5,100
wavelet_16_8,rayleigh_awgn,hard_mld,4.0,failure_rate,0.00000000,0.00000000,0.00000000,0.00000000,5,100
wavelet_16_8,rayleigh_awgn,hard_mld,4.0,miscorrection_rate,0.28800000,0.02683282,0.25476752,0.32123248,5,100
wavelet_16_8,rayleigh_awgn,hard_mld,4.0,conditional_miscorrection_rate,0.28800000,0.02683282,0.25476752,0.32123248,5,100
wavelet_16_8,rayleigh_awgn,hard_mld,4.0,ambiguous_rate,0.19200000,0.03346640,0.15055182,0.23344818,5,100
wavelet_16_8,rayleigh_awgn,hard_mld,4.0,average_decoding_time_ms,0.01265860,0.00148732,0.01081655,0.01450065,5,100
wavelet_16_8,rayleigh_awgn,hard_mld,5.0,ber,0.09800000,0.01376703,0.08094951,0.11505049,5,100
wavelet_16_8,rayleigh_awgn,hard_mld,5.0,frame_error_rate,0.22000000,0.02738613,0.18608224,0.25391776,5,100
wavelet_16_8,rayleigh_awgn,hard_mld,5.0,failure_rate,0.00000000,0.00000000,0.00000000,0.00000000,5,100
wavelet_16_8,rayleigh_awgn,hard_mld,5.0,miscorrection_rate,0.22000000,0.02738613,0.18608224,0.25391776,5,100
wavelet_16_8,rayleigh_awgn,hard_mld,5.0,conditional_miscorrection_rate,0.22000000,0.02738613,0.18608224,0.25391776,5,100
wavelet_16_8,rayleigh_awgn,hard_mld,5.0,ambiguous_rate,0.15200000,0.02167948,0.12514993,0.17885007,5,100
wavelet_16_8,rayleigh_awgn,hard_mld,5.0,average_decoding_time_ms,0.01195420,0.00112645,0.01055909,0.01334931,5,100
wavelet_16_8,rayleigh_awgn,hard_mld,6.0,ber,0.05925000,0.01010105,0.04673983,0.07176017,5,100
wavelet_16_8,rayleigh_awgn,hard_mld,6.0,frame_error_rate,0.13400000,0.04277850,0.08101877,0.18698123,5,100
wavelet_16_8,rayleigh_awgn,hard_mld,6.0,failure_rate,0.00000000,0.00000000,0.00000000,0.00000000,5,100
wavelet_16_8,rayleigh_awgn,hard_mld,6.0,miscorrection_rate,0.13400000,0.04277850,0.08101877,0.18698123,5,100
wavelet_16_8,rayleigh_awgn,hard_mld,6.0,conditional_miscorrection_rate,0.13400000,0.04277850,0.08101877,0.18698123,5,100
wavelet_16_8,rayleigh_awgn,hard_mld,6.0,ambiguous_rate,0.10800000,0.02863564,0.07253472,0.14346528,5,100
wavelet_16_8,rayleigh_awgn,hard_mld,6.0,average_decoding_time_ms,0.01221860,0.00087711,0.01113230,0.01330490,5,100
wavelet_16_8,rayleigh_awgn,soft_mld,0.0,ber,0.22325000,0.02507177,0.19219858,0.25430142,5,100
wavelet_16_8,rayleigh_awgn,soft_mld,0.0,frame_error_rate,0.44400000,0.02190890,0.41686580,0.47113420,5,100
wavelet_16_8,rayleigh_awgn,soft_mld,0.0,failure_rate,0.00000000,0.00000000,0.00000000,0.00000000,5,100
wavelet_16_8,rayleigh_awgn,soft_mld,0.0,miscorrection_rate,0.44400000,0.02190890,0.41686580,0.47113420,5,100
wavelet_16_8,rayleigh_awgn,soft_mld,0.0,conditional_miscorrection_rate,0.44400000,0.02190890,0.41686580,0.47113420,5,100
wavelet_16_8,rayleigh_awgn,soft_mld,0.0,ambiguous_rate,0.00000000,0.00000000,0.00000000,0.00000000,5,100
wavelet_16_8,rayleigh_awgn,soft_mld,0.0,average_decoding_time_ms,0.00541220,0.00041588,0.00489713,0.00592727,5,100
wavelet_16_8,rayleigh_awgn,soft_mld,1.0,ber,0.18100000,0.01584594,0.16137479,0.20062521,5,100
wavelet_16_8,rayleigh_awgn,soft_mld,1.0,frame_error_rate,0.36800000,0.03492850,0.32474101,0.41125899,5,100
wavelet_16_8,rayleigh_awgn,soft_mld,1.0,failure_rate,0.00000000,0.00000000,0.00000000,0.00000000,5,100
wavelet_16_8,rayleigh_awgn,soft_mld,1.0,miscorrection_rate,0.36800000,0.03492850,0.32474101,0.41125899,5,100
wavelet_16_8,rayleigh_awgn,soft_mld,1.0,conditional_miscorrection_rate,0.36800000,0.03492850,0.32474101,0.41125899,5,100
wavelet_16_8,rayleigh_awgn,soft_mld,1.0,ambiguous_rate,0.00000000,0.00000000,0.00000000,0.00000000,5,100
wavelet_16_8,rayleigh_awgn,soft_mld,1.0,average_decoding_time_ms,0.00419980,0.00092441,0.00305492,0.00534468,5,100
wavelet_16_8,rayleigh_awgn,soft_mld,2.0,ber,0.14250000,0.02914136,0.10640839,0.17859161,5,100
wavelet_16_8,rayleigh_awgn,soft_mld,2.0,frame_error_rate,0.28600000,0.05856620,0.21346568,0.35853432,5,100
wavelet_16_8,rayleigh_awgn,soft_mld,2.0,failure_rate,0.00000000,0.00000000,0.00000000,0.00000000,5,100
wavelet_16_8,rayleigh_awgn,soft_mld,2.0,miscorrection_rate,0.28600000,0.05856620,0.21346568,0.35853432,5,100
wavelet_16_8,rayleigh_awgn,soft_mld,2.0,conditional_miscorrection_rate,0.28600000,0.05856620,0.21346568,0.35853432,5,100
wavelet_16_8,rayleigh_awgn,soft_mld,2.0,ambiguous_rate,0.00000000,0.00000000,0.00000000,0.00000000,5,100
wavelet_16_8,rayleigh_awgn,soft_mld,2.0,average_decoding_time_ms,0.00385780,0.00060526,0.00310819,0.00460741,5,100
wavelet_16_8,rayleigh_awgn,soft_mld,3.0,ber,0.09825000,0.01874166,0.07503842,0.12146158,5,100
wavelet_16_8,rayleigh_awgn,soft_mld,3.0,frame_error_rate,0.20200000,0.03834058,0.15451514,0.24948486,5,100
wavelet_16_8,rayleigh_awgn,soft_mld,3.0,failure_rate,0.00000000,0.00000000,0.00000000,0.00000000,5,100
wavelet_16_8,rayleigh_awgn,soft_mld,3.0,miscorrection_rate,0.20200000,0.03834058,0.15451514,0.24948486,5,100
wavelet_16_8,rayleigh_awgn,soft_mld,3.0,conditional_miscorrection_rate,0.20200000,0.03834058,0.15451514,0.24948486,5,100
wavelet_16_8,rayleigh_awgn,soft_mld,3.0,ambiguous_rate,0.00000000,0.00000000,0.00000000,0.00000000,5,100
wavelet_16_8,rayleigh_awgn,soft_mld,3.0,average_decoding_time_ms,0.00398640,0.00038865,0.00350506,0.00446774,5,100
wavelet_16_8,rayleigh_awgn,soft_mld,4.0,ber,0.05025000,0.01401450,0.03289302,0.06760698,5,100
wavelet_16_8,rayleigh_awgn,soft_mld,4.0,frame_error_rate,0.11200000,0.03033150,0.07443440,0.14956560,5,100
wavelet_16_8,rayleigh_awgn,soft_mld,4.0,failure_rate,0.00000000,0.00000000,0.00000000,0.00000000,5,100
wavelet_16_8,rayleigh_awgn,soft_mld,4.0,miscorrection_rate,0.11200000,0.03033150,0.07443440,0.14956560,5,100
wavelet_16_8,rayleigh_awgn,soft_mld,4.0,conditional_miscorrection_rate,0.11200000,0.03033150,0.07443440,0.14956560,5,100
wavelet_16_8,rayleigh_awgn,soft_mld,4.0,ambiguous_rate,0.00000000,0.00000000,0.00000000,0.00000000,5,100
wavelet_16_8,rayleigh_awgn,soft_mld,4.0,average_decoding_time_ms,0.00343720,0.00018570,0.00320720,0.00366720,5,100
wavelet_16_8,rayleigh_awgn,soft_mld,5.0,ber,0.02600000,0.00657885,0.01785209,0.03414791,5,100
wavelet_16_8,rayleigh_awgn,soft_mld,5.0,frame_error_rate,0.05800000,0.02387467,0.02843119,0.08756881,5,100
wavelet_16_8,rayleigh_awgn,soft_mld,5.0,failure_rate,0.00000000,0.00000000,0.00000000,0.00000000,5,100
wavelet_16_8,rayleigh_awgn,soft_mld,5.0,miscorrection_rate,0.05800000,0.02387467,0.02843119,0.08756881,5,100
wavelet_16_8,rayleigh_awgn,soft_mld,5.0,conditional_miscorrection_rate,0.05800000,0.02387467,0.02843119,0.08756881,5,100
wavelet_16_8,rayleigh_awgn,soft_mld,5.0,ambiguous_rate,0.00000000,0.00000000,0.00000000,0.00000000,5,100
wavelet_16_8,rayleigh_awgn,soft_mld,5.0,average_decoding_time_ms,0.00436420,0.00109560,0.00300730,0.00572110,5,100
wavelet_16_8,rayleigh_awgn,soft_mld,6.0,ber,0.01275000,0.01160549,0.00000000,0.02712342,5,100
wavelet_16_8,rayleigh_awgn,soft_mld,6.0,frame_error_rate,0.02800000,0.02280351,0.00000000,0.05624218,5,100
wavelet_16_8,rayleigh_awgn,soft_mld,6.0,failure_rate,0.00000000,0.00000000,0.00000000,0.00000000,5,100
wavelet_16_8,rayleigh_awgn,soft_mld,6.0,miscorrection_rate,0.02800000,0.02280351,0.00000000,0.05624218,5,100
wavelet_16_8,rayleigh_awgn,soft_mld,6.0,conditional_miscorrection_rate,0.02800000,0.02280351,0.00000000,0.05624218,5,100
wavelet_16_8,rayleigh_awgn,soft_mld,6.0,ambiguous_rate,0.00000000,0.00000000,0.00000000,0.00000000,5,100
wavelet_16_8,rayleigh_awgn,soft_mld,6.0,average_decoding_time_ms,0.00402200,0.00037556,0.00355687,0.00448713,5,100
wavelet_16_8,rayleigh,syndrome,0.0,ber,0.44275000,0.05738712,0.37167598,0.51382402,5,100
wavelet_16_8,rayleigh,syndrome,0.0,frame_error_rate,0.59000000,0.03674235,0.54449456,0.63550544,5,100
wavelet_16_8,rayleigh,syndrome,0.0,failure_rate,0.30200000,0.07949843,0.20354109,0.40045891,5,100
wavelet_16_8,rayleigh,syndrome,0.0,miscorrection_rate,0.28800000,0.05069517,0.22521397,0.35078603,5,100
wavelet_16_8,rayleigh,syndrome,0.0,conditional_miscorrection_rate,0.41070815,0.03403521,0.36855550,0.45286081,5,100
wavelet_16_8,rayleigh,syndrome,0.0,ambiguous_rate,0.00000000,0.00000000,0.00000000,0.00000000,5,100
wavelet_16_8,rayleigh,syndrome,0.0,average_decoding_time_ms,0.01702140,0.00634743,0.00916011,0.02488269,5,100
wavelet_16_8,rayleigh,syndrome,1.0,ber,0.37575000,0.05232560,0.31094467,0.44055533,5,100
wavelet_16_8,rayleigh,syndrome,1.0,frame_error_rate,0.51200000,0.03563706,0.46786346,0.55613654,5,100
wavelet_16_8,rayleigh,syndrome,1.0,failure_rate,0.24600000,0.06949820,0.15992639,0.33207361,5,100
wavelet_16_8,rayleigh,syndrome,1.0,miscorrection_rate,0.26600000,0.04098780,0.21523655,0.31676345,5,100
wavelet_16_8,rayleigh,syndrome,1.0,conditional_miscorrection_rate,0.35149865,0.02713253,0.31789497,0.38510233,5,100
wavelet_16_8,rayleigh,syndrome,1.0,ambiguous_rate,0.00000000,0.00000000,0.00000000,0.00000000,5,100
wavelet_16_8,rayleigh,syndrome,1.0,average_decoding_time_ms,0.02060860,0.00621958,0.01290565,0.02831155,5,100
wavelet_16_8,rayleigh,syndrome,2.0,ber,0.34325000,0.04330668,0.28961462,0.39688538,5,100
wavelet_16_8,rayleigh,syndrome,2.0,frame_error_rate,0.46800000,0.04658326,0.41030657,0.52569343,5,100
wavelet_16_8,rayleigh,syndrome,2.0,failure_rate,0.22200000,0.05263079,0.15681670,0.28718330,5,100
wavelet_16_8,rayleigh,syndrome,2.0,miscorrection_rate,0.24600000,0.03577709,0.20169003,0.29030997,5,100
wavelet_16_8,rayleigh,syndrome,2.0,conditional_miscorrection_rate,0.31611849,0.03955227,0.26713295,0.36510403,5,100
wavelet_16_8,rayleigh,syndrome,2.0,ambiguous_rate,0.00000000,0.00000000,0.00000000,0.00000000,5,100
wavelet_16_8,rayleigh,syndrome,2.0,average_decoding_time_ms,0.02412680,0.01019201,0.01150398,0.03674962,5,100
wavelet_16_8,rayleigh,syndrome,3.0,ber,0.29375000,0.03158570,0.25463107,0.33286893,5,100
wavelet_16_8,rayleigh,syndrome,3.0,frame_error_rate,0.40200000,0.04549725,0.34565159,0.45834841,5,100
wavelet_16_8,rayleigh,syndrome,3.0,failure_rate,0.19400000,0.04722288,0.13551441,0.25248559,5,100
wavelet_16_8,rayleigh,syndrome,3.0,miscorrection_rate,0.20800000,0.05848077,0.13557149,0.28042851,5,100
wavelet_16_8,rayleigh,syndrome,3.0,conditional_miscorrection_rate,0.25668632,0.06219580,0.17965675,0.33371590,5,100
wavelet_16_8,rayleigh,syndrome,3.0,ambiguous_rate,0.00000000,0.00000000,0.00000000,0.00000000,5,100
wavelet_16_8,rayleigh,syndrome,3.0,average_decoding_time_ms,0.02099320,0.00601570,0.01354274,0.02844366,5,100
wavelet_16_8,rayleigh,syndrome,4.0,ber,0.25100000,0.02422873,0.22099269,0.28100731,5,100
wavelet_16_8,rayleigh,syndrome,4.0,frame_error_rate,0.33600000,0.03646917,0.29083289,0.38116711,5,100
wavelet_16_8,rayleigh,syndrome,4.0,failure_rate,0.17000000,0.02915476,0.13389179,0.20610821,5,100
wavelet_16_8,rayleigh,syndrome,4.0,miscorrection_rate,0.16600000,0.03847077,0.11835390,0.21364610,5,100
wavelet_16_8,rayleigh,syndrome,4.0,conditional_miscorrection_rate,0.19962170,0.04299059,0.14637780,0.25286560,5,100
wavelet_16_8,rayleigh,syndrome,4.0,ambiguous_rate,0.00000000,0.00000000,0.00000000,0.00000000,5,100
wavelet_16_8,rayleigh,syndrome,4.0,average_decoding_time_ms,0.02212660,0.00360370,0.01766341,0.02658979,5,100
wavelet_16_8,rayleigh,syndrome,5.0,ber,0.21800000,0.02574818,0.18611085,0.24988915,5,100
wavelet_16_8,rayleigh,syndrome,5.0,frame_error_rate,0.28800000,0.03768289,0.24132969,0.33467031,5,100
wavelet_16_8,rayleigh,syndrome,5.0,failure_rate,0.14800000,0.01643168,0.12764935,0.16835065,5,100
wavelet_16_8,rayleigh,syndrome,5.0,miscorrection_rate,0.14000000,0.03162278,0.10083515,0.17916485,5,100
wavelet_16_8,rayleigh,syndrome,5.0,conditional_miscorrection_rate,0.16445061,0.03737423,0.11816258,0.21073864,5,100
wavelet_16_8,rayleigh,syndrome,5.0,ambiguous_rate,0.00000000,0.00000000,0.00000000,0.00000000,5,100
wavelet_16_8,rayleigh,syndrome,5.0,average_decoding_time_ms,0.02083960,0.00710184,0.01204396,0.02963524,5,100
wavelet_16_8,rayleigh,syndrome,6.0,ber,0.18650000,0.03335884,0.14518503,0.22781497,5,100
wavelet_16_8,rayleigh,syndrome,6.0,frame_error_rate,0.24200000,0.03701351,0.19615872,0.28784128,5,100
wavelet_16_8,rayleigh,syndrome,6.0,failure_rate,0.13000000,0.02915476,0.09389179,0.16610821,5,100
wavelet_16_8,rayleigh,syndrome,6.0,miscorrection_rate,0.11200000,0.01095445,0.09843290,0.12556710,5,100
wavelet_16_8,rayleigh,syndrome,6.0,conditional_miscorrection_rate,0.12907103,0.01615514,0.10906286,0.14907919,5,100
wavelet_16_8,rayleigh,syndrome,6.0,ambiguous_rate,0.00000000,0.00000000,0.00000000,0.00000000,5,100
wavelet_16_8,rayleigh,syndrome,6.0,average_decoding_time_ms,0.02100300,0.00668635,0.01272195,0.02928405,5,100
wavelet_16_8,rayleigh,chase,0.0,ber,0.23650000,0.01898601,0.21298580,0.26001420,5,100
wavelet_16_8,rayleigh,chase,0.0,frame_error_rate,0.48400000,0.06107373,0.40836011,0.55963989,5,100
wavelet_16_8,rayleigh,chase,0.0,failure_rate,0.00000000,0.00000000,0.00000000,0.00000000,5,100
wavelet_16_8,rayleigh,chase,0.0,miscorrection_rate,0.48400000,0.06107373,0.40836011,0.55963989,5,100
wavelet_16_8,rayleigh,chase,0.0,conditional_miscorrection_rate,0.48400000,0.06107373,0.40836011,0.55963989,5,100
wavelet_16_8,rayleigh,chase,0.0,ambiguous_rate,0.00000000,0.00000000,0.00000000,0.00000000,5,100
wavelet_16_8,rayleigh,chase,0.0,average_decoding_time_ms,0.11986880,0.04071895,0.06943832,0.17029928,5,100
wavelet_16_8,rayleigh,chase,1.0,ber,0.20300000,0.03487254,0.15981032,0.24618968,5,100
wavelet_16_8,rayleigh,chase,1.0,frame_error_rate,0.41800000,0.07529940,0.32474159,0.51125841,5,100
wavelet_16_8,rayleigh,chase,1.0,failure_rate,0.00000000,0.00000000,0.00000000,0.00000000,5,100
wavelet_16_8,rayleigh,chase,1.0,miscorrection_rate,0.41800000,0.07529940,0.32474159,0.51125841,5,100
wavelet_16_8,rayleigh,chase,1.0,conditional_miscorrection_rate,0.41800000,0.07529940,0.32474159,0.51125841,5,100
wavelet_16_8,rayleigh,chase,1.0,ambiguous_rate,0.00000000,0.00000000,0.00000000,0.00000000,5,100
wavelet_16_8,rayleigh,chase,1.0,average_decoding_time_ms,0.15302380,0.03347382,0.11156643,0.19448117,5,100
wavelet_16_8,rayleigh,chase,2.0,ber,0.16850000,0.02917351,0.13236857,0.20463143,5,100
wavelet_16_8,rayleigh,chase,2.0,frame_error_rate,0.34600000,0.06107373,0.27036011,0.42163989,5,100
wavelet_16_8,rayleigh,chase,2.0,failure_rate,0.00000000,0.00000000,0.00000000,0.00000000,5,100
wavelet_16_8,rayleigh,chase,2.0,miscorrection_rate,0.34600000,0.06107373,0.27036011,0.42163989,5,100
wavelet_16_8,rayleigh,chase,2.0,conditional_miscorrection_rate,0.34600000,0.06107373,0.27036011,0.42163989,5,100
wavelet_16_8,rayleigh,chase,2.0,ambiguous_rate,0.00000000,0.00000000,0.00000000,0.00000000,5,100
wavelet_16_8,rayleigh,chase,2.0,average_decoding_time_ms,0.15958840,0.02475988,0.12892325,0.19025355,5,100
wavelet_16_8,rayleigh,chase,3.0,ber,0.14350000,0.02971742,0.10669494,0.18030506,5,100
wavelet_16_8,rayleigh,chase,3.0,frame_error_rate,0.29800000,0.06418723,0.21850404,0.37749596,5,100
wavelet_16_8,rayleigh,chase,3.0,failure_rate,0.00000000,0.00000000,0.00000000,0.00000000,5,100
wavelet_16_8,rayleigh,chase,3.0,miscorrection_rate,0.29800000,0.06418723,0.21850404,0.37749596,5,100
wavelet_16_8,rayleigh,chase,3.0,conditional_miscorrection_rate,0.29800000,0.06418723,0.21850404,0.37749596,5,100
wavelet_16_8,rayleigh,chase,3.0,ambiguous_rate,0.00000000,0.00000000,0.00000000,0.00000000,5,100
wavelet_16_8,rayleigh,chase,3.0,average_decoding_time_ms,0.15015740,0.03896717,0.10189651,0.19841829,5,100
wavelet_16_8,rayleigh,chase,4.0,ber,0.11875000,0.02614563,0.08636861,0.15113139,5,100
wavelet_16_8,rayleigh,chase,4.0,frame_error_rate,0.24400000,0.05899152,0.17093892,0.31706108,5,100
wavelet_16_8,rayleigh,chase,4.0,failure_rate,0.00000000,0.00000000,0.00000000,0.00000000,5,100
wavelet_16_8,rayleigh,chase,4.0,miscorrection_rate,0.24400000,0.05899152,0.17093892,0.31706108,5,100
wavelet_16_8,rayleigh,chase,4.0,conditional_miscorrection_rate,0.24400000,0.05899152,0.17093892,0.31706108,5,100
wavelet_16_8,rayleigh,chase,4.0,ambiguous_rate,0.00000000,0.00000000,0.00000000,0.00000000,5,100
wavelet_16_8,rayleigh,chase,4.0,average_decoding_time_ms,0.15066740,0.04258080,0.09793102,0.20340378,5,100
wavelet_16_8,rayleigh,chase,5.0,ber,0.09850000,0.02435737,0.06833337,0.12866663,5,100
wavelet_16_8,rayleigh,chase,5.0,frame_error_rate,0.19800000,0.05805170,0.12610289,0.26989711,5,100
wavelet_16_8,rayleigh,chase,5.0,failure_rate,0.00000000,0.00000000,0.00000000,0.00000000,5,100
wavelet_16_8,rayleigh,chase,5.0,miscorrection_rate,0.19800000,0.05805170,0.12610289,0.26989711,5,100
wavelet_16_8,rayleigh,chase,5.0,conditional_miscorrection_rate,0.19800000,0.05805170,0.12610289,0.26989711,5,100
wavelet_16_8,rayleigh,chase,5.0,ambiguous_rate,0.00000000,0.00000000,0.00000000,0.00000000,5,100
wavelet_16_8,rayleigh,chase,5.0,average_decoding_time_ms,0.14405060,0.04108787,0.09316322,0.19493798,5,100
wavelet_16_8,rayleigh,chase,6.0,ber,0.08025000,0.02160367,0.05349382,0.10700618,5,100
wavelet_16_8,rayleigh,chase,6.0,frame_error_rate,0.16800000,0.04868265,0.10770648,0.22829352,5,100
wavelet_16_8,rayleigh,chase,6.0,failure_rate,0.00000000,0.00000000,0.00000000,0.00000000,5,100
wavelet_16_8,rayleigh,chase,6.0,miscorrection_rate,0.16800000,0.04868265,0.10770648,0.22829352,5,100
wavelet_16_8,rayleigh,chase,6.0,conditional_miscorrection_rate,0.16800000,0.04868265,0.10770648,0.22829352,5,100
wavelet_16_8,rayleigh,chase,6.0,ambiguous_rate,0.00000000,0.00000000,0.00000000,0.00000000,5,100
wavelet_16_8,rayleigh,chase,6.0,average_decoding_time_ms,0.15725260,0.03794135,0.11026218,0.20424302,5,100
wavelet_16_8,rayleigh,hard_mld,0.0,ber,0.28125000,0.01259340,0.26565306,0.29684694,5,100
wavelet_16_8,rayleigh,hard_mld,0.0,frame_error_rate,0.56000000,0.03391165,0.51800038,0.60199962,5,100
wavelet_16_8,rayleigh,hard_mld,0.0,failure_rate,0.00000000,0.00000000,0.00000000,0.00000000,5,100
wavelet_16_8,rayleigh,hard_mld,0.0,miscorrection_rate,0.56000000,0.03391165,0.51800038,0.60199962,5,100
wavelet_16_8,rayleigh,hard_mld,0.0,conditional_miscorrection_rate,0.56000000,0.03391165,0.51800038,0.60199962,5,100
wavelet_16_8,rayleigh,hard_mld,0.0,ambiguous_rate,0.30200000,0.07949843,0.20354109,0.40045891,5,100
wavelet_16_8,rayleigh,hard_mld,0.0,average_decoding_time_ms,0.01071780,0.00300811,0.00699225,0.01444335,5,100
wavelet_16_8,rayleigh,hard_mld,1.0,ber,0.24975000,0.00907435,0.23851141,0.26098859,5,100
wavelet_16_8,rayleigh,hard_mld,1.0,frame_error_rate,0.49800000,0.03114482,0.45942710,0.53657290,5,100
wavelet_16_8,rayleigh,hard_mld,1.0,failure_rate,0.00000000,0.00000000,0.00000000,0.00000000,5,100
wavelet_16_8,rayleigh,hard_mld,1.0,miscorrection_rate,0.49800000,0.03114482,0.45942710,0.53657290,5,100
wavelet_16_8,rayleigh,hard_mld,1.0,conditional_miscorrection_rate,0.49800000,0.03114482,0.45942710,0.53657290,5,100
wavelet_16_8,rayleigh,hard_mld,1.0,ambiguous_rate,0.24600000,0.06949820,0.15992639,0.33207361,5,100
wavelet_16_8,rayleigh,hard_mld,1.0,average_decoding_time_ms,0.01150960,0.00263968,0.00824035,0.01477885,5,100
wavelet_16_8,rayleigh,hard_mld,2.0,ber,0.22600000,0.01579656,0.20643594,0.24556406,5,100
wavelet_16_8,rayleigh,hard_mld,2.0,frame_error_rate,0.45000000,0.04949747,0.38869731,0.51130269,5,100
wavelet_16_8,rayleigh,hard_mld,2.0,failure_rate,0.00000000,0.00000000,0.00000000,0.00000000,5,100
wavelet_16_8,rayleigh,hard_mld,2.0,miscorrection_rate,0.45000000,0.04949747,0.38869731,0.51130269,5,100
wavelet_16_8,rayleigh,hard_mld,2.0,conditional_miscorrection_rate,0.45000000,0.04949747,0.38869731,0.51130269,5,100
wavelet_16_8,rayleigh,hard_mld,2.0,ambiguous_rate,0.22200000,0.05263079,0.15681670,0.28718330,5,100
wavelet_16_8,rayleigh,hard_mld,2.0,average_decoding_time_ms,0.01173340,0.00037067,0.01127433,0.01219247,5,100
wavelet_16_8,rayleigh,hard_mld,3.0,ber,0.18800000,0.01999219,0.16323965,0.21276035,5,100
wavelet_16_8,rayleigh,hard_mld,3.0,frame_error_rate,0.38400000,0.04669047,0.32617379,0.44182621,5,100
wavelet_16_8,rayleigh,hard_mld,3.0,failure_rate,0.00000000,0.00000000,0.00000000,0.00000000,5,100
wavelet_16_8,rayleigh,hard_mld,3.0,miscorrection_rate,0.38400000,0.04669047,0.32617379,0.44182621,5,100
wavelet_16_8,rayleigh,hard_mld,3.0,conditional_miscorrection_rate,0.38400000,0.04669047,0.32617379,0.44182621,5,100
wavelet_16_8,rayleigh,hard_mld,3.0,ambiguous_rate,0.19400000,0.04722288,0.13551441,0.25248559,5,100
wavelet_16_8,rayleigh,hard_mld,3.0,average_decoding_time_ms,0.01179960,0.00294841,0.00814800,0.01545120,5,100
wavelet_16_8,rayleigh,hard_mld,4.0,ber,0.16275000,0.01975237,0.13828666,0.18721334,5,100
wavelet_16_8,rayleigh,hard_mld,4.0,frame_error_rate,0.32200000,0.03420526,0.27963674,0.36436326,5,100
wavelet_16_8,rayleigh,hard_mld,4.0,failure_rate,0.00000000,0.00000000,0.00000000,0.00000000,5,100
wavelet_16_8,rayleigh,hard_mld,4.0,miscorrection_rate,0.32200000,0.03420526,0.27963674,0.36436326,5,100
wavelet_16_8,rayleigh,hard_mld,4.0,conditional_miscorrection_rate,0.32200000,0.03420526,0.27963674,0.36436326,5,100
wavelet_16_8,rayleigh,hard_mld,4.0,ambiguous_rate,0.17000000,0.02915476,0.13389179,0.20610821,5,100
wavelet_16_8,rayleigh,hard_mld,4.0,average_decoding_time_ms,0.01078720,0.00239972,0.00781515,0.01375925,5,100
wavelet_16_8,rayleigh,hard_mld,5.0,ber,0.13875000,0.02313344,0.11009920,0.16740080,5,100
wavelet_16_8,rayleigh,hard_mld,5.0,frame_error_rate,0.27000000,0.04690416,0.21190914,0.32809086,5,100
wavelet_16_8,rayleigh,hard_mld,5.0,failure_rate,0.00000000,0.00000000,0.00000000,0.00000000,5,100
wavelet_16_8,rayleigh,hard_mld,5.0,miscorrection_rate,0.27000000,0.04690416,0.21190914,0.32809086,5,100
wavelet_16_8,rayleigh,hard_mld,5.0,conditional_miscorrection_rate,0.27000000,0.04690416,0.21190914,0.32809086,5,100
wavelet_16_8,rayleigh,hard_mld,5.0,ambiguous_rate,0.14800000,0.01643168,0.12764935,0.16835065,5,100
wavelet_16_8,rayleigh,hard_mld,5.0,average_decoding_time_ms,0.01097420,0.00220676,0.00824112,0.01370728,5,100
wavelet_16_8,rayleigh,hard_mld,6.0,ber,0.11425000,0.01365307,0.09734066,0.13115934,5,100
wavelet_16_8,rayleigh,hard_mld,6.0,frame_error_rate,0.22200000,0.03346640,0.18055182,0.26344818,5,100
wavelet_16_8,rayleigh,hard_mld,6.0,failure_rate,0.00000000,0.00000000,0.00000000,0.00000000,5,100
wavelet_16_8,rayleigh,hard_mld,6.0,miscorrection_rate,0.22200000,0.03346640,0.18055182,0.26344818,5,100
wavelet_16_8,rayleigh,hard_mld,6.0,conditional_miscorrection_rate,0.22200000,0.03346640,0.18055182,0.26344818,5,100
wavelet_16_8,rayleigh,hard_mld,6.0,ambiguous_rate,0.13000000,0.02915476,0.09389179,0.16610821,5,100
wavelet_16_8,rayleigh,hard_mld,6.0,average_decoding_time_ms,0.01172940,0.00319824,0.00776838,0.01569042,5,100
wavelet_16_8,rayleigh,soft_mld,0.0,ber,0.23350000,0.01812284,0.21105483,0.25594517,5,100
wavelet_16_8,rayleigh,soft_mld,0.0,frame_error_rate,0.47800000,0.05310367,0.41223103,0.54376897,5,100
wavelet_16_8,rayleigh,soft_mld,0.0,failure_rate,0.00000000,0.00000000,0.00000000,0.00000000,5,100
wavelet_16_8,rayleigh,soft_mld,0.0,miscorrection_rate,0.47800000,0.05310367,0.41223103,0.54376897,5,100
wavelet_16_8,rayleigh,soft_mld,0.0,conditional_miscorrection_rate,0.47800000,0.05310367,0.41223103,0.54376897,5,100
wavelet_16_8,rayleigh,soft_mld,0.0,ambiguous_rate,0.00000000,0.00000000,0.00000000,0.00000000,5,100
wavelet_16_8,rayleigh,soft_mld,0.0,average_decoding_time_ms,0.00353320,0.00135242,0.00185823,0.00520817,5,100
wavelet_16_8,rayleigh,soft_mld,1.0,ber,0.19800000,0.03106948,0.15952041,0.23647959,5,100
wavelet_16_8,rayleigh,soft_mld,1.0,frame_error_rate,0.40800000,0.07463243,0.31556763,0.50043237,5,100
wavelet_16_8,rayleigh,soft_mld,1.0,failure_rate,0.00000000,0.00000000,0.00000000,0.00000000,5,100
wavelet_16_8,rayleigh,soft_mld,1.0,miscorrection_rate,0.40800000,0.07463243,0.31556763,0.50043237,5,100
wavelet_16_8,rayleigh,soft_mld,1.0,conditional_miscorrection_rate,0.40800000,0.07463243,0.31556763,0.50043237,5,100
wavelet_16_8,rayleigh,soft_mld,1.0,ambiguous_rate,0.00000000,0.00000000,0.00000000,0.00000000,5,100
wavelet_16_8,rayleigh,soft_mld,1.0,average_decoding_time_ms,0.00385480,0.00044827,0.00329962,0.00440998,5,100
wavelet_16_8,rayleigh,soft_mld,2.0,ber,0.16850000,0.02866019,0.13300432,0.20399568,5,100
wavelet_16_8,rayleigh,soft_mld,2.0,frame_error_rate,0.34200000,0.06058052,0.26697094,0.41702906,5,100
wavelet_16_8,rayleigh,soft_mld,2.0,failure_rate,0.00000000,0.00000000,0.00000000,0.00000000,5,100
wavelet_16_8,rayleigh,soft_mld,2.0,miscorrection_rate,0.34200000,0.06058052,0.26697094,0.41702906,5,100
wavelet_16_8,rayleigh,soft_mld,2.0,conditional_miscorrection_rate,0.34200000,0.06058052,0.26697094,0.41702906,5,100
wavelet_16_8,rayleigh,soft_mld,2.0,ambiguous_rate,0.00000000,0.00000000,0.00000000,0.00000000,5,100
wavelet_16_8,rayleigh,soft_mld,2.0,average_decoding_time_ms,0.00436720,0.00106577,0.00304724,0.00568716,5,100
wavelet_16_8,rayleigh,soft_mld,3.0,ber,0.13925000,0.03242299,0.09909409,0.17940591,5,100
wavelet_16_8,rayleigh,soft_mld,3.0,frame_error_rate,0.29000000,0.07176350,0.20112081,0.37887919,5,100
wavelet_16_8,rayleigh,soft_mld,3.0,failure_rate,0.00000000,0.00000000,0.00000000,0.00000000,5,100
wavelet_16_8,rayleigh,soft_mld,3.0,miscorrection_rate,0.29000000,0.07176350,0.20112081,0.37887919,5,100
wavelet_16_8,rayleigh,soft_mld,3.0,conditional_miscorrection_rate,0.29000000,0.07176350,0.20112081,0.37887919,5,100
wavelet_16_8,rayleigh,soft_mld,3.0,ambiguous_rate,0.00000000,0.00000000,0.00000000,0.00000000,5,100
wavelet_16_8,rayleigh,soft_mld,3.0,average_decoding_time_ms,0.00369620,0.00100190,0.00245534,0.00493706,5,100
wavelet_16_8,rayleigh,soft_mld,4.0,ber,0.11825000,0.02773479,0.08390042,0.15259958,5,100
wavelet_16_8,rayleigh,soft_mld,4.0,frame_error_rate,0.24000000,0.06670832,0.15738166,0.32261834,5,100
wavelet_16_8,rayleigh,soft_mld,4.0,failure_rate,0.00000000,0.00000000,0.00000000,0.00000000,5,100
wavelet_16_8,rayleigh,soft_mld,4.0,miscorrection_rate,0.24000000,0.06670832,0.15738166,0.32261834,5,100
wavelet_16_8,rayleigh,soft_mld,4.0,conditional_miscorrection_rate,0.24000000,0.06670832,0.15738166,0.32261834,5,100
wavelet_16_8,rayleigh,soft_mld,4.0,ambiguous_rate,0.00000000,0.00000000,0.00000000,0.00000000,5,100
wavelet_16_8,rayleigh,soft_mld,4.0,average_decoding_time_ms,0.00339180,0.00080575,0.00239388,0.00438972,5,100
wavelet_16_8,rayleigh,soft_mld,5.0,ber,0.09700000,0.02482124,0.06625887,0.12774113,5,100
wavelet_16_8,rayleigh,soft_mld,5.0,frame_error_rate,0.19600000,0.06066300,0.12086879,0.27113121,5,100
wavelet_16_8,rayleigh,soft_mld,5.0,failure_rate,0.00000000,0.00000000,0.00000000,0.00000000,5,100
wavelet_16_8,rayleigh,soft_mld,5.0,miscorrection_rate,0.19600000,0.06066300,0.12086879,0.27113121,5,100
wavelet_16_8,rayleigh,soft_mld,5.0,conditional_miscorrection_rate,0.19600000,0.06066300,0.12086879,0.27113121,5,100
wavelet_16_8,rayleigh,soft_mld,5.0,ambiguous_rate,0.00000000,0.00000000,0.00000000,0.00000000,5,100
wavelet_16_8,rayleigh,soft_mld,5.0,average_decoding_time_ms,0.00343880,0.00064783,0.00263646,0.00424114,5,100
wavelet_16_8,rayleigh,soft_mld,6.0,ber,0.07950000,0.02483697,0.04873938,0.11026062,5,100
wavelet_16_8,rayleigh,soft_mld,6.0,frame_error_rate,0.17000000,0.05291503,0.10446467,0.23553533,5,100
wavelet_16_8,rayleigh,soft_mld,6.0,failure_rate,0.00000000,0.00000000,0.00000000,0.00000000,5,100
wavelet_16_8,rayleigh,soft_mld,6.0,miscorrection_rate,0.17000000,0.05291503,0.10446467,0.23553533,5,100
wavelet_16_8,rayleigh,soft_mld,6.0,conditional_miscorrection_rate,0.17000000,0.05291503,0.10446467,0.23553533,5,100
wavelet_16_8,rayleigh,soft_mld,6.0,ambiguous_rate,0.00000000,0.00000000,0.00000000,0.00000000,5,100
wavelet_16_8,rayleigh,soft_mld,6.0,average_decoding_time_ms,0.00352420,0.00059201,0.00279099,0.00425741,5,100
wavelet_16_8,sinusoidal,syndrome,0.0,ber,0.39575000,0.02732330,0.36191006,0.42958994,5,100
wavelet_16_8,sinusoidal,syndrome,0.0,frame_error_rate,0.51200000,0.03033150,0.47443440,0.54956560,5,100
wavelet_16_8,sinusoidal,syndrome,0.0,failure_rate,0.28800000,0.04438468,0.23302951,0.34297049,5,100
wavelet_16_8,sinusoidal,syndrome,0.0,miscorrection_rate,0.22400000,0.03507136,0.18056408,0.26743592,5,100
wavelet_16_8,sinusoidal,syndrome,0.0,conditional_miscorrection_rate,0.31375321,0.03659019,0.26843621,0.35907022,5,100
wavelet_16_8,sinusoidal,syndrome,0.0,ambiguous_rate,0.00000000,0.00000000,0.00000000,0.00000000,5,100
wavelet_16_8,sinusoidal,syndrome,0.0,average_decoding_time_ms,0.02022120,0.00633141,0.01237974,0.02806266,5,100
wavelet_16_8,sinusoidal,syndrome,1.0,ber,0.32125000,0.03538847,0.27742133,0.36507867,5,100
wavelet_16_8,sinusoidal,syndrome,1.0,frame_error_rate,0.42000000,0.03464102,0.37709706,0.46290294,5,100
wavelet_16_8,sinusoidal,syndrome,1.0,failure_rate,0.23400000,0.04722288,0.17551441,0.29248559,5,100
wavelet_16_8,sinusoidal,syndrome,1.0,miscorrection_rate,0.18600000,0.02880972,0.15031912,0.22168088,5,100
wavelet_16_8,sinusoidal,syndrome,1.0,conditional_miscorrection_rate,0.24224224,0.02965775,0.20551108,0.27897341,5,100
wavelet_16_8,sinusoidal,syndrome,1.0,ambiguous_rate,0.00000000,0.00000000,0.00000000,0.00000000,5,100
wavelet_16_8,sinusoidal,syndrome,1.0,average_decoding_time_ms,0.02352480,0.00217743,0.02082805,0.02622155,5,100
wavelet_16_8,sinusoidal,syndrome,2.0,ber,0.25925000,0.04395132,0.20481623,0.31368377,5,100
wavelet_16_8,sinusoidal,syndrome,2.0,frame_error_rate,0.33800000,0.03834058,0.29051514,0.38548486,5,100
wavelet_16_8,sinusoidal,syndrome,2.0,failure_rate,0.19000000,0.04949747,0.12869731,0.25130269,5,100
wavelet_16_8,sinusoidal,syndrome,2.0,miscorrection_rate,0.14800000,0.04207137,0.09589456,0.20010544,5,100
wavelet_16_8,sinusoidal,syndrome,2.0,conditional_miscorrection_rate,0.18148788,0.04687188,0.12343700,0.23953876,5,100
wavelet_16_8,sinusoidal,syndrome,2.0,ambiguous_rate,0.00000000,0.00000000,0.00000000,0.00000000,5,100
wavelet_16_8,sinusoidal,syndrome,2.0,average_decoding_time_ms,0.02431820,0.00257727,0.02112625,0.02751015,5,100
wavelet_16_8,sinusoidal,syndrome,3.0,ber,0.17925000,0.04360333,0.12524722,0.23325278,5,100
wavelet_16_8,sinusoidal,syndrome,3.0,frame_error_rate,0.23200000,0.04549725,0.17565159,0.28834841,5,100
wavelet_16_8,sinusoidal,syndrome,3.0,failure_rate,0.13200000,0.04147288,0.08063578,0.18336422,5,100
wavelet_16_8,sinusoidal,syndrome,3.0,miscorrection_rate,0.10000000,0.03391165,0.05800038,0.14199962,5,100
wavelet_16_8,sinusoidal,syndrome,3.0,conditional_miscorrection_rate,0.11494784,0.03784494,0.06807683,0.16181884,5,100
wavelet_16_8,sinusoidal,syndrome,3.0,ambiguous_rate,0.00000000,0.00000000,0.00000000,0.00000000,5,100
wavelet_16_8,sinusoidal,syndrome,3.0,average_decoding_time_ms,0.02336680,0.00090404,0.02224715,0.02448645,5,100
wavelet_16_8,sinusoidal,syndrome,4.0,ber,0.12025000,0.03884464,0.07214086,0.16835914,5,100
wavelet_16_8,sinusoidal,syndrome,4.0,frame_error_rate,0.15400000,0.03435113,0.11145608,0.19654392,5,100
wavelet_16_8,sinusoidal,syndrome,4.0,failure_rate,0.08800000,0.03492850,0.04474101,0.13125899,5,100
wavelet_16_8,sinusoidal,syndrome,4.0,miscorrection_rate,0.06600000,0.02190890,0.03886580,0.09313420,5,100
wavelet_16_8,sinusoidal,syndrome,4.0,conditional_miscorrection_rate,0.07220045,0.02356688,0.04301285,0.10138806,5,100
wavelet_16_8,sinusoidal,syndrome,4.0,ambiguous_rate,0.00000000,0.00000000,0.00000000,0.00000000,5,100
wavelet_16_8,sinusoidal,syndrome,4.0,average_decoding_time_ms,0.02319940,0.00120603,0.02170573,0.02469307,5,100
wavelet_16_8,sinusoidal,syndrome,5.0,ber,0.06625000,0.04119314,0.01523224,0.11726776,5,100
wavelet_16_8,sinusoidal,syndrome,5.0,frame_error_rate,0.09400000,0.04449719,0.03889017,0.14910983,5,100
wavelet_16_8,sinusoidal,syndrome,5.0,failure_rate,0.04400000,0.03361547,0.00236719,0.08563281,5,100
wavelet_16_8,sinusoidal,syndrome,5.0,miscorrection_rate,0.05000000,0.01870829,0.02682976,0.07317024,5,100
wavelet_16_8,sinusoidal,syndrome,5.0,conditional_miscorrection_rate,0.05257835,0.02012130,0.02765810,0.07749861,5,100
wavelet_16_8,sinusoidal,syndrome,5.0,ambiguous_rate,0.00000000,0.00000000,0.00000000,0.00000000,5,100
wavelet_16_8,sinusoidal,syndrome,5.0,average_decoding_time_ms,0.02344020,0.00120144,0.02195221,0.02492819,5,100
wavelet_16_8,sinusoidal,syndrome,6.0,ber,0.03975000,0.03493744,0.00000000,0.08302007,5,100
wavelet_16_8,sinusoidal,syndrome,6.0,frame_error_rate,0.05200000,0.03834058,0.00451514,0.09948486,5,100
wavelet_16_8,sinusoidal,syndrome,6.0,failure_rate,0.03000000,0.02915476,0.00000000,0.06610821,5,100
wavelet_16_8,sinusoidal,syndrome,6.0,miscorrection_rate,0.02200000,0.01788854,0.00000000,0.04415498,5,100
wavelet_16_8,sinusoidal,syndrome,6.0,conditional_miscorrection_rate,0.02282808,0.01851449,0.00000000,0.04575830,5,100
wavelet_16_8,sinusoidal,syndrome,6.0,ambiguous_rate,0.00000000,0.00000000,0.00000000,0.00000000,5,100
wavelet_16_8,sinusoidal,syndrome,6.0,average_decoding_time_ms,0.02237220,0.00075191,0.02144096,0.02330344,5,100
wavelet_16_8,sinusoidal,chase,0.0,ber,0.14075000,0.00401170,0.13578150,0.14571850,5,100
wavelet_16_8,sinusoidal,chase,0.0,frame_error_rate,0.29000000,0.00707107,0.28124247,0.29875753,5,100
wavelet_16_8,sinusoidal,chase,0.0,failure_rate,0.00000000,0.00000000,0.00000000,0.00000000,5,100
wavelet_16_8,sinusoidal,chase,0.0,miscorrection_rate,0.29000000,0.00707107,0.28124247,0.29875753,5,100
wavelet_16_8,sinusoidal,chase,0.0,conditional_miscorrection_rate,0.29000000,0.00707107,0.28124247,0.29875753,5,100
wavelet_16_8,sinusoidal,chase,0.0,ambiguous_rate,0.00000000,0.00000000,0.00000000,0.00000000,5,100
wavelet_16_8,sinusoidal,chase,0.0,average_decoding_time_ms,0.16111600,0.00615280,0.15349575,0.16873625,5,100
wavelet_16_8,sinusoidal,chase,1.0,ber,0.08550000,0.01857418,0.06249586,0.10850414,5,100
wavelet_16_8,sinusoidal,chase,1.0,frame_error_rate,0.18600000,0.02880972,0.15031912,0.22168088,5,100
wavelet_16_8,sinusoidal,chase,1.0,failure_rate,0.00000000,0.00000000,0.00000000,0.00000000,5,100
wavelet_16_8,sinusoidal,chase,1.0,miscorrection_rate,0.18600000,0.02880972,0.15031912,0.22168088,5,100
wavelet_16_8,sinusoidal,chase,1.0,conditional_miscorrection_rate,0.18600000,0.02880972,0.15031912,0.22168088,5,100
wavelet_16_8,sinusoidal,chase,1.0,ambiguous_rate,0.00000000,0.00000000,0.00000000,0.00000000,5,100
wavelet_16_8,sinusoidal,chase,1.0,average_decoding_time_ms,0.16783420,0.00749541,0.15855112,0.17711728,5,100
wavelet_16_8,sinusoidal,chase,2.0,ber,0.05300000,0.01806239,0.03062970,0.07537030,5,100
wavelet_16_8,sinusoidal,chase,2.0,frame_error_rate,0.11200000,0.03271085,0.07148756,0.15251244,5,100
wavelet_16_8,sinusoidal,chase,2.0,failure_rate,0.00000000,0.00000000,0.00000000,0.00000000,5,100
wavelet_16_8,sinusoidal,chase,2.0,miscorrection_rate,0.11200000,0.03271085,0.07148756,0.15251244,5,100
wavelet_16_8,sinusoidal,chase,2.0,conditional_miscorrection_rate,0.11200000,0.03271085,0.07148756,0.15251244,5,100
wavelet_16_8,sinusoidal,chase,2.0,ambiguous_rate,0.00000000,0.00000000,0.00000000,0.00000000,5,100
wavelet_16_8,sinusoidal,chase,2.0,average_decoding_time_ms,0.17421320,0.01500952,0.15562389,0.19280251,5,100
wavelet_16_8,sinusoidal,chase,3.0,ber,0.03600000,0.01794958,0.01376942,0.05823058,5,100
wavelet_16_8,sinusoidal,chase,3.0,frame_error_rate,0.07000000,0.02915476,0.03389179,0.10610821,5,100
wavelet_16_8,sinusoidal,chase,3.0,failure_rate,0.00000000,0.00000000,0.00000000,0.00000000,5,100
wavelet_16_8,sinusoidal,chase,3.0,miscorrection_rate,0.07000000,0.02915476,0.03389179,0.10610821,5,100
wavelet_16_8,sinusoidal,chase,3.0,conditional_miscorrection_rate,0.07000000,0.02915476,0.03389179,0.10610821,5,100
wavelet_16_8,sinusoidal,chase,3.0,ambiguous_rate,0.00000000,0.00000000,0.00000000,0.00000000,5,100
wavelet_16_8,sinusoidal,chase,3.0,average_decoding_time_ms,0.17048060,0.01188004,0.15576715,0.18519405,5,100
wavelet_16_8,sinusoidal,chase,4.0,ber,0.01850000,0.01157179,0.00416833,0.03283167,5,100
wavelet_16_8,sinusoidal,chase,4.0,frame_error_rate,0.03600000,0.01673320,0.01527591,0.05672409,5,100
wavelet_16_8,sinusoidal,chase,4.0,failure_rate,0.00000000,0.00000000,0.00000000,0.00000000,5,100
wavelet_16_8,sinusoidal,chase,4.0,miscorrection_rate,0.03600000,0.01673320,0.01527591,0.05672409,5,100
wavelet_16_8,sinusoidal,chase,4.0,conditional_miscorrection_rate,0.03600000,0.01673320,0.01527591,0.05672409,5,100
wavelet_16_8,sinusoidal,chase,4.0,ambiguous_rate,0.00000000,0.00000000,0.00000000,0.00000000,5,100
wavelet_16_8,sinusoidal,chase,4.0,average_decoding_time_ms,0.17960600,0.02558637,0.14791725,0.21129475,5,100
wavelet_16_8,sinusoidal,chase,5.0,ber,0.00800000,0.00616188,0.00036851,0.01563149,5,100
wavelet_16_8,sinusoidal,chase,5.0,frame_error_rate,0.01600000,0.01140175,0.00187891,0.03012109,5,100
wavelet_16_8,sinusoidal,chase,5.0,failure_rate,0.00000000,0.00000000,0.00000000,0.00000000,5,100
wavelet_16_8,sinusoidal,chase,5.0,miscorrection_rate,0.01600000,0.01140175,0.00187891,0.03012109,5,100
wavelet_16_8,sinusoidal,chase,5.0,conditional_miscorrection_rate,0.01600000,0.01140175,0.00187891,0.03012109,5,100
wavelet_16_8,sinusoidal,chase,5.0,ambiguous_rate,0.00000000,0.00000000,0.00000000,0.00000000,5,100
wavelet_16_8,sinusoidal,chase,5.0,average_decoding_time_ms,0.17000500,0.00791736,0.16019934,0.17981066,5,100
wavelet_16_8,sinusoidal,chase,6.0,ber,0.00275000,0.00379144,0.00000000,0.00744570,5,100
wavelet_16_8,sinusoidal,chase,6.0,frame_error_rate,0.00400000,0.00547723,0.00000000,0.01078355,5,100
wavelet_16_8,sinusoidal,chase,6.0,failure_rate,0.00000000,0.00000000,0.00000000,0.00000000,5,100
wavelet_16_8,sinusoidal,chase,6.0,miscorrection_rate,0.00400000,0.00547723,0.00000000,0.01078355,5,100
wavelet_16_8,sinusoidal,chase,6.0,conditional_miscorrection_rate,0.00400000,0.00547723,0.00000000,0.01078355,5,100
wavelet_16_8,sinusoidal,chase,6.0,ambiguous_rate,0.00000000,0.00000000,0.00000000,0.00000000,5,100
wavelet_16_8,sinusoidal,chase,6.0,average_decoding_time_ms,0.17265920,0.00567376,0.16563224,0.17968616,5,100
wavelet_16_8,sinusoidal,hard_mld,0.0,ber,0.22650000,0.01173936,0.21196079,0.24103921,5,100
wavelet_16_8,sinusoidal,hard_mld,0.0,frame_error_rate,0.46600000,0.02302173,0.43748756,0.49451244,5,100
wavelet_16_8,sinusoidal,hard_mld,0.0,failure_rate,0.00000000,0.00000000,0.00000000,0.00000000,5,100
wavelet_16_8,sinusoidal,hard_mld,0.0,miscorrection_rate,0.46600000,0.02302173,0.43748756,0.49451244,5,100
wavelet_16_8,sinusoidal,hard_mld,0.0,conditional_miscorrection_rate,0.46600000,0.02302173,0.43748756,0.49451244,5,100
wavelet_16_8,sinusoidal,hard_mld,0.0,ambiguous_rate,0.28800000,0.04438468,0.23302951,0.34297049,5,100
wavelet_16_8,sinusoidal,hard_mld,0.0,average_decoding_time_ms,0.01162240,0.00243757,0.00860347,0.01464133,5,100
wavelet_16_8,sinusoidal,hard_mld,1.0,ber,0.17550000,0.02743743,0.14151871,0.20948129,5,100
wavelet_16_8,sinusoidal,hard_mld,1.0,frame_error_rate,0.35800000,0.04494441,0.30233629,0.41366371,5,100
wavelet_16_8,sinusoidal,hard_mld,1.0,failure_rate,0.00000000,0.00000000,0.00000000,0.00000000,5,100
wavelet_16_8,sinusoidal,hard_mld,1.0,miscorrection_rate,0.35800000,0.04494441,0.30233629,0.41366371,5,100
wavelet_16_8,sinusoidal,hard_mld,1.0,conditional_miscorrection_rate,0.35800000,0.04494441,0.30233629,0.41366371,5,100
wavelet_16_8,sinusoidal,hard_mld,1.0,ambiguous_rate,0.23400000,0.04722288,0.17551441,0.29248559,5,100
wavelet_16_8,sinusoidal,hard_mld,1.0,average_decoding_time_ms,0.01301100,0.00219237,0.01029575,0.01572625,5,100
wavelet_16_8,sinusoidal,hard_mld,2.0,ber,0.14125000,0.02316719,0.11255740,0.16994260,5,100
wavelet_16_8,sinusoidal,hard_mld,2.0,frame_error_rate,0.28400000,0.04159327,0.23248668,0.33551332,5,100
wavelet_16_8,sinusoidal,hard_mld,2.0,failure_rate,0.00000000,0.00000000,0.00000000,0.00000000,5,100
wavelet_16_8,sinusoidal,hard_mld,2.0,miscorrection_rate,0.28400000,0.04159327,0.23248668,0.33551332,5,100
wavelet_16_8,sinusoidal,hard_mld,2.0,conditional_miscorrection_rate,0.28400000,0.04159327,0.23248668,0.33551332,5,100
wavelet_16_8,sinusoidal,hard_mld,2.0,ambiguous_rate,0.19000000,0.04949747,0.12869731,0.25130269,5,100
wavelet_16_8,sinusoidal,hard_mld,2.0,average_decoding_time_ms,0.01237760,0.00118593,0.01090883,0.01384637,5,100
wavelet_16_8,sinusoidal,hard_mld,3.0,ber,0.09800000,0.01872081,0.07481425,0.12118575,5,100
wavelet_16_8,sinusoidal,hard_mld,3.0,frame_error_rate,0.19400000,0.03577709,0.14969003,0.23830997,5,100
wavelet_16_8,sinusoidal,hard_mld,3.0,failure_rate,0.00000000,0.00000000,0.00000000,0.00000000,5,100
wavelet_16_8,sinusoidal,hard_mld,3.0,miscorrection_rate,0.19400000,0.03577709,0.14969003,0.23830997,5,100
wavelet_16_8,sinusoidal,hard_mld,3.0,conditional_miscorrection_rate,0.19400000,0.03577709,0.14969003,0.23830997,5,100
wavelet_16_8,sinusoidal,hard_mld,3.0,ambiguous_rate,0.13200000,0.04147288,0.08063578,0.18336422,5,100
wavelet_16_8,sinusoidal,hard_mld,3.0,average_decoding_time_ms,0.01205100,0.00092242,0.01090858,0.01319342,5,100
wavelet_16_8,sinusoidal,hard_mld,4.0,ber,0.06950000,0.02245829,0.04168537,0.09731463,5,100
wavelet_16_8,sinusoidal,hard_mld,4.0,frame_error_rate,0.14200000,0.03563706,0.09786346,0.18613654,5,100
wavelet_16_8,sinusoidal,hard_mld,4.0,failure_rate,0.00000000,0.00000000,0.00000000,0.00000000,5,100
wavelet_16_8,sinusoidal,hard_mld,4.0,miscorrection_rate,0.14200000,0.03563706,0.09786346,0.18613654,5,100
wavelet_16_8,sinusoidal,hard_mld,4.0,conditional_miscorrection_rate,0.14200000,0.03563706,0.09786346,0.18613654,5,100
wavelet_16_8,sinusoidal,hard_mld,4.0,ambiguous_rate,0.08800000,0.03492850,0.04474101,0.13125899,5,100
wavelet_16_8,sinusoidal,hard_mld,4.0,average_decoding_time_ms,0.01159020,0.00038349,0.01111525,0.01206515,5,100
wavelet_16_8,sinusoidal,hard_mld,5.0,ber,0.04150000,0.02138560,0.01501391,0.06798609,5,100
wavelet_16_8,sinusoidal,hard_mld,5.0,frame_error_rate,0.09000000,0.04062019,0.03969184,0.14030816,5,100
wavelet_16_8,sinusoidal,hard_mld,5.0,failure_rate,0.00000000,0.00000000,0.00000000,0.00000000,5,100
wavelet_16_8,sinusoidal,hard_mld,5.0,miscorrection_rate,0.09000000,0.04062019,0.03969184,0.14030816,5,100
wavelet_16_8,sinusoidal,hard_mld,5.0,conditional_miscorrection_rate,0.09000000,0.04062019,0.03969184,0.14030816,5,100
wavelet_16_8,sinusoidal,hard_mld,5.0,ambiguous_rate,0.04400000,0.03361547,0.00236719,0.08563281,5,100
wavelet_16_8,sinusoidal,hard_mld,5.0,average_decoding_time_ms,0.01182820,0.00068107,0.01098469,0.01267171,5,100
wavelet_16_8,sinusoidal,hard_mld,6.0,ber,0.02200000,0.01542624,0.00289459,0.04110541,5,100
wavelet_16_8,sinusoidal,hard_mld,6.0,frame_error_rate,0.04800000,0.03346640,0.00655182,0.08944818,5,100
wavelet_16_8,sinusoidal,hard_mld,6.0,failure_rate,0.00000000,0.00000000,0.00000000,0.00000000,5,100
wavelet_16_8,sinusoidal,hard_mld,6.0,miscorrection_rate,0.04800000,0.03346640,0.00655182,0.08944818,5,100
wavelet_16_8,sinusoidal,hard_mld,6.0,conditional_miscorrection_rate,0.04800000,0.03346640,0.00655182,0.08944818,5,100
wavelet_16_8,sinusoidal,hard_mld,6.0,ambiguous_rate,0.03000000,0.02915476,0.00000000,0.06610821,5,100
wavelet_16_8,sinusoidal,hard_mld,6.0,average_decoding_time_ms,0.01334360,0.00195206,0.01092597,0.01576123,5,100
wavelet_16_8,sinusoidal,soft_mld,0.0,ber,0.14400000,0.00692595,0.13542220,0.15257780,5,100
wavelet_16_8,sinusoidal,soft_mld,0.0,frame_error_rate,0.29600000,0.00547723,0.28921645,0.30278355,5,100
wavelet_16_8,sinusoidal,soft_mld,0.0,failure_rate,0.00000000,0.00000000,0.00000000,0.00000000,5,100
wavelet_16_8,sinusoidal,soft_mld,0.0,miscorrection_rate,0.29600000,0.00547723,0.28921645,0.30278355,5,100
wavelet_16_8,sinusoidal,soft_mld,0.0,conditional_miscorrection_rate,0.29600000,0.00547723,0.28921645,0.30278355,5,100
wavelet_16_8,sinusoidal,soft_mld,0.0,ambiguous_rate,0.00000000,0.00000000,0.00000000,0.00000000,5,100
wavelet_16_8,sinusoidal,soft_mld,0.0,average_decoding_time_ms,0.00360160,0.00094814,0.00242732,0.00477588,5,100
wavelet_16_8,sinusoidal,soft_mld,1.0,ber,0.08675000,0.01692354,0.06579017,0.10770983,5,100
wavelet_16_8,sinusoidal,soft_mld,1.0,frame_error_rate,0.18800000,0.02387467,0.15843119,0.21756881,5,100
wavelet_16_8,sinusoidal,soft_mld,1.0,failure_rate,0.00000000,0.00000000,0.00000000,0.00000000,5,100
wavelet_16_8,sinusoidal,soft_mld,1.0,miscorrection_rate,0.18800000,0.02387467,0.15843119,0.21756881,5,100
wavelet_16_8,sinusoidal,soft_mld,1.0,conditional_miscorrection_rate,0.18800000,0.02387467,0.15843119,0.21756881,5,100
wavelet_16_8,sinusoidal,soft_mld,1.0,ambiguous_rate,0.00000000,0.00000000,0.00000000,0.00000000,5,100
wavelet_16_8,sinusoidal,soft_mld,1.0,average_decoding_time_ms,0.00407620,0.00058050,0.00335725,0.00479515,5,100
wavelet_16_8,sinusoidal,soft_mld,2.0,ber,0.05300000,0.02424807,0.02296874,0.08303126,5,100
wavelet_16_8,sinusoidal,soft_mld,2.0,frame_error_rate,0.11200000,0.04147288,0.06063578,0.16336422,5,100
wavelet_16_8,sinusoidal,soft_mld,2.0,failure_rate,0.00000000,0.00000000,0.00000000,0.00000000,5,100
wavelet_16_8,sinusoidal,soft_mld,2.0,miscorrection_rate,0.11200000,0.04147288,0.06063578,0.16336422,5,100
wavelet_16_8,sinusoidal,soft_mld,2.0,conditional_miscorrection_rate,0.11200000,0.04147288,0.06063578,0.16336422,5,100
wavelet_16_8,sinusoidal,soft_mld,2.0,ambiguous_rate,0.00000000,0.00000000,0.00000000,0.00000000,5,100
wavelet_16_8,sinusoidal,soft_mld,2.0,average_decoding_time_ms,0.00479280,0.00134883,0.00312227,0.00646333,5,100
wavelet_16_8,sinusoidal,soft_mld,3.0,ber,0.03850000,0.02312331,0.00986175,0.06713825,5,100
wavelet_16_8,sinusoidal,soft_mld,3.0,frame_error_rate,0.07400000,0.03646917,0.02883289,0.11916711,5,100
wavelet_16_8,sinusoidal,soft_mld,3.0,failure_rate,0.00000000,0.00000000,0.00000000,0.00000000,5,100
wavelet_16_8,sinusoidal,soft_mld,3.0,miscorrection_rate,0.07400000,0.03646917,0.02883289,0.11916711,5,100
wavelet_16_8,sinusoidal,soft_mld,3.0,conditional_miscorrection_rate,0.07400000,0.03646917,0.02883289,0.11916711,5,100
wavelet_16_8,sinusoidal,soft_mld,3.0,ambiguous_rate,0.00000000,0.00000000,0.00000000,0.00000000,5,100
wavelet_16_8,sinusoidal,soft_mld,3.0,average_decoding_time_ms,0.00382880,0.00056776,0.00312563,0.00453197,5,100
wavelet_16_8,sinusoidal,soft_mld,4.0,ber,0.01850000,0.01157179,0.00416833,0.03283167,5,100
wavelet_16_8,sinusoidal,soft_mld,4.0,frame_error_rate,0.03600000,0.01673320,0.01527591,0.05672409,5,100
wavelet_16_8,sinusoidal,soft_mld,4.0,failure_rate,0.00000000,0.00000000,0.00000000,0.00000000,5,100
wavelet_16_8,sinusoidal,soft_mld,4.0,miscorrection_rate,0.03600000,0.01673320,0.01527591,0.05672409,5,100
wavelet_16_8,sinusoidal,soft_mld,4.0,conditional_miscorrection_rate,0.03600000,0.01673320,0.01527591,0.05672409,5,100
wavelet_16_8,sinusoidal,soft_mld,4.0,ambiguous_rate,0.00000000,0.00000000,0.00000000,0.00000000,5,100
wavelet_16_8,sinusoidal,soft_mld,4.0,average_decoding_time_ms,0.00459280,0.00169012,0.00249958,0.00668602,5,100
wavelet_16_8,sinusoidal,soft_mld,5.0,ber,0.00800000,0.00616188,0.00036851,0.01563149,5,100
wavelet_16_8,sinusoidal,soft_mld,5.0,frame_error_rate,0.01600000,0.01140175,0.00187891,0.03012109,5,100
wavelet_16_8,sinusoidal,soft_mld,5.0,failure_rate,0.00000000,0.00000000,0.00000000,0.00000000,5,100
wavelet_16_8,sinusoidal,soft_mld,5.0,miscorrection_rate,0.01600000,0.01140175,0.00187891,0.03012109,5,100
wavelet_16_8,sinusoidal,soft_mld,5.0,conditional_miscorrection_rate,0.01600000,0.01140175,0.00187891,0.03012109,5,100
wavelet_16_8,sinusoidal,soft_mld,5.0,ambiguous_rate,0.00000000,0.00000000,0.00000000,0.00000000,5,100
wavelet_16_8,sinusoidal,soft_mld,5.0,average_decoding_time_ms,0.00365760,0.00024570,0.00335330,0.00396190,5,100
wavelet_16_8,sinusoidal,soft_mld,6.0,ber,0.00225000,0.00335410,0.00000000,0.00640406,5,100
wavelet_16_8,sinusoidal,soft_mld,6.0,frame_error_rate,0.00400000,0.00547723,0.00000000,0.01078355,5,100
wavelet_16_8,sinusoidal,soft_mld,6.0,failure_rate,0.00000000,0.00000000,0.00000000,0.00000000,5,100
wavelet_16_8,sinusoidal,soft_mld,6.0,miscorrection_rate,0.00400000,0.00547723,0.00000000,0.01078355,5,100
wavelet_16_8,sinusoidal,soft_mld,6.0,conditional_miscorrection_rate,0.00400000,0.00547723,0.00000000,0.01078355,5,100
wavelet_16_8,sinusoidal,soft_mld,6.0,ambiguous_rate,0.00000000,0.00000000,0.00000000,0.00000000,5,100
wavelet_16_8,sinusoidal,soft_mld,6.0,average_decoding_time_ms,0.00382600,0.00019915,0.00357935,0.00407265,5,100
bch_derived_16_8,rayleigh_awgn,syndrome,0.0,ber,0.47900000,0.04573531,0.42235676,0.53564324,5,100
bch_derived_16_8,rayleigh_awgn,syndrome,0.0,frame_error_rate,0.69000000,0.03937004,0.64124015,0.73875985,5,100
bch_derived_16_8,rayleigh_awgn,syndrome,0.0,failure_rate,0.37200000,0.05215362,0.30740767,0.43659233,5,100
bch_derived_16_8,rayleigh_awgn,syndrome,0.0,miscorrection_rate,0.31800000,0.03271085,0.27748756,0.35851244,5,100
bch_derived_16_8,rayleigh_awgn,syndrome,0.0,conditional_miscorrection_rate,0.50680147,0.03829314,0.45937537,0.55422757,5,100
bch_derived_16_8,rayleigh_awgn,syndrome,0.0,ambiguous_rate,0.00000000,0.00000000,0.00000000,0.00000000,5,100
bch_derived_16_8,rayleigh_awgn,syndrome,0.0,average_decoding_time_ms,0.01684780,0.00049918,0.01622956,0.01746604,5,100
bch_derived_16_8,rayleigh_awgn,syndrome,1.0,ber,0.43000000,0.03896112,0.38174660,0.47825340,5,100
bch_derived_16_8,rayleigh_awgn,syndrome,1.0,frame_error_rate,0.60000000,0.03674235,0.55449456,0.64550544,5,100
bch_derived_16_8,rayleigh_awgn,syndrome,1.0,failure_rate,0.33800000,0.04604346,0.28097512,0.39502488,5,100
bch_derived_16_8,rayleigh_awgn,syndrome,1.0,miscorrection_rate,0.26200000,0.02280351,0.23375782,0.29024218,5,100
bch_derived_16_8,rayleigh_awgn,syndrome,1.0,conditional_miscorrection_rate,0.39606997,0.02781390,0.36162242,0.43051753,5,100
bch_derived_16_8,rayleigh_awgn,syndrome,1.0,ambiguous_rate,0.00000000,0.00000000,0.00000000,0.00000000,5,100
bch_derived_16_8,rayleigh_awgn,syndrome,1.0,average_decoding_time_ms,0.01657620,0.00037320,0.01611400,0.01703840,5,100
bch_derived_16_8,rayleigh_awgn,syndrome,2.0,ber,0.38525000,0.02729183,0.35144904,0.41905096,5,100
bch_derived_16_8,rayleigh_awgn,syndrome,2.0,frame_error_rate,0.52600000,0.04722288,0.46751441,0.58448559,5,100
bch_derived_16_8,rayleigh_awgn,syndrome,2.0,failure_rate,0.30600000,0.02701851,0.27253754,0.33946246,5,100
bch_derived_16_8,rayleigh_awgn,syndrome,2.0,miscorrection_rate,0.22000000,0.03000000,0.18284496,0.25715504,5,100
bch_derived_16_8,rayleigh_awgn,syndrome,2.0,conditional_miscorrection_rate,0.31783161,0.04803617,0.25833875,0.37732447,5,100
bch_derived_16_8,rayleigh_awgn,syndrome,2.0,ambiguous_rate,0.00000000,0.00000000,0.00000000,0.00000000,5,100
bch_derived_16_8,rayleigh_awgn,syndrome,2.0,average_decoding_time_ms,0.01746240,0.00318092,0.01352283,0.02140197,5,100
bch_derived_16_8,rayleigh_awgn,syndrome,3.0,ber,0.32450000,0.02801506,0.28980331,0.35919669,5,100
bch_derived_16_8,rayleigh_awgn,syndrome,3.0,frame_error_rate,0.45200000,0.04764452,0.39299220,0.51100780,5,100
bch_derived_16_8,rayleigh_awgn,syndrome,3.0,failure_rate,0.25200000,0.02949576,0.21546946,0.28853054,5,100
bch_derived_16_8,rayleigh_awgn,syndrome,3.0,miscorrection_rate,0.20000000,0.02236068,0.17230627,0.22769373,5,100
bch_derived_16_8,rayleigh_awgn,syndrome,3.0,conditional_miscorrection_rate,0.26833800,0.03722362,0.22223650,0.31443950,5,100
bch_derived_16_8,rayleigh_awgn,syndrome,3.0,ambiguous_rate,0.00000000,0.00000000,0.00000000,0.00000000,5,100
bch_derived_16_8,rayleigh_awgn,syndrome,3.0,average_decoding_time_ms,0.01681760,0.00115074,0.01539240,0.01824280,5,100
bch_derived_16_8,rayleigh_awgn,syndrome,4.0,ber,0.24875000,0.04977292,0.18710617,0.31039383,5,100
bch_derived_16_8,rayleigh_awgn,syndrome,4.0,frame_error_rate,0.34800000,0.05630275,0.27826897,0.41773103,5,100
bch_derived_16_8,rayleigh_awgn,syndrome,4.0,failure_rate,0.19400000,0.05594640,0.12471031,0.26328969,5,100
bch_derived_16_8,rayleigh_awgn,syndrome,4.0,miscorrection_rate,0.15400000,0.00894427,0.14292251,0.16507749,5,100
bch_derived_16_8,rayleigh_awgn,syndrome,4.0,conditional_miscorrection_rate,0.19174222,0.01616156,0.17172611,0.21175834,5,100
bch_derived_16_8,rayleigh_awgn,syndrome,4.0,ambiguous_rate,0.00000000,0.00000000,0.00000000,0.00000000,5,100
bch_derived_16_8,rayleigh_awgn,syndrome,4.0,average_decoding_time_ms,0.01766240,0.00116572,0.01621866,0.01910615,5,100
bch_derived_16_8,rayleigh_awgn,syndrome,5.0,ber,0.18825000,0.02882599,0.15254898,0.22395102,5,100
bch_derived_16_8,rayleigh_awgn,syndrome,5.0,frame_error_rate,0.26000000,0.03674235,0.21449456,0.30550544,5,100
bch_derived_16_8,rayleigh_awgn,syndrome,5.0,failure_rate,0.15000000,0.02915476,0.11389179,0.18610821,5,100
bch_derived_16_8,rayleigh_awgn,syndrome,5.0,miscorrection_rate,0.11000000,0.01414214,0.09248495,0.12751505,5,100
bch_derived_16_8,rayleigh_awgn,syndrome,5.0,conditional_miscorrection_rate,0.12968873,0.01871322,0.10651238,0.15286507,5,100
bch_derived_16_8,rayleigh_awgn,syndrome,5.0,ambiguous_rate,0.00000000,0.00000000,0.00000000,0.00000000,5,100
bch_derived_16_8,rayleigh_awgn,syndrome,5.0,average_decoding_time_ms,0.01725700,0.00099938,0.01601927,0.01849473,5,100
bch_derived_16_8,rayleigh_awgn,syndrome,6.0,ber,0.14500000,0.04291161,0.09185392,0.19814608,5,100
bch_derived_16_8,rayleigh_awgn,syndrome,6.0,frame_error_rate,0.19800000,0.05357238,0.13165054,0.26434946,5,100
bch_derived_16_8,rayleigh_awgn,syndrome,6.0,failure_rate,0.12000000,0.03674235,0.07449456,0.16550544,5,100
bch_derived_16_8,rayleigh_awgn,syndrome,6.0,miscorrection_rate,0.07800000,0.01788854,0.05584502,0.10015498,5,100
bch_derived_16_8,rayleigh_awgn,syndrome,6.0,conditional_miscorrection_rate,0.08936783,0.02322294,0.06060619,0.11812947,5,100
bch_derived_16_8,rayleigh_awgn,syndrome,6.0,ambiguous_rate,0.00000000,0.00000000,0.00000000,0.00000000,5,100
bch_derived_16_8,rayleigh_awgn,syndrome,6.0,average_decoding_time_ms,0.01733660,0.00108825,0.01598880,0.01868440,5,100
bch_derived_16_8,rayleigh_awgn,chase,0.0,ber,0.16650000,0.01587057,0.14684428,0.18615572,5,100
bch_derived_16_8,rayleigh_awgn,chase,0.0,frame_error_rate,0.45800000,0.04658326,0.40030657,0.51569343,5,100
bch_derived_16_8,rayleigh_awgn,chase,0.0,failure_rate,0.00000000,0.00000000,0.00000000,0.00000000,5,100
bch_derived_16_8,rayleigh_awgn,chase,0.0,miscorrection_rate,0.45800000,0.04658326,0.40030657,0.51569343,5,100
bch_derived_16_8,rayleigh_awgn,chase,0.0,conditional_miscorrection_rate,0.45800000,0.04658326,0.40030657,0.51569343,5,100
bch_derived_16_8,rayleigh_awgn,chase,0.0,ambiguous_rate,0.00000000,0.00000000,0.00000000,0.00000000,5,100
bch_derived_16_8,rayleigh_awgn,chase,0.0,average_decoding_time_ms,0.15746880,0.00791590,0.14766495,0.16727265,5,100
bch_derived_16_8,rayleigh_awgn,chase,1.0,ber,0.13225000,0.02056620,0.10677873,0.15772127,5,100
bch_derived_16_8,rayleigh_awgn,chase,1.0,frame_error_rate,0.36800000,0.05540758,0.29937764,0.43662236,5,100
bch_derived_16_8,rayleigh_awgn,chase,1.0,failure_rate,0.00000000,0.00000000,0.00000000,0.00000000,5,100
bch_derived_16_8,rayleigh_awgn,chase,1.0,miscorrection_rate,0.36800000,0.05540758,0.29937764,0.43662236,5,100
bch_derived_16_8,rayleigh_awgn,chase,1.0,conditional_miscorrection_rate,0.36800000,0.05540758,0.29937764,0.43662236,5,100
bch_derived_16_8,rayleigh_awgn,chase,1.0,ambiguous_rate,0.00000000,0.00000000,0.00000000,0.00000000,5,100
bch_derived_16_8,rayleigh_awgn,chase,1.0,average_decoding_time_ms,0.15704880,0.00663105,0.14883624,0.16526136,5,100
bch_derived_16_8,rayleigh_awgn,chase,2.0,ber,0.09625000,0.01956559,0.07201799,0.12048201,5,100
bch_derived_16_8,rayleigh_awgn,chase,2.0,frame_error_rate,0.27400000,0.04159327,0.22248668,0.32551332,5,100
bch_derived_16_8,rayleigh_awgn,chase,2.0,failure_rate,0.00000000,0.00000000,0.00000000,0.00000000,5,100
bch_derived_16_8,rayleigh_awgn,chase,2.0,miscorrection_rate,0.27400000,0.04159327,0.22248668,0.32551332,5,100
bch_derived_16_8,rayleigh_awgn,chase,2.0,conditional_miscorrection_rate,0.27400000,0.04159327,0.22248668,0.32551332,5,100
bch_derived_16_8,rayleigh_awgn,chase,2.0,ambiguous_rate,0.00000000,0.00000000,0.00000000,0.00000000,5,100
bch_derived_16_8,rayleigh_awgn,chase,2.0,average_decoding_time_ms,0.15834900,0.00880373,0.14744557,0.16925243,5,100
bch_derived_16_8,rayleigh_awgn,chase,3.0,ber,0.06650000,0.01412555,0.04900548,0.08399452,5,100
bch_derived_16_8,rayleigh_awgn,chase,3.0,frame_error_rate,0.18600000,0.03049590,0.14823079,0.22376921,5,100
bch_derived_16_8,rayleigh_awgn,chase,3.0,failure_rate,0.00000000,0.00000000,0.00000000,0.00000000,5,100
bch_derived_16_8,rayleigh_awgn,chase,3.0,miscorrection_rate,0.18600000,0.03049590,0.14823079,0.22376921,5,100
bch_derived_16_8,rayleigh_awgn,chase,3.0,conditional_miscorrection_rate,0.18600000,0.03049590,0.14823079,0.22376921,5,100
bch_derived_16_8,rayleigh_awgn,chase,3.0,ambiguous_rate,0.00000000,0.00000000,0.00000000,0.00000000,5,100
bch_derived_16_8,rayleigh_awgn,chase,3.0,average_decoding_time_ms,0.16009300,0.00711274,0.15128386,0.16890214,5,100
bch_derived_16_8,rayleigh_awgn,chase,4.0,ber,0.03975000,0.01464155,0.02161642,0.05788358,5,100
bch_derived_16_8,rayleigh_awgn,chase,4.0,frame_error_rate,0.11400000,0.03911521,0.06555576,0.16244424,5,100
bch_derived_16_8,rayleigh_awgn,chase,4.0,failure_rate,0.00000000,0.00000000,0.00000000,0.00000000,5,100
bch_derived_16_8,rayleigh_awgn,chase,4.0,miscorrection_rate,0.11400000,0.03911521,0.06555576,0.16244424,5,100
bch_derived_16_8,rayleigh_awgn,chase,4.0,conditional_miscorrection_rate,0.11400000,0.03911521,0.06555576,0.16244424,5,100
bch_derived_16_8,rayleigh_awgn,chase,4.0,ambiguous_rate,0.00000000,0.00000000,0.00000000,0.00000000,5,100
bch_derived_16_8,rayleigh_awgn,chase,4.0,average_decoding_time_ms,0.15971940,0.00404846,0.15470538,0.16473342,5,100
bch_derived_16_8,rayleigh_awgn,chase,5.0,ber,0.02525000,0.00669655,0.01695632,0.03354368,5,100
bch_derived_16_8,rayleigh_awgn,chase,5.0,frame_error_rate,0.07600000,0.02073644,0.05031789,0.10168211,5,100
bch_derived_16_8,rayleigh_awgn,chase,5.0,failure_rate,0.00000000,0.00000000,0.00000000,0.00000000,5,100
bch_derived_16_8,rayleigh_awgn,chase,5.0,miscorrection_rate,0.07600000,0.02073644,0.05031789,0.10168211,5,100
bch_derived_16_8,rayleigh_awgn,chase,5.0,conditional_miscorrection_rate,0.07600000,0.02073644,0.05031789,0.10168211,5,100
bch_derived_16_8,rayleigh_awgn,chase,5.0,ambiguous_rate,0.00000000,0.00000000,0.00000000,0.00000000,5,100
bch_derived_16_8,rayleigh_awgn,chase,5.0,average_decoding_time_ms,0.16311820,0.00622245,0.15541168,0.17082472,5,100
bch_derived_16_8,rayleigh_awgn,chase,6.0,ber,0.01150000,0.00540544,0.00480536,0.01819464,5,100
bch_derived_16_8,rayleigh_awgn,chase,6.0,frame_error_rate,0.03600000,0.01516575,0.01721720,0.05478280,5,100
bch_derived_16_8,rayleigh_awgn,chase,6.0,failure_rate,0.00000000,0.00000000,0.00000000,0.00000000,5,100
bch_derived_16_8,rayleigh_awgn,chase,6.0,miscorrection_rate,0.03600000,0.01516575,0.01721720,0.05478280,5,100
bch_derived_16_8,rayleigh_awgn,chase,6.0,conditional_miscorrection_rate,0.03600000,0.01516575,0.01721720,0.05478280,5,100
bch_derived_16_8,rayleigh_awgn,chase,6.0,ambiguous_rate,0.00000000,0.00000000,0.00000000,0.00000000,5,100
bch_derived_16_8,rayleigh_awgn,chase,6.0,average_decoding_time_ms,0.16720660,0.00912085,0.15591041,0.17850279,5,100
bch_derived_16_8,rayleigh_awgn,hard_mld,0.0,ber,0.23450000,0.01373863,0.21748469,0.25151531,5,100
bch_derived_16_8,rayleigh_awgn,hard_mld,0.0,frame_error_rate,0.64200000,0.02774887,0.60763298,0.67636702,5,100
bch_derived_16_8,rayleigh_awgn,hard_mld,0.0,failure_rate,0.00000000,0.00000000,0.00000000,0.00000000,5,100
bch_derived_16_8,rayleigh_awgn,hard_mld,0.0,miscorrection_rate,0.64200000,0.02774887,0.60763298,0.67636702,5,100
bch_derived_16_8,rayleigh_awgn,hard_mld,0.0,conditional_miscorrection_rate,0.64200000,0.02774887,0.60763298,0.67636702,5,100
bch_derived_16_8,rayleigh_awgn,hard_mld,0.0,ambiguous_rate,0.37200000,0.05215362,0.30740767,0.43659233,5,100
bch_derived_16_8,rayleigh_awgn,hard_mld,0.0,average_decoding_time_ms,0.01303220,0.00182970,0.01076612,0.01529828,5,100
bch_derived_16_8,rayleigh_awgn,hard_mld,1.0,ber,0.19825000,0.00822534,0.18806290,0.20843710,5,100
bch_derived_16_8,rayleigh_awgn,hard_mld,1.0,frame_error_rate,0.54400000,0.04219005,0.49174757,0.59625243,5,100
bch_derived_16_8,rayleigh_awgn,hard_mld,1.0,failure_rate,0.00000000,0.00000000,0.00000000,0.00000000,5,100
bch_derived_16_8,rayleigh_awgn,hard_mld,1.0,miscorrection_rate,0.54400000,0.04219005,0.49174757,0.59625243,5,100
bch_derived_16_8,rayleigh_awgn,hard_mld,1.0,conditional_miscorrection_rate,0.54400000,0.04219005,0.49174757,0.59625243,5,100
bch_derived_16_8,rayleigh_awgn,hard_mld,1.0,ambiguous_rate,0.33800000,0.04604346,0.28097512,0.39502488,5,100
bch_derived_16_8,rayleigh_awgn,hard_mld,1.0,average_decoding_time_ms,0.01232640,0.00130228,0.01071352,0.01393928,5,100
bch_derived_16_8,rayleigh_awgn,hard_mld,2.0,ber,0.16800000,0.01297835,0.15192630,0.18407370,5,100
bch_derived_16_8,rayleigh_awgn,hard_mld,2.0,frame_error_rate,0.46000000,0.05958188,0.38620777,0.53379223,5,100
bch_derived_16_8,rayleigh_awgn,hard_mld,2.0,failure_rate,0.00000000,0.00000000,0.00000000,0.00000000,5,100
bch_derived_16_8,rayleigh_awgn,hard_mld,2.0,miscorrection_rate,0.46000000,0.05958188,0.38620777,0.53379223,5,100
bch_derived_16_8,rayleigh_awgn,hard_mld,2.0,conditional_miscorrection_rate,0.46000000,0.05958188,0.38620777,0.53379223,5,100
bch_derived_16_8,rayleigh_awgn,hard_mld,2.0,ambiguous_rate,0.30600000,0.02701851,0.27253754,0.33946246,5,100
bch_derived_16_8,rayleigh_awgn,hard_mld,2.0,average_decoding_time_ms,0.01190480,0.00084089,0.01086335,0.01294625,5,100
bch_derived_16_8,rayleigh_awgn,hard_mld,3.0,ber,0.14500000,0.00579601,0.13782163,0.15217837,5,100
bch_derived_16_8,rayleigh_awgn,hard_mld,3.0,frame_error_rate,0.39800000,0.04086563,0.34738786,0.44861214,5,100
bch_derived_16_8,rayleigh_awgn,hard_mld,3.0,failure_rate,0.00000000,0.00000000,0.00000000,0.00000000,5,100
bch_derived_16_8,rayleigh_awgn,hard_mld,3.0,miscorrection_rate,0.39800000,0.04086563,0.34738786,0.44861214,5,100
bch_derived_16_8,rayleigh_awgn,hard_mld,3.0,conditional_miscorrection_rate,0.39800000,0.04086563,0.34738786,0.44861214,5,100
bch_derived_16_8,rayleigh_awgn,hard_mld,3.0,ambiguous_rate,0.25200000,0.02949576,0.21546946,0.28853054,5,100
bch_derived_16_8,rayleigh_awgn,hard_mld,3.0,average_decoding_time_ms,0.01264900,0.00092478,0.01150366,0.01379434,5,100
bch_derived_16_8,rayleigh_awgn,hard_mld,4.0,ber,0.11175000,0.01088290,0.09827151,0.12522849,5,100
bch_derived_16_8,rayleigh_awgn,hard_mld,4.0,frame_error_rate,0.31000000,0.04301163,0.25673004,0.36326996,5,100
bch_derived_16_8,rayleigh_awgn,hard_mld,4.0,failure_rate,0.00000000,0.00000000,0.00000000,0.00000000,5,100
bch_derived_16_8,rayleigh_awgn,hard_mld,4.0,miscorrection_rate,0.31000000,0.04301163,0.25673004,0.36326996,5,100
bch_derived_16_8,rayleigh_awgn,hard_mld,4.0,conditional_miscorrection_rate,0.31000000,0.04301163,0.25673004,0.36326996,5,100
bch_derived_16_8,rayleigh_awgn,hard_mld,4.0,ambiguous_rate,0.19400000,0.05594640,0.12471031,0.26328969,5,100
bch_derived_16_8,rayleigh_awgn,hard_mld,4.0,average_decoding_time_ms,0.01277180,0.00102542,0.01150182,0.01404178,5,100
bch_derived_16_8,rayleigh_awgn,hard_mld,5.0,ber,0.08525000,0.00782624,0.07555719,0.09494281,5,100
bch_derived_16_8,rayleigh_awgn,hard_mld,5.0,frame_error_rate,0.23600000,0.02880972,0.20031912,0.27168088,5,100
bch_derived_16_8,rayleigh_awgn,hard_mld,5.0,failure_rate,0.00000000,0.00000000,0.00000000,0.00000000,5,100
bch_derived_16_8,rayleigh_awgn,hard_mld,5.0,miscorrection_rate,0.23600000,0.02880972,0.20031912,0.27168088,5,100
bch_derived_16_8,rayleigh_awgn,hard_mld,5.0,conditional_miscorrection_rate,0.23600000,0.02880972,0.20031912,0.27168088,5,100
bch_derived_16_8,rayleigh_awgn,hard_mld,5.0,ambiguous_rate,0.15000000,0.02915476,0.11389179,0.18610821,5,100
bch_derived_16_8,rayleigh_awgn,hard_mld,5.0,average_decoding_time_ms,0.01233680,0.00079305,0.01135460,0.01331900,5,100
bch_derived_16_8,rayleigh_awgn,hard_mld,6.0,ber,0.05725000,0.01594424,0.03750304,0.07699696,5,100
bch_derived_16_8,rayleigh_awgn,hard_mld,6.0,frame_error_rate,0.16600000,0.04827007,0.10621745,0.22578255,5,100
bch_derived_16_8,rayleigh_awgn,hard_mld,6.0,failure_rate,0.00000000,0.00000000,0.00000000,0.00000000,5,100
bch_derived_16_8,rayleigh_awgn,hard_mld,6.0,miscorrection_rate,0.16600000,0.04827007,0.10621745,0.22578255,5,100
bch_derived_16_8,rayleigh_awgn,hard_mld,6.0,conditional_miscorrection_rate,0.16600000,0.04827007,0.10621745,0.22578255,5,100
bch_derived_16_8,rayleigh_awgn,hard_mld,6.0,ambiguous_rate,0.12000000,0.03674235,0.07449456,0.16550544,5,100
bch_derived_16_8,rayleigh_awgn,hard_mld,6.0,average_decoding_time_ms,0.01291620,0.00143301,0.01114142,0.01469098,5,100
bch_derived_16_8,rayleigh_awgn,soft_mld,0.0,ber,0.16750000,0.01992172,0.14282692,0.19217308,5,100
bch_derived_16_8,rayleigh_awgn,soft_mld,0.0,frame_error_rate,0.46200000,0.04919350,0.40107379,0.52292621,5,100
bch_derived_16_8,rayleigh_awgn,soft_mld,0.0,failure_rate,0.00000000,0.00000000,0.00000000,0.00000000,5,100
bch_derived_16_8,rayleigh_awgn,soft_mld,0.0,miscorrection_rate,0.46200000,0.04919350,0.40107379,0.52292621,5,100
bch_derived_16_8,rayleigh_awgn,soft_mld,0.0,conditional_miscorrection_rate,0.46200000,0.04919350,0.40107379,0.52292621,5,100
bch_derived_16_8,rayleigh_awgn,soft_mld,0.0,ambiguous_rate,0.00000000,0.00000000,0.00000000,0.00000000,5,100
bch_derived_16_8,rayleigh_awgn,soft_mld,0.0,average_decoding_time_ms,0.00367440,0.00012361,0.00352130,0.00382750,5,100
bch_derived_16_8,rayleigh_awgn,soft_mld,1.0,ber,0.13250000,0.02373355,0.10310597,0.16189403,5,100
bch_derived_16_8,rayleigh_awgn,soft_mld,1.0,frame_error_rate,0.37000000,0.05612486,0.30048929,0.43951071,5,100
bch_derived_16_8,rayleigh_awgn,soft_mld,1.0,failure_rate,0.00000000,0.00000000,0.00000000,0.00000000,5,100
bch_derived_16_8,rayleigh_awgn,soft_mld,1.0,miscorrection_rate,0.37000000,0.05612486,0.30048929,0.43951071,5,100
bch_derived_16_8,rayleigh_awgn,soft_mld,1.0,conditional_miscorrection_rate,0.37000000,0.05612486,0.30048929,0.43951071,5,100
bch_derived_16_8,rayleigh_awgn,soft_mld,1.0,ambiguous_rate,0.00000000,0.00000000,0.00000000,0.00000000,5,100
bch_derived_16_8,rayleigh_awgn,soft_mld,1.0,average_decoding_time_ms,0.00425800,0.00095758,0.00307204,0.00544396,5,100
bch_derived_16_8,rayleigh_awgn,soft_mld,2.0,ber,0.09550000,0.01726630,0.07411567,0.11688433,5,100
bch_derived_16_8,rayleigh_awgn,soft_mld,2.0,frame_error_rate,0.26800000,0.04024922,0.21815128,0.31784872,5,100
bch_derived_16_8,rayleigh_awgn,soft_mld,2.0,failure_rate,0.00000000,0.00000000,0.00000000,0.00000000,5,100
bch_derived_16_8,rayleigh_awgn,soft_mld,2.0,miscorrection_rate,0.26800000,0.04024922,0.21815128,0.31784872,5,100
bch_derived_16_8,rayleigh_awgn,soft_mld,2.0,conditional_miscorrection_rate,0.26800000,0.04024922,0.21815128,0.31784872,5,100
bch_derived_16_8,rayleigh_awgn,soft_mld,2.0,ambiguous_rate,0.00000000,0.00000000,0.00000000,0.00000000,5,100
bch_derived_16_8,rayleigh_awgn,soft_mld,2.0,average_decoding_time_ms,0.00374420,0.00056616,0.00304301,0.00444539,5,100
bch_derived_16_8,rayleigh_awgn,soft_mld,3.0,ber,0.06625000,0.01389132,0.04904558,0.08345442,5,100
bch_derived_16_8,rayleigh_awgn,soft_mld,3.0,frame_error_rate,0.18400000,0.02880972,0.14831912,0.21968088,5,100
bch_derived_16_8,rayleigh_awgn,soft_mld,3.0,failure_rate,0.00000000,0.00000000,0.00000000,0.00000000,5,100
bch_derived_16_8,rayleigh_awgn,soft_mld,3.0,miscorrection_rate,0.18400000,0.02880972,0.14831912,0.21968088,5,100
bch_derived_16_8,rayleigh_awgn,soft_mld,3.0,conditional_miscorrection_rate,0.18400000,0.02880972,0.14831912,0.21968088,5,100
bch_derived_16_8,rayleigh_awgn,soft_mld,3.0,ambiguous_rate,0.00000000,0.00000000,0.00000000,0.00000000,5,100
bch_derived_16_8,rayleigh_awgn,soft_mld,3.0,average_decoding_time_ms,0.00453700,0.00106654,0.00321609,0.00585791,5,100
bch_derived_16_8,rayleigh_awgn,soft_mld,4.0,ber,0.04200000,0.01429598,0.02429441,0.05970559,5,100
bch_derived_16_8,rayleigh_awgn,soft_mld,4.0,frame_error_rate,0.11800000,0.03420526,0.07563674,0.16036326,5,100
bch_derived_16_8,rayleigh_awgn,soft_mld,4.0,failure_rate,0.00000000,0.00000000,0.00000000,0.00000000,5,100
bch_derived_16_8,rayleigh_awgn,soft_mld,4.0,miscorrection_rate,0.11800000,0.03420526,0.07563674,0.16036326,5,100
bch_derived_16_8,rayleigh_awgn,soft_mld,4.0,conditional_miscorrection_rate,0.11800000,0.03420526,0.07563674,0.16036326,5,100
bch_derived_16_8,rayleigh_awgn,soft_mld,4.0,ambiguous_rate,0.00000000,0.00000000,0.00000000,0.00000000,5,100
bch_derived_16_8,rayleigh_awgn,soft_mld,4.0,average_decoding_time_ms,0.00384580,0.00046324,0.00327207,0.00441953,5,100
bch_derived_16_8,rayleigh_awgn,soft_mld,5.0,ber,0.02425000,0.00732078,0.01518321,0.03331679,5,100
bch_derived_16_8,rayleigh_awgn,soft_mld,5.0,frame_error_rate,0.07600000,0.02509980,0.04491386,0.10708614,5,100
bch_derived_16_8,rayleigh_awgn,soft_mld,5.0,failure_rate,0.00000000,0.00000000,0.00000000,0.00000000,5,100
bch_derived_16_8,rayleigh_awgn,soft_mld,5.0,miscorrection_rate,0.07600000,0.02509980,0.04491386,0.10708614,5,100
bch_derived_16_8,rayleigh_awgn,soft_mld,5.0,conditional_miscorrection_rate,0.07600000,0.02509980,0.04491386,0.10708614,5,100
bch_derived_16_8,rayleigh_awgn,soft_mld,5.0,ambiguous_rate,0.00000000,0.00000000,0.00000000,0.00000000,5,100
bch_derived_16_8,rayleigh_awgn,soft_mld,5.0,average_decoding_time_ms,0.00370540,0.00019603,0.00346262,0.00394818,5,100
bch_derived_16_8,rayleigh_awgn,soft_mld,6.0,ber,0.01150000,0.00540544,0.00480536,0.01819464,5,100
bch_derived_16_8,rayleigh_awgn,soft_mld,6.0,frame_error_rate,0.03600000,0.01516575,0.01721720,0.05478280,5,100
bch_derived_16_8,rayleigh_awgn,soft_mld,6.0,failure_rate,0.00000000,0.00000000,0.00000000,0.00000000,5,100
bch_derived_16_8,rayleigh_awgn,soft_mld,6.0,miscorrection_rate,0.03600000,0.01516575,0.01721720,0.05478280,5,100
bch_derived_16_8,rayleigh_awgn,soft_mld,6.0,conditional_miscorrection_rate,0.03600000,0.01516575,0.01721720,0.05478280,5,100
bch_derived_16_8,rayleigh_awgn,soft_mld,6.0,ambiguous_rate,0.00000000,0.00000000,0.00000000,0.00000000,5,100
bch_derived_16_8,rayleigh_awgn,soft_mld,6.0,average_decoding_time_ms,0.00463000,0.00151123,0.00275834,0.00650166,5,100
bch_derived_16_8,rayleigh,syndrome,0.0,ber,0.41900000,0.04939794,0.35782059,0.48017941,5,100
bch_derived_16_8,rayleigh,syndrome,0.0,frame_error_rate,0.60600000,0.04827007,0.54621745,0.66578255,5,100
bch_derived_16_8,rayleigh,syndrome,0.0,failure_rate,0.29800000,0.05540758,0.22937764,0.36662236,5,100
bch_derived_16_8,rayleigh,syndrome,0.0,miscorrection_rate,0.30800000,0.03346640,0.26655182,0.34944818,5,100
bch_derived_16_8,rayleigh,syndrome,0.0,conditional_miscorrection_rate,0.43939935,0.04097094,0.38865679,0.49014191,5,100
bch_derived_16_8,rayleigh,syndrome,0.0,ambiguous_rate,0.00000000,0.00000000,0.00000000,0.00000000,5,100
bch_derived_16_8,rayleigh,syndrome,0.0,average_decoding_time_ms,0.01554860,0.00515352,0.00916596,0.02193124,5,100
bch_derived_16_8,rayleigh,syndrome,1.0,ber,0.36525000,0.06057924,0.29022254,0.44027746,5,100
bch_derived_16_8,rayleigh,syndrome,1.0,frame_error_rate,0.54000000,0.06324555,0.46167030,0.61832970,5,100
bch_derived_16_8,rayleigh,syndrome,1.0,failure_rate,0.25600000,0.06024948,0.18138094,0.33061906,5,100
bch_derived_16_8,rayleigh,syndrome,1.0,miscorrection_rate,0.28400000,0.02880972,0.24831912,0.31968088,5,100
bch_derived_16_8,rayleigh,syndrome,1.0,conditional_miscorrection_rate,0.38339466,0.04513459,0.32749542,0.43929391,5,100
bch_derived_16_8,rayleigh,syndrome,1.0,ambiguous_rate,0.00000000,0.00000000,0.00000000,0.00000000,5,100
bch_derived_16_8,rayleigh,syndrome,1.0,average_decoding_time_ms,0.01439200,0.00424924,0.00912932,0.01965468,5,100
bch_derived_16_8,rayleigh,syndrome,2.0,ber,0.31325000,0.05101777,0.25006443,0.37643557,5,100
bch_derived_16_8,rayleigh,syndrome,2.0,frame_error_rate,0.46800000,0.06140033,0.39195562,0.54404438,5,100
bch_derived_16_8,rayleigh,syndrome,2.0,failure_rate,0.22200000,0.04764452,0.16299220,0.28100780,5,100
bch_derived_16_8,rayleigh,syndrome,2.0,miscorrection_rate,0.24600000,0.03911521,0.19755576,0.29444424,5,100
bch_derived_16_8,rayleigh,syndrome,2.0,conditional_miscorrection_rate,0.31707493,0.05321215,0.25117161,0.38297825,5,100
bch_derived_16_8,rayleigh,syndrome,2.0,ambiguous_rate,0.00000000,0.00000000,0.00000000,0.00000000,5,100
bch_derived_16_8,rayleigh,syndrome,2.0,average_decoding_time_ms,0.01636600,0.00354771,0.01197216,0.02075984,5,100
bch_derived_16_8,rayleigh,syndrome,3.0,ber,0.28350000,0.02374013,0.25409782,0.31290218,5,100
bch_derived_16_8,rayleigh,syndrome,3.0,frame_error_rate,0.41200000,0.03962323,0.36292658,0.46107342,5,100
bch_derived_16_8,rayleigh,syndrome,3.0,failure_rate,0.20200000,0.01788854,0.17984502,0.22415498,5,100
bch_derived_16_8,rayleigh,syndrome,3.0,miscorrection_rate,0.21000000,0.03674235,0.16449456,0.25550544,5,100
bch_derived_16_8,rayleigh,syndrome,3.0,conditional_miscorrection_rate,0.26319731,0.04535342,0.20702704,0.31936758,5,100
bch_derived_16_8,rayleigh,syndrome,3.0,ambiguous_rate,0.00000000,0.00000000,0.00000000,0.00000000,5,100
bch_derived_16_8,rayleigh,syndrome,3.0,average_decoding_time_ms,0.01543000,0.00501372,0.00922050,0.02163950,5,100
bch_derived_16_8,rayleigh,syndrome,4.0,ber,0.24525000,0.03135482,0.20641701,0.28408299,5,100
bch_derived_16_8,rayleigh,syndrome,4.0,frame_error_rate,0.34600000,0.04827007,0.28621745,0.40578255,5,100
bch_derived_16_8,rayleigh,syndrome,4.0,failure_rate,0.18000000,0.03464102,0.13709706,0.22290294,5,100
bch_derived_16_8,rayleigh,syndrome,4.0,miscorrection_rate,0.16600000,0.04505552,0.11019868,0.22180132,5,100
bch_derived_16_8,rayleigh,syndrome,4.0,conditional_miscorrection_rate,0.20218580,0.05307658,0.13645039,0.26792122,5,100
bch_derived_16_8,rayleigh,syndrome,4.0,ambiguous_rate,0.00000000,0.00000000,0.00000000,0.00000000,5,100
bch_derived_16_8,rayleigh,syndrome,4.0,average_decoding_time_ms,0.01592620,0.00518514,0.00950440,0.02234800,5,100
bch_derived_16_8,rayleigh,syndrome,5.0,ber,0.21700000,0.03115736,0.17841157,0.25558843,5,100
bch_derived_16_8,rayleigh,syndrome,5.0,frame_error_rate,0.30200000,0.05310367,0.23623103,0.36776897,5,100
bch_derived_16_8,rayleigh,syndrome,5.0,failure_rate,0.16000000,0.03000000,0.12284496,0.19715504,5,100
bch_derived_16_8,rayleigh,syndrome,5.0,miscorrection_rate,0.14200000,0.05167204,0.07800411,0.20599589,5,100
bch_derived_16_8,rayleigh,syndrome,5.0,conditional_miscorrection_rate,0.16880740,0.05940207,0.09523785,0.24237694,5,100
bch_derived_16_8,rayleigh,syndrome,5.0,ambiguous_rate,0.00000000,0.00000000,0.00000000,0.00000000,5,100
bch_derived_16_8,rayleigh,syndrome,5.0,average_decoding_time_ms,0.01691940,0.00604938,0.00942724,0.02441156,5,100
bch_derived_16_8,rayleigh,syndrome,6.0,ber,0.17500000,0.04335536,0.12130433,0.22869567,5,100
bch_derived_16_8,rayleigh,syndrome,6.0,frame_error_rate,0.24200000,0.07259477,0.15209129,0.33190871,5,100
bch_derived_16_8,rayleigh,syndrome,6.0,failure_rate,0.13000000,0.02738613,0.09608224,0.16391776,5,100
bch_derived_16_8,rayleigh,syndrome,6.0,miscorrection_rate,0.11200000,0.06379655,0.03298789,0.19101211,5,100
bch_derived_16_8,rayleigh,syndrome,6.0,conditional_miscorrection_rate,0.12905360,0.07474890,0.03647699,0.22163020,5,100
bch_derived_16_8,rayleigh,syndrome,6.0,ambiguous_rate,0.00000000,0.00000000,0.00000000,0.00000000,5,100
bch_derived_16_8,rayleigh,syndrome,6.0,average_decoding_time_ms,0.01686900,0.00620879,0.00917940,0.02455860,5,100
bch_derived_16_8,rayleigh,chase,0.0,ber,0.19200000,0.03442156,0.14936885,0.23463115,5,100
bch_derived_16_8,rayleigh,chase,0.0,frame_error_rate,0.47400000,0.06542171,0.39297513,0.55502487,5,100
bch_derived_16_8,rayleigh,chase,0.0,failure_rate,0.00000000,0.00000000,0.00000000,0.00000000,5,100
bch_derived_16_8,rayleigh,chase,0.0,miscorrection_rate,0.47400000,0.06542171,0.39297513,0.55502487,5,100
bch_derived_16_8,rayleigh,chase,0.0,conditional_miscorrection_rate,0.47400000,0.06542171,0.39297513,0.55502487,5,100
bch_derived_16_8,rayleigh,chase,0.0,ambiguous_rate,0.00000000,0.00000000,0.00000000,0.00000000,5,100
bch_derived_16_8,rayleigh,chase,0.0,average_decoding_time_ms,0.14512200,0.04244628,0.09255223,0.19769177,5,100
bch_derived_16_8,rayleigh,chase,1.0,ber,0.17025000,0.03318273,0.12915314,0.21134686,5,100
bch_derived_16_8,rayleigh,chase,1.0,frame_error_rate,0.41800000,0.07049823,0.33068785,0.50531215,5,100
bch_derived_16_8,rayleigh,chase,1.0,failure_rate,0.00000000,0.00000000,0.00000000,0.00000000,5,100
bch_derived_16_8,rayleigh,chase,1.0,miscorrection_rate,0.41800000,0.07049823,0.33068785,0.50531215,5,100
bch_derived_16_8,rayleigh,chase,1.0,conditional_miscorrection_rate,0.41800000,0.07049823,0.33068785,0.50531215,5,100
bch_derived_16_8,rayleigh,chase,1.0,ambiguous_rate,0.00000000,0.00000000,0.00000000,0.00000000,5,100
bch_derived_16_8,rayleigh,chase,1.0,average_decoding_time_ms,0.14469320,0.03827937,0.09728414,0.19210226,5,100
bch_derived_16_8,rayleigh,chase,2.0,ber,0.14000000,0.02980405,0.10308765,0.17691235,5,100
bch_derived_16_8,rayleigh,chase,2.0,frame_error_rate,0.34800000,0.06220932,0.27095367,0.42504633,5,100
bch_derived_16_8,rayleigh,chase,2.0,failure_rate,0.00000000,0.00000000,0.00000000,0.00000000,5,100
bch_derived_16_8,rayleigh,chase,2.0,miscorrection_rate,0.34800000,0.06220932,0.27095367,0.42504633,5,100
bch_derived_16_8,rayleigh,chase,2.0,conditional_miscorrection_rate,0.34800000,0.06220932,0.27095367,0.42504633,5,100
bch_derived_16_8,rayleigh,chase,2.0,ambiguous_rate,0.00000000,0.00000000,0.00000000,0.00000000,5,100
bch_derived_16_8,rayleigh,chase,2.0,average_decoding_time_ms,0.14388280,0.04081896,0.09332847,0.19443713,5,100
bch_derived_16_8,rayleigh,chase,3.0,ber,0.12250000,0.02772634,0.08816089,0.15683911,5,100
bch_derived_16_8,rayleigh,chase,3.0,frame_error_rate,0.30200000,0.06760178,0.21827511,0.38572489,5,100
bch_derived_16_8,rayleigh,chase,3.0,failure_rate,0.00000000,0.00000000,0.00000000,0.00000000,5,100
bch_derived_16_8,rayleigh,chase,3.0,miscorrection_rate,0.30200000,0.06760178,0.21827511,0.38572489,5,100
bch_derived_16_8,rayleigh,chase,3.0,conditional_miscorrection_rate,0.30200000,0.06760178,0.21827511,0.38572489,5,100
bch_derived_16_8,rayleigh,chase,3.0,ambiguous_rate,0.00000000,0.00000000,0.00000000,0.00000000,5,100
bch_derived_16_8,rayleigh,chase,3.0,average_decoding_time_ms,0.15158860,0.04765242,0.09257102,0.21060618,5,100
bch_derived_16_8,rayleigh,chase,4.0,ber,0.09725000,0.02205108,0.06993971,0.12456029,5,100
bch_derived_16_8,rayleigh,chase,4.0,frame_error_rate,0.23800000,0.05540758,0.16937764,0.30662236,5,100
bch_derived_16_8,rayleigh,chase,4.0,failure_rate,0.00000000,0.00000000,0.00000000,0.00000000,5,100
bch_derived_16_8,rayleigh,chase,4.0,miscorrection_rate,0.23800000,0.05540758,0.16937764,0.30662236,5,100
bch_derived_16_8,rayleigh,chase,4.0,conditional_miscorrection_rate,0.23800000,0.05540758,0.16937764,0.30662236,5,100
bch_derived_16_8,rayleigh,chase,4.0,ambiguous_rate,0.00000000,0.00000000,0.00000000,0.00000000,5,100
bch_derived_16_8,rayleigh,chase,4.0,average_decoding_time_ms,0.14441600,0.04053491,0.09421346,0.19461854,5,100
bch_derived_16_8,rayleigh,chase,5.0,ber,0.07950000,0.01884559,0.05615971,0.10284029,5,100
bch_derived_16_8,rayleigh,chase,5.0,frame_error_rate,0.19400000,0.04827007,0.13421745,0.25378255,5,100
bch_derived_16_8,rayleigh,chase,5.0,failure_rate,0.00000000,0.00000000,0.00000000,0.00000000,5,100
bch_derived_16_8,rayleigh,chase,5.0,miscorrection_rate,0.19400000,0.04827007,0.13421745,0.25378255,5,100
bch_derived_16_8,rayleigh,chase,5.0,conditional_miscorrection_rate,0.19400000,0.04827007,0.13421745,0.25378255,5,100
bch_derived_16_8,rayleigh,chase,5.0,ambiguous_rate,0.00000000,0.00000000,0.00000000,0.00000000,5,100
bch_derived_16_8,rayleigh,chase,5.0,average_decoding_time_ms,0.13795420,0.03690598,0.09224610,0.18366230,5,100
bch_derived_16_8,rayleigh,chase,6.0,ber,0.06650000,0.01799305,0.04421558,0.08878442,5,100
bch_derived_16_8,rayleigh,chase,6.0,frame_error_rate,0.16400000,0.04449719,0.10889017,0.21910983,5,100
bch_derived_16_8,rayleigh,chase,6.0,failure_rate,0.00000000,0.00000000,0.00000000,0.00000000,5,100
bch_derived_16_8,rayleigh,chase,6.0,miscorrection_rate,0.16400000,0.04449719,0.10889017,0.21910983,5,100
bch_derived_16_8,rayleigh,chase,6.0,conditional_miscorrection_rate,0.16400000,0.04449719,0.10889017,0.21910983,5,100
bch_derived_16_8,rayleigh,chase,6.0,ambiguous_rate,0.00000000,0.00000000,0.00000000,0.00000000,5,100
bch_derived_16_8,rayleigh,chase,6.0,average_decoding_time_ms,0.14077460,0.03810317,0.09358378,0.18796542,5,100
bch_derived_16_8,rayleigh,hard_mld,0.0,ber,0.22850000,0.02350864,0.19938452,0.25761548,5,100
bch_derived_16_8,rayleigh,hard_mld,0.0,frame_error_rate,0.57800000,0.05215362,0.51340767,0.64259233,5,100
bch_derived_16_8,rayleigh,hard_mld,0.0,failure_rate,0.00000000,0.00000000,0.00000000,0.00000000,5,100
bch_derived_16_8,rayleigh,hard_mld,0.0,miscorrection_rate,0.57800000,0.05215362,0.51340767,0.64259233,5,100
bch_derived_16_8,rayleigh,hard_mld,0.0,conditional_miscorrection_rate,0.57800000,0.05215362,0.51340767,0.64259233,5,100
bch_derived_16_8,rayleigh,hard_mld,0.0,ambiguous_rate,0.29800000,0.05540758,0.22937764,0.36662236,5,100
bch_derived_16_8,rayleigh,hard_mld,0.0,average_decoding_time_ms,0.01158320,0.00205087,0.00904319,0.01412321,5,100
bch_derived_16_8,rayleigh,hard_mld,1.0,ber,0.20450000,0.02665755,0.17148459,0.23751541,5,100
bch_derived_16_8,rayleigh,hard_mld,1.0,frame_error_rate,0.51400000,0.06580274,0.43250323,0.59549677,5,100
bch_derived_16_8,rayleigh,hard_mld,1.0,failure_rate,0.00000000,0.00000000,0.00000000,0.00000000,5,100
bch_derived_16_8,rayleigh,hard_mld,1.0,miscorrection_rate,0.51400000,0.06580274,0.43250323,0.59549677,5,100
bch_derived_16_8,rayleigh,hard_mld,1.0,conditional_miscorrection_rate,0.51400000,0.06580274,0.43250323,0.59549677,5,100
bch_derived_16_8,rayleigh,hard_mld,1.0,ambiguous_rate,0.25600000,0.06024948,0.18138094,0.33061906,5,100
bch_derived_16_8,rayleigh,hard_mld,1.0,average_decoding_time_ms,0.01103280,0.00287053,0.00747765,0.01458795,5,100
bch_derived_16_8,rayleigh,hard_mld,2.0,ber,0.16925000,0.02300815,0.14075438,0.19774562,5,100
bch_derived_16_8,rayleigh,hard_mld,2.0,frame_error_rate,0.43200000,0.05310367,0.36623103,0.49776897,5,100
bch_derived_16_8,rayleigh,hard_mld,2.0,failure_rate,0.00000000,0.00000000,0.00000000,0.00000000,5,100
bch_derived_16_8,rayleigh,hard_mld,2.0,miscorrection_rate,0.43200000,0.05310367,0.36623103,0.49776897,5,100
bch_derived_16_8,rayleigh,hard_mld,2.0,conditional_miscorrection_rate,0.43200000,0.05310367,0.36623103,0.49776897,5,100
bch_derived_16_8,rayleigh,hard_mld,2.0,ambiguous_rate,0.22200000,0.04764452,0.16299220,0.28100780,5,100
bch_derived_16_8,rayleigh,hard_mld,2.0,average_decoding_time_ms,0.01134420,0.00172585,0.00920673,0.01348167,5,100
bch_derived_16_8,rayleigh,hard_mld,3.0,ber,0.15050000,0.01562750,0.13114532,0.16985468,5,100
bch_derived_16_8,rayleigh,hard_mld,3.0,frame_error_rate,0.38600000,0.03209361,0.34625202,0.42574798,5,100
bch_derived_16_8,rayleigh,hard_mld,3.0,failure_rate,0.00000000,0.00000000,0.00000000,0.00000000,5,100
bch_derived_16_8,rayleigh,hard_mld,3.0,miscorrection_rate,0.38600000,0.03209361,0.34625202,0.42574798,5,100
bch_derived_16_8,rayleigh,hard_mld,3.0,conditional_miscorrection_rate,0.38600000,0.03209361,0.34625202,0.42574798,5,100
bch_derived_16_8,rayleigh,hard_mld,3.0,ambiguous_rate,0.20200000,0.01788854,0.17984502,0.22415498,5,100
bch_derived_16_8,rayleigh,hard_mld,3.0,average_decoding_time_ms,0.01123420,0.00126898,0.00966257,0.01280583,5,100
bch_derived_16_8,rayleigh,hard_mld,4.0,ber,0.12925000,0.01362443,0.11237613,0.14612387,5,100
bch_derived_16_8,rayleigh,hard_mld,4.0,frame_error_rate,0.33200000,0.04324350,0.27844287,0.38555713,5,100
bch_derived_16_8,rayleigh,hard_mld,4.0,failure_rate,0.00000000,0.00000000,0.00000000,0.00000000,5,100
bch_derived_16_8,rayleigh,hard_mld,4.0,miscorrection_rate,0.33200000,0.04324350,0.27844287,0.38555713,5,100
bch_derived_16_8,rayleigh,hard_mld,4.0,conditional_miscorrection_rate,0.33200000,0.04324350,0.27844287,0.38555713,5,100
bch_derived_16_8,rayleigh,hard_mld,4.0,ambiguous_rate,0.18000000,0.03464102,0.13709706,0.22290294,5,100
bch_derived_16_8,rayleigh,hard_mld,4.0,average_decoding_time_ms,0.01077400,0.00239286,0.00781045,0.01373755,5,100
bch_derived_16_8,rayleigh,hard_mld,5.0,ber,0.11375000,0.02046338,0.08840607,0.13909393,5,100
bch_derived_16_8,rayleigh,hard_mld,5.0,frame_error_rate,0.28800000,0.04816638,0.22834588,0.34765412,5,100
bch_derived_16_8,rayleigh,hard_mld,5.0,failure_rate,0.00000000,0.00000000,0.00000000,0.00000000,5,100
bch_derived_16_8,rayleigh,hard_mld,5.0,miscorrection_rate,0.28800000,0.04816638,0.22834588,0.34765412,5,100
bch_derived_16_8,rayleigh,hard_mld,5.0,conditional_miscorrection_rate,0.28800000,0.04816638,0.22834588,0.34765412,5,100
bch_derived_16_8,rayleigh,hard_mld,5.0,ambiguous_rate,0.16000000,0.03000000,0.12284496,0.19715504,5,100
bch_derived_16_8,rayleigh,hard_mld,5.0,average_decoding_time_ms,0.01468280,0.00543771,0.00794819,0.02141741,5,100
bch_derived_16_8,rayleigh,hard_mld,6.0,ber,0.09100000,0.02238512,0.06327600,0.11872400,5,100
bch_derived_16_8,rayleigh,hard_mld,6.0,frame_error_rate,0.22800000,0.05357238,0.16165054,0.29434946,5,100
bch_derived_16_8,rayleigh,hard_mld,6.0,failure_rate,0.00000000,0.00000000,0.00000000,0.00000000,5,100
bch_derived_16_8,rayleigh,hard_mld,6.0,miscorrection_rate,0.22800000,0.05357238,0.16165054,0.29434946,5,100
bch_derived_16_8,rayleigh,hard_mld,6.0,conditional_miscorrection_rate,0.22800000,0.05357238,0.16165054,0.29434946,5,100
bch_derived_16_8,rayleigh,hard_mld,6.0,ambiguous_rate,0.13000000,0.02738613,0.09608224,0.16391776,5,100
bch_derived_16_8,rayleigh,hard_mld,6.0,average_decoding_time_ms,0.01161460,0.00200972,0.00912556,0.01410364,5,100
bch_derived_16_8,rayleigh,soft_mld,0.0,ber,0.19050000,0.03284195,0.14982520,0.23117480,5,100
bch_derived_16_8,rayleigh,soft_mld,0.0,frame_error_rate,0.47200000,0.06260990,0.39445755,0.54954245,5,100
bch_derived_16_8,rayleigh,soft_mld,0.0,failure_rate,0.00000000,0.00000000,0.00000000,0.00000000,5,100
bch_derived_16_8,rayleigh,soft_mld,0.0,miscorrection_rate,0.47200000,0.06260990,0.39445755,0.54954245,5,100
bch_derived_16_8,rayleigh,soft_mld,0.0,conditional_miscorrection_rate,0.47200000,0.06260990,0.39445755,0.54954245,5,100
bch_derived_16_8,rayleigh,soft_mld,0.0,ambiguous_rate,0.00000000,0.00000000,0.00000000,0.00000000,5,100
bch_derived_16_8,rayleigh,soft_mld,0.0,average_decoding_time_ms,0.00382100,0.00064056,0.00302767,0.00461433,5,100
bch_derived_16_8,rayleigh,soft_mld,1.0,ber,0.16575000,0.03209605,0.12599900,0.20550100,5,100
bch_derived_16_8,rayleigh,soft_mld,1.0,frame_error_rate,0.41600000,0.07300685,0.32558092,0.50641908,5,100
bch_derived_16_8,rayleigh,soft_mld,1.0,failure_rate,0.00000000,0.00000000,0.00000000,0.00000000,5,100
bch_derived_16_8,rayleigh,soft_mld,1.0,miscorrection_rate,0.41600000,0.07300685,0.32558092,0.50641908,5,100
bch_derived_16_8,rayleigh,soft_mld,1.0,conditional_miscorrection_rate,0.41600000,0.07300685,0.32558092,0.50641908,5,100
bch_derived_16_8,rayleigh,soft_mld,1.0,ambiguous_rate,0.00000000,0.00000000,0.00000000,0.00000000,5,100
bch_derived_16_8,rayleigh,soft_mld,1.0,average_decoding_time_ms,0.00357900,0.00104270,0.00228762,0.00487038,5,100
bch_derived_16_8,rayleigh,soft_mld,2.0,ber,0.14025000,0.03150397,0.10123229,0.17926771,5,100
bch_derived_16_8,rayleigh,soft_mld,2.0,frame_error_rate,0.34800000,0.06833740,0.26336404,0.43263596,5,100
bch_derived_16_8,rayleigh,soft_mld,2.0,failure_rate,0.00000000,0.00000000,0.00000000,0.00000000,5,100
bch_derived_16_8,rayleigh,soft_mld,2.0,miscorrection_rate,0.34800000,0.06833740,0.26336404,0.43263596,5,100
bch_derived_16_8,rayleigh,soft_mld,2.0,conditional_miscorrection_rate,0.34800000,0.06833740,0.26336404,0.43263596,5,100
bch_derived_16_8,rayleigh,soft_mld,2.0,ambiguous_rate,0.00000000,0.00000000,0.00000000,0.00000000,5,100
bch_derived_16_8,rayleigh,soft_mld,2.0,average_decoding_time_ms,0.00383040,0.00105074,0.00252905,0.00513175,5,100
bch_derived_16_8,rayleigh,soft_mld,3.0,ber,0.12000000,0.02996091,0.08289337,0.15710663,5,100
bch_derived_16_8,rayleigh,soft_mld,3.0,frame_error_rate,0.29600000,0.07092249,0.20816240,0.38383760,5,100
bch_derived_16_8,rayleigh,soft_mld,3.0,failure_rate,0.00000000,0.00000000,0.00000000,0.00000000,5,100
bch_derived_16_8,rayleigh,soft_mld,3.0,miscorrection_rate,0.29600000,0.07092249,0.20816240,0.38383760,5,100
bch_derived_16_8,rayleigh,soft_mld,3.0,conditional_miscorrection_rate,0.29600000,0.07092249,0.20816240,0.38383760,5,100
bch_derived_16_8,rayleigh,soft_mld,3.0,ambiguous_rate,0.00000000,0.00000000,0.00000000,0.00000000,5,100
bch_derived_16_8,rayleigh,soft_mld,3.0,average_decoding_time_ms,0.00519100,0.00406221,0.00015995,0.01022205,5,100
bch_derived_16_8,rayleigh,soft_mld,4.0,ber,0.09700000,0.02092770,0.07108101,0.12291899,5,100
bch_derived_16_8,rayleigh,soft_mld,4.0,frame_error_rate,0.24000000,0.05147815,0.17624424,0.30375576,5,100
bch_derived_16_8,rayleigh,soft_mld,4.0,failure_rate,0.00000000,0.00000000,0.00000000,0.00000000,5,100
bch_derived_16_8,rayleigh,soft_mld,4.0,miscorrection_rate,0.24000000,0.05147815,0.17624424,0.30375576,5,100
bch_derived_16_8,rayleigh,soft_mld,4.0,conditional_miscorrection_rate,0.24000000,0.05147815,0.17624424,0.30375576,5,100
bch_derived_16_8,rayleigh,soft_mld,4.0,ambiguous_rate,0.00000000,0.00000000,0.00000000,0.00000000,5,100
bch_derived_16_8,rayleigh,soft_mld,4.0,average_decoding_time_ms,0.00658140,0.00563839,0.00000000,0.01356455,5,100
bch_derived_16_8,rayleigh,soft_mld,5.0,ber,0.08050000,0.01855313,0.05752192,0.10347808,5,100
bch_derived_16_8,rayleigh,soft_mld,5.0,frame_error_rate,0.19400000,0.04827007,0.13421745,0.25378255,5,100
bch_derived_16_8,rayleigh,soft_mld,5.0,failure_rate,0.00000000,0.00000000,0.00000000,0.00000000,5,100
bch_derived_16_8,rayleigh,soft_mld,5.0,miscorrection_rate,0.19400000,0.04827007,0.13421745,0.25378255,5,100
bch_derived_16_8,rayleigh,soft_mld,5.0,conditional_miscorrection_rate,0.19400000,0.04827007,0.13421745,0.25378255,5,100
bch_derived_16_8,rayleigh,soft_mld,5.0,ambiguous_rate,0.00000000,0.00000000,0.00000000,0.00000000,5,100
bch_derived_16_8,rayleigh,soft_mld,5.0,average_decoding_time_ms,0.00375320,0.00135968,0.00206924,0.00543716,5,100
bch_derived_16_8,rayleigh,soft_mld,6.0,ber,0.06600000,0.01373294,0.04899173,0.08300827,5,100
bch_derived_16_8,rayleigh,soft_mld,6.0,frame_error_rate,0.16200000,0.04024922,0.11215128,0.21184872,5,100
bch_derived_16_8,rayleigh,soft_mld,6.0,failure_rate,0.00000000,0.00000000,0.00000000,0.00000000,5,100
bch_derived_16_8,rayleigh,soft_mld,6.0,miscorrection_rate,0.16200000,0.04024922,0.11215128,0.21184872,5,100
bch_derived_16_8,rayleigh,soft_mld,6.0,conditional_miscorrection_rate,0.16200000,0.04024922,0.11215128,0.21184872,5,100
bch_derived_16_8,rayleigh,soft_mld,6.0,ambiguous_rate,0.00000000,0.00000000,0.00000000,0.00000000,5,100
bch_derived_16_8,rayleigh,soft_mld,6.0,average_decoding_time_ms,0.00482140,0.00261881,0.00157800,0.00806480,5,100
bch_derived_16_8,sinusoidal,syndrome,0.0,ber,0.36650000,0.03231196,0.32648160,0.40651840,5,100
bch_derived_16_8,sinusoidal,syndrome,0.0,frame_error_rate,0.53200000,0.05805170,0.46010289,0.60389711,5,100
bch_derived_16_8,sinusoidal,syndrome,0.0,failure_rate,0.27600000,0.02302173,0.24748756,0.30451244,5,100
bch_derived_16_8,sinusoidal,syndrome,0.0,miscorrection_rate,0.25600000,0.04669047,0.19817379,0.31382621,5,100
bch_derived_16_8,sinusoidal,syndrome,0.0,conditional_miscorrection_rate,0.35438882,0.06957020,0.26822603,0.44055160,5,100
bch_derived_16_8,sinusoidal,syndrome,0.0,ambiguous_rate,0.00000000,0.00000000,0.00000000,0.00000000,5,100
bch_derived_16_8,sinusoidal,syndrome,0.0,average_decoding_time_ms,0.01814280,0.00148252,0.01630670,0.01997890,5,100
bch_derived_16_8,sinusoidal,syndrome,1.0,ber,0.30350000,0.03380089,0.26163756,0.34536244,5,100
bch_derived_16_8,sinusoidal,syndrome,1.0,frame_error_rate,0.42200000,0.04494441,0.36633629,0.47766371,5,100
bch_derived_16_8,sinusoidal,syndrome,1.0,failure_rate,0.23800000,0.03563706,0.19386346,0.28213654,5,100
bch_derived_16_8,sinusoidal,syndrome,1.0,miscorrection_rate,0.18400000,0.03974921,0.13477055,0.23322945,5,100
bch_derived_16_8,sinusoidal,syndrome,1.0,conditional_miscorrection_rate,0.24133396,0.05022161,0.17913444,0.30353349,5,100
bch_derived_16_8,sinusoidal,syndrome,1.0,ambiguous_rate,0.00000000,0.00000000,0.00000000,0.00000000,5,100
bch_derived_16_8,sinusoidal,syndrome,1.0,average_decoding_time_ms,0.01649980,0.00061358,0.01573989,0.01725971,5,100
bch_derived_16_8,sinusoidal,syndrome,2.0,ber,0.23650000,0.02355844,0.20732284,0.26567716,5,100
bch_derived_16_8,sinusoidal,syndrome,2.0,frame_error_rate,0.34200000,0.04868265,0.28170648,0.40229352,5,100
bch_derived_16_8,sinusoidal,syndrome,2.0,failure_rate,0.18000000,0.02645751,0.14723234,0.21276766,5,100
bch_derived_16_8,sinusoidal,syndrome,2.0,miscorrection_rate,0.16200000,0.05167204,0.09800411,0.22599589,5,100
bch_derived_16_8,sinusoidal,syndrome,2.0,conditional_miscorrection_rate,0.19709192,0.06070240,0.12191192,0.27227192,5,100
bch_derived_16_8,sinusoidal,syndrome,2.0,ambiguous_rate,0.00000000,0.00000000,0.00000000,0.00000000,5,100
bch_derived_16_8,sinusoidal,syndrome,2.0,average_decoding_time_ms,0.01799340,0.00080753,0.01699327,0.01899353,5,100
bch_derived_16_8,sinusoidal,syndrome,3.0,ber,0.15875000,0.02892609,0.12292500,0.19457500,5,100
bch_derived_16_8,sinusoidal,syndrome,3.0,frame_error_rate,0.24000000,0.04527693,0.18392447,0.29607553,5,100
bch_derived_16_8,sinusoidal,syndrome,3.0,failure_rate,0.11400000,0.02509980,0.08291386,0.14508614,5,100
bch_derived_16_8,sinusoidal,syndrome,3.0,miscorrection_rate,0.12600000,0.03130495,0.08722878,0.16477122,5,100
bch_derived_16_8,sinusoidal,syndrome,3.0,conditional_miscorrection_rate,0.14251694,0.03687715,0.09684454,0.18818934,5,100
bch_derived_16_8,sinusoidal,syndrome,3.0,ambiguous_rate,0.00000000,0.00000000,0.00000000,0.00000000,5,100
bch_derived_16_8,sinusoidal,syndrome,3.0,average_decoding_time_ms,0.01672200,0.00086044,0.01565634,0.01778766,5,100
bch_derived_16_8,sinusoidal,syndrome,4.0,ber,0.11000000,0.01377838,0.09293546,0.12706454,5,100
bch_derived_16_8,sinusoidal,syndrome,4.0,frame_error_rate,0.17400000,0.02408319,0.14417294,0.20382706,5,100
bch_derived_16_8,sinusoidal,syndrome,4.0,failure_rate,0.07600000,0.01516575,0.05721720,0.09478280,5,100
bch_derived_16_8,sinusoidal,syndrome,4.0,miscorrection_rate,0.09800000,0.02588436,0.06594219,0.13005781,5,100
bch_derived_16_8,sinusoidal,syndrome,4.0,conditional_miscorrection_rate,0.10593291,0.02721443,0.07222781,0.13963801,5,100
bch_derived_16_8,sinusoidal,syndrome,4.0,ambiguous_rate,0.00000000,0.00000000,0.00000000,0.00000000,5,100
bch_derived_16_8,sinusoidal,syndrome,4.0,average_decoding_time_ms,0.01660860,0.00073519,0.01569806,0.01751914,5,100
bch_derived_16_8,sinusoidal,syndrome,5.0,ber,0.06625000,0.00996086,0.05391346,0.07858654,5,100
bch_derived_16_8,sinusoidal,syndrome,5.0,frame_error_rate,0.09600000,0.01949359,0.07185716,0.12014284,5,100
bch_derived_16_8,sinusoidal,syndrome,5.0,failure_rate,0.05000000,0.00707107,0.04124247,0.05875753,5,100
bch_derived_16_8,sinusoidal,syndrome,5.0,miscorrection_rate,0.04600000,0.01673320,0.02527591,0.06672409,5,100
bch_derived_16_8,sinusoidal,syndrome,5.0,conditional_miscorrection_rate,0.04844578,0.01772662,0.02649134,0.07040023,5,100
bch_derived_16_8,sinusoidal,syndrome,5.0,ambiguous_rate,0.00000000,0.00000000,0.00000000,0.00000000,5,100
bch_derived_16_8,sinusoidal,syndrome,5.0,average_decoding_time_ms,0.01692500,0.00077969,0.01595936,0.01789064,5,100
bch_derived_16_8,sinusoidal,syndrome,6.0,ber,0.03475000,0.00602080,0.02729323,0.04220677,5,100
bch_derived_16_8,sinusoidal,syndrome,6.0,frame_error_rate,0.05400000,0.01140175,0.03987891,0.06812109,5,100
bch_derived_16_8,sinusoidal,syndrome,6.0,failure_rate,0.02600000,0.00894427,0.01492251,0.03707749,5,100
bch_derived_16_8,sinusoidal,syndrome,6.0,miscorrection_rate,0.02800000,0.01303840,0.01185192,0.04414808,5,100
bch_derived_16_8,sinusoidal,syndrome,6.0,conditional_miscorrection_rate,0.02869936,0.01325382,0.01228449,0.04511424,5,100
bch_derived_16_8,sinusoidal,syndrome,6.0,ambiguous_rate,0.00000000,0.00000000,0.00000000,0.00000000,5,100
bch_derived_16_8,sinusoidal,syndrome,6.0,average_decoding_time_ms,0.01588100,0.00536918,0.00923127,0.02253073,5,100
bch_derived_16_8,sinusoidal,chase,0.0,ber,0.11075000,0.02559602,0.07904930,0.14245070,5,100
bch_derived_16_8,sinusoidal,chase,0.0,frame_error_rate,0.31000000,0.07211103,0.22069040,0.39930960,5,100
bch_derived_16_8,sinusoidal,chase,0.0,failure_rate,0.00000000,0.00000000,0.00000000,0.00000000,5,100
bch_derived_16_8,sinusoidal,chase,0.0,miscorrection_rate,0.31000000,0.07211103,0.22069040,0.39930960,5,100
bch_derived_16_8,sinusoidal,chase,0.0,conditional_miscorrection_rate,0.31000000,0.07211103,0.22069040,0.39930960,5,100
bch_derived_16_8,sinusoidal,chase,0.0,ambiguous_rate,0.00000000,0.00000000,0.00000000,0.00000000,5,100
bch_derived_16_8,sinusoidal,chase,0.0,average_decoding_time_ms,0.16179080,0.00534080,0.15517621,0.16840539,5,100
bch_derived_16_8,sinusoidal,chase,1.0,ber,0.06925000,0.01432328,0.05151060,0.08698940,5,100
bch_derived_16_8,sinusoidal,chase,1.0,frame_error_rate,0.20000000,0.04000000,0.15045995,0.24954005,5,100
bch_derived_16_8,sinusoidal,chase,1.0,failure_rate,0.00000000,0.00000000,0.00000000,0.00000000,5,100
bch_derived_16_8,sinusoidal,chase,1.0,miscorrection_rate,0.20000000,0.04000000,0.15045995,0.24954005,5,100
bch_derived_16_8,sinusoidal,chase,1.0,conditional_miscorrection_rate,0.20000000,0.04000000,0.15045995,0.24954005,5,100
bch_derived_16_8,sinusoidal,chase,1.0,ambiguous_rate,0.00000000,0.00000000,0.00000000,0.00000000,5,100
bch_derived_16_8,sinusoidal,chase,1.0,average_decoding_time_ms,0.16385660,0.00570402,0.15679217,0.17092103,5,100
bch_derived_16_8,sinusoidal,chase,2.0,ber,0.04350000,0.00867828,0.03275194,0.05424806,5,100
bch_derived_16_8,sinusoidal,chase,2.0,frame_error_rate,0.12800000,0.02774887,0.09363298,0.16236702,5,100
bch_derived_16_8,sinusoidal,chase,2.0,failure_rate,0.00000000,0.00000000,0.00000000,0.00000000,5,100
bch_derived_16_8,sinusoidal,chase,2.0,miscorrection_rate,0.12800000,0.02774887,0.09363298,0.16236702,5,100
bch_derived_16_8,sinusoidal,chase,2.0,conditional_miscorrection_rate,0.12800000,0.02774887,0.09363298,0.16236702,5,100
bch_derived_16_8,sinusoidal,chase,2.0,ambiguous_rate,0.00000000,0.00000000,0.00000000,0.00000000,5,100
bch_derived_16_8,sinusoidal,chase,2.0,average_decoding_time_ms,0.16311120,0.00326508,0.15906739,0.16715501,5,100
bch_derived_16_8,sinusoidal,chase,3.0,ber,0.03000000,0.00870524,0.01921855,0.04078145,5,100
bch_derived_16_8,sinusoidal,chase,3.0,frame_error_rate,0.08800000,0.02588436,0.05594219,0.12005781,5,100
bch_derived_16_8,sinusoidal,chase,3.0,failure_rate,0.00000000,0.00000000,0.00000000,0.00000000,5,100
bch_derived_16_8,sinusoidal,chase,3.0,miscorrection_rate,0.08800000,0.02588436,0.05594219,0.12005781,5,100
bch_derived_16_8,sinusoidal,chase,3.0,conditional_miscorrection_rate,0.08800000,0.02588436,0.05594219,0.12005781,5,100
bch_derived_16_8,sinusoidal,chase,3.0,ambiguous_rate,0.00000000,0.00000000,0.00000000,0.00000000,5,100
bch_derived_16_8,sinusoidal,chase,3.0,average_decoding_time_ms,0.16610680,0.00431313,0.16076498,0.17144862,5,100
bch_derived_16_8,sinusoidal,chase,4.0,ber,0.01600000,0.00270994,0.01264374,0.01935626,5,100
bch_derived_16_8,sinusoidal,chase,4.0,frame_error_rate,0.04800000,0.01095445,0.03443290,0.06156710,5,100
bch_derived_16_8,sinusoidal,chase,4.0,failure_rate,0.00000000,0.00000000,0.00000000,0.00000000,5,100
bch_derived_16_8,sinusoidal,chase,4.0,miscorrection_rate,0.04800000,0.01095445,0.03443290,0.06156710,5,100
bch_derived_16_8,sinusoidal,chase,4.0,conditional_miscorrection_rate,0.04800000,0.01095445,0.03443290,0.06156710,5,100
bch_derived_16_8,sinusoidal,chase,4.0,ambiguous_rate,0.00000000,0.00000000,0.00000000,0.00000000,5,100
bch_derived_16_8,sinusoidal,chase,4.0,average_decoding_time_ms,0.16167740,0.00705960,0.15293408,0.17042072,5,100
bch_derived_16_8,sinusoidal,chase,5.0,ber,0.00525000,0.00540544,0.00000000,0.01194464,5,100
bch_derived_16_8,sinusoidal,chase,5.0,frame_error_rate,0.01600000,0.01516575,0.00000000,0.03478280,5,100
bch_derived_16_8,sinusoidal,chase,5.0,failure_rate,0.00000000,0.00000000,0.00000000,0.00000000,5,100
bch_derived_16_8,sinusoidal,chase,5.0,miscorrection_rate,0.01600000,0.01516575,0.00000000,0.03478280,5,100
bch_derived_16_8,sinusoidal,chase,5.0,conditional_miscorrection_rate,0.01600000,0.01516575,0.00000000,0.03478280,5,100
bch_derived_16_8,sinusoidal,chase,5.0,ambiguous_rate,0.00000000,0.00000000,0.00000000,0.00000000,5,100
bch_derived_16_8,sinusoidal,chase,5.0,average_decoding_time_ms,0.16521520,0.00824310,0.15500611,0.17542429,5,100
bch_derived_16_8,sinusoidal,chase,6.0,ber,0.00325000,0.00325960,0.00000000,0.00728702,5,100
bch_derived_16_8,sinusoidal,chase,6.0,frame_error_rate,0.00800000,0.00836660,0.00000000,0.01836205,5,100
bch_derived_16_8,sinusoidal,chase,6.0,failure_rate,0.00000000,0.00000000,0.00000000,0.00000000,5,100
bch_derived_16_8,sinusoidal,chase,6.0,miscorrection_rate,0.00800000,0.00836660,0.00000000,0.01836205,5,100
bch_derived_16_8,sinusoidal,chase,6.0,conditional_miscorrection_rate,0.00800000,0.00836660,0.00000000,0.01836205,5,100
bch_derived_16_8,sinusoidal,chase,6.0,ambiguous_rate,0.00000000,0.00000000,0.00000000,0.00000000,5,100
bch_derived_16_8,sinusoidal,chase,6.0,average_decoding_time_ms,0.14701240,0.04255308,0.09431035,0.19971445,5,100
bch_derived_16_8,sinusoidal,hard_mld,0.0,ber,0.17250000,0.01693277,0.15152874,0.19347126,5,100
bch_derived_16_8,sinusoidal,hard_mld,0.0,frame_error_rate,0.48200000,0.05718391,0.41117765,0.55282235,5,100
bch_derived_16_8,sinusoidal,hard_mld,0.0,failure_rate,0.00000000,0.00000000,0.00000000,0.00000000,5,100
bch_derived_16_8,sinusoidal,hard_mld,0.0,miscorrection_rate,0.48200000,0.05718391,0.41117765,0.55282235,5,100
bch_derived_16_8,sinusoidal,hard_mld,0.0,conditional_miscorrection_rate,0.48200000,0.05718391,0.41117765,0.55282235,5,100
bch_derived_16_8,sinusoidal,hard_mld,0.0,ambiguous_rate,0.27600000,0.02302173,0.24748756,0.30451244,5,100
bch_derived_16_8,sinusoidal,hard_mld,0.0,average_decoding_time_ms,0.01228840,0.00055382,0.01160249,0.01297431,5,100
bch_derived_16_8,sinusoidal,hard_mld,1.0,ber,0.13950000,0.02047483,0.11414189,0.16485811,5,100
bch_derived_16_8,sinusoidal,hard_mld,1.0,frame_error_rate,0.38600000,0.05319774,0.32011452,0.45188548,5,100
bch_derived_16_8,sinusoidal,hard_mld,1.0,failure_rate,0.00000000,0.00000000,0.00000000,0.00000000,5,100
bch_derived_16_8,sinusoidal,hard_mld,1.0,miscorrection_rate,0.38600000,0.05319774,0.32011452,0.45188548,5,100
bch_derived_16_8,sinusoidal,hard_mld,1.0,conditional_miscorrection_rate,0.38600000,0.05319774,0.32011452,0.45188548,5,100
bch_derived_16_8,sinusoidal,hard_mld,1.0,ambiguous_rate,0.23800000,0.03563706,0.19386346,0.28213654,5,100
bch_derived_16_8,sinusoidal,hard_mld,1.0,average_decoding_time_ms,0.01208320,0.00052643,0.01143121,0.01273519,5,100
bch_derived_16_8,sinusoidal,hard_mld,2.0,ber,0.11125000,0.01914174,0.08754293,0.13495707,5,100
bch_derived_16_8,sinusoidal,hard_mld,2.0,frame_error_rate,0.31600000,0.05029911,0.25370449,0.37829551,5,100
bch_derived_16_8,sinusoidal,hard_mld,2.0,failure_rate,0.00000000,0.00000000,0.00000000,0.00000000,5,100
bch_derived_16_8,sinusoidal,hard_mld,2.0,miscorrection_rate,0.31600000,0.05029911,0.25370449,0.37829551,5,100
bch_derived_16_8,sinusoidal,hard_mld,2.0,conditional_miscorrection_rate,0.31600000,0.05029911,0.25370449,0.37829551,5,100
bch_derived_16_8,sinusoidal,hard_mld,2.0,ambiguous_rate,0.18000000,0.02645751,0.14723234,0.21276766,5,100
bch_derived_16_8,sinusoidal,hard_mld,2.0,average_decoding_time_ms,0.01313000,0.00107933,0.01179325,0.01446675,5,100
bch_derived_16_8,sinusoidal,hard_mld,3.0,ber,0.07725000,0.01119431,0.06338584,0.09111416,5,100
bch_derived_16_8,sinusoidal,hard_mld,3.0,frame_error_rate,0.21600000,0.03435113,0.17345608,0.25854392,5,100
bch_derived_16_8,sinusoidal,hard_mld,3.0,failure_rate,0.00000000,0.00000000,0.00000000,0.00000000,5,100
bch_derived_16_8,sinusoidal,hard_mld,3.0,miscorrection_rate,0.21600000,0.03435113,0.17345608,0.25854392,5,100
bch_derived_16_8,sinusoidal,hard_mld,3.0,conditional_miscorrection_rate,0.21600000,0.03435113,0.17345608,0.25854392,5,100
bch_derived_16_8,sinusoidal,hard_mld,3.0,ambiguous_rate,0.11400000,0.02509980,0.08291386,0.14508614,5,100
bch_derived_16_8,sinusoidal,hard_mld,3.0,average_decoding_time_ms,0.01325320,0.00337146,0.00907764,0.01742876,5,100
bch_derived_16_8,sinusoidal,hard_mld,4.0,ber,0.05550000,0.01025457,0.04279970,0.06820030,5,100
bch_derived_16_8,sinusoidal,hard_mld,4.0,frame_error_rate,0.16000000,0.02000000,0.13522997,0.18477003,5,100
bch_derived_16_8,sinusoidal,hard_mld,4.0,failure_rate,0.00000000,0.00000000,0.00000000,0.00000000,5,100
bch_derived_16_8,sinusoidal,hard_mld,4.0,miscorrection_rate,0.16000000,0.02000000,0.13522997,0.18477003,5,100
bch_derived_16_8,sinusoidal,hard_mld,4.0,conditional_miscorrection_rate,0.16000000,0.02000000,0.13522997,0.18477003,5,100
bch_derived_16_8,sinusoidal,hard_mld,4.0,ambiguous_rate,0.07600000,0.01516575,0.05721720,0.09478280,5,100
bch_derived_16_8,sinusoidal,hard_mld,4.0,average_decoding_time_ms,0.01180560,0.00052613,0.01115399,0.01245721,5,100
bch_derived_16_8,sinusoidal,hard_mld,5.0,ber,0.03175000,0.00710414,0.02295152,0.04054848,5,100
bch_derived_16_8,sinusoidal,hard_mld,5.0,frame_error_rate,0.08600000,0.01816590,0.06350151,0.10849849,5,100
bch_derived_16_8,sinusoidal,hard_mld,5.0,failure_rate,0.00000000,0.00000000,0.00000000,0.00000000,5,100
bch_derived_16_8,sinusoidal,hard_mld,5.0,miscorrection_rate,0.08600000,0.01816590,0.06350151,0.10849849,5,100
bch_derived_16_8,sinusoidal,hard_mld,5.0,conditional_miscorrection_rate,0.08600000,0.01816590,0.06350151,0.10849849,5,100
bch_derived_16_8,sinusoidal,hard_mld,5.0,ambiguous_rate,0.05000000,0.00707107,0.04124247,0.05875753,5,100
bch_derived_16_8,sinusoidal,hard_mld,5.0,average_decoding_time_ms,0.01259800,0.00056999,0.01189207,0.01330393,5,100
bch_derived_16_8,sinusoidal,hard_mld,6.0,ber,0.01700000,0.00301040,0.01327162,0.02072838,5,100
bch_derived_16_8,sinusoidal,hard_mld,6.0,frame_error_rate,0.05000000,0.01000000,0.03761499,0.06238501,5,100
bch_derived_16_8,sinusoidal,hard_mld,6.0,failure_rate,0.00000000,0.00000000,0.00000000,0.00000000,5,100
bch_derived_16_8,sinusoidal,hard_mld,6.0,miscorrection_rate,0.05000000,0.01000000,0.03761499,0.06238501,5,100
bch_derived_16_8,sinusoidal,hard_mld,6.0,conditional_miscorrection_rate,0.05000000,0.01000000,0.03761499,0.06238501,5,100
bch_derived_16_8,sinusoidal,hard_mld,6.0,ambiguous_rate,0.02600000,0.00894427,0.01492251,0.03707749,5,100
bch_derived_16_8,sinusoidal,hard_mld,6.0,average_decoding_time_ms,0.01151400,0.00249863,0.00841945,0.01460855,5,100
bch_derived_16_8,sinusoidal,soft_mld,0.0,ber,0.11025000,0.02668391,0.07720194,0.14329806,5,100
bch_derived_16_8,sinusoidal,soft_mld,0.0,frame_error_rate,0.30400000,0.06877500,0.21882208,0.38917792,5,100
bch_derived_16_8,sinusoidal,soft_mld,0.0,failure_rate,0.00000000,0.00000000,0.00000000,0.00000000,5,100
bch_derived_16_8,sinusoidal,soft_mld,0.0,miscorrection_rate,0.30400000,0.06877500,0.21882208,0.38917792,5,100
bch_derived_16_8,sinusoidal,soft_mld,0.0,conditional_miscorrection_rate,0.30400000,0.06877500,0.21882208,0.38917792,5,100
bch_derived_16_8,sinusoidal,soft_mld,0.0,ambiguous_rate,0.00000000,0.00000000,0.00000000,0.00000000,5,100
bch_derived_16_8,sinusoidal,soft_mld,0.0,average_decoding_time_ms,0.00405260,0.00044388,0.00350286,0.00460234,5,100
bch_derived_16_8,sinusoidal,soft_mld,1.0,ber,0.06725000,0.01353237,0.05049014,0.08400986,5,100
bch_derived_16_8,sinusoidal,soft_mld,1.0,frame_error_rate,0.19400000,0.03911521,0.14555576,0.24244424,5,100
bch_derived_16_8,sinusoidal,soft_mld,1.0,failure_rate,0.00000000,0.00000000,0.00000000,0.00000000,5,100
bch_derived_16_8,sinusoidal,soft_mld,1.0,miscorrection_rate,0.19400000,0.03911521,0.14555576,0.24244424,5,100
bch_derived_16_8,sinusoidal,soft_mld,1.0,conditional_miscorrection_rate,0.19400000,0.03911521,0.14555576,0.24244424,5,100
bch_derived_16_8,sinusoidal,soft_mld,1.0,ambiguous_rate,0.00000000,0.00000000,0.00000000,0.00000000,5,100
bch_derived_16_8,sinusoidal,soft_mld,1.0,average_decoding_time_ms,0.00386300,0.00060423,0.00311467,0.00461133,5,100
bch_derived_16_8,sinusoidal,soft_mld,2.0,ber,0.04475000,0.01101845,0.03110363,0.05839637,5,100
bch_derived_16_8,sinusoidal,soft_mld,2.0,frame_error_rate,0.13000000,0.03082207,0.09182683,0.16817317,5,100
bch_derived_16_8,sinusoidal,soft_mld,2.0,failure_rate,0.00000000,0.00000000,0.00000000,0.00000000,5,100
bch_derived_16_8,sinusoidal,soft_mld,2.0,miscorrection_rate,0.13000000,0.03082207,0.09182683,0.16817317,5,100
bch_derived_16_8,sinusoidal,soft_mld,2.0,conditional_miscorrection_rate,0.13000000,0.03082207,0.09182683,0.16817317,5,100
bch_derived_16_8,sinusoidal,soft_mld,2.0,ambiguous_rate,0.00000000,0.00000000,0.00000000,0.00000000,5,100
bch_derived_16_8,sinusoidal,soft_mld,2.0,average_decoding_time_ms,0.00414260,0.00113096,0.00274191,0.00554329,5,100
bch_derived_16_8,sinusoidal,soft_mld,3.0,ber,0.03000000,0.00631219,0.02218234,0.03781766,5,100
bch_derived_16_8,sinusoidal,soft_mld,3.0,frame_error_rate,0.08600000,0.02190890,0.05886580,0.11313420,5,100
bch_derived_16_8,sinusoidal,soft_mld,3.0,failure_rate,0.00000000,0.00000000,0.00000000,0.00000000,5,100
bch_derived_16_8,sinusoidal,soft_mld,3.0,miscorrection_rate,0.08600000,0.02190890,0.05886580,0.11313420,5,100
bch_derived_16_8,sinusoidal,soft_mld,3.0,conditional_miscorrection_rate,0.08600000,0.02190890,0.05886580,0.11313420,5,100
bch_derived_16_8,sinusoidal,soft_mld,3.0,ambiguous_rate,0.00000000,0.00000000,0.00000000,0.00000000,5,100
bch_derived_16_8,sinusoidal,soft_mld,3.0,average_decoding_time_ms,0.00401720,0.00054541,0.00334171,0.00469269,5,100
bch_derived_16_8,sinusoidal,soft_mld,4.0,ber,0.01500000,0.00459279,0.00931182,0.02068818,5,100
bch_derived_16_8,sinusoidal,soft_mld,4.0,frame_error_rate,0.04600000,0.01341641,0.02938376,0.06261624,5,100
bch_derived_16_8,sinusoidal,soft_mld,4.0,failure_rate,0.00000000,0.00000000,0.00000000,0.00000000,5,100
bch_derived_16_8,sinusoidal,soft_mld,4.0,miscorrection_rate,0.04600000,0.01341641,0.02938376,0.06261624,5,100
bch_derived_16_8,sinusoidal,soft_mld,4.0,conditional_miscorrection_rate,0.04600000,0.01341641,0.02938376,0.06261624,5,100
bch_derived_16_8,sinusoidal,soft_mld,4.0,ambiguous_rate,0.00000000,0.00000000,0.00000000,0.00000000,5,100
bch_derived_16_8,sinusoidal,soft_mld,4.0,average_decoding_time_ms,0.00533340,0.00222274,0.00258054,0.00808626,5,100
bch_derived_16_8,sinusoidal,soft_mld,5.0,ber,0.00525000,0.00540544,0.00000000,0.01194464,5,100
bch_derived_16_8,sinusoidal,soft_mld,5.0,frame_error_rate,0.01600000,0.01516575,0.00000000,0.03478280,5,100
bch_derived_16_8,sinusoidal,soft_mld,5.0,failure_rate,0.00000000,0.00000000,0.00000000,0.00000000,5,100
bch_derived_16_8,sinusoidal,soft_mld,5.0,miscorrection_rate,0.01600000,0.01516575,0.00000000,0.03478280,5,100
bch_derived_16_8,sinusoidal,soft_mld,5.0,conditional_miscorrection_rate,0.01600000,0.01516575,0.00000000,0.03478280,5,100
bch_derived_16_8,sinusoidal,soft_mld,5.0,ambiguous_rate,0.00000000,0.00000000,0.00000000,0.00000000,5,100
bch_derived_16_8,sinusoidal,soft_mld,5.0,average_decoding_time_ms,0.00425160,0.00070154,0.00338275,0.00512045,5,100
bch_derived_16_8,sinusoidal,soft_mld,6.0,ber,0.00250000,0.00233854,0.00000000,0.00539628,5,100
bch_derived_16_8,sinusoidal,soft_mld,6.0,frame_error_rate,0.00600000,0.00547723,0.00000000,0.01278355,5,100
bch_derived_16_8,sinusoidal,soft_mld,6.0,failure_rate,0.00000000,0.00000000,0.00000000,0.00000000,5,100
bch_derived_16_8,sinusoidal,soft_mld,6.0,miscorrection_rate,0.00600000,0.00547723,0.00000000,0.01278355,5,100
bch_derived_16_8,sinusoidal,soft_mld,6.0,conditional_miscorrection_rate,0.00600000,0.00547723,0.00000000,0.01278355,5,100
bch_derived_16_8,sinusoidal,soft_mld,6.0,ambiguous_rate,0.00000000,0.00000000,0.00000000,0.00000000,5,100
bch_derived_16_8,sinusoidal,soft_mld,6.0,average_decoding_time_ms,0.00447360,0.00218318,0.00176973,0.00717747,5,100
goppa_derived_16_8,rayleigh_awgn,syndrome,0.0,ber,0.86025000,0.01652177,0.83978777,0.88071223,5,100
goppa_derived_16_8,rayleigh_awgn,syndrome,0.0,frame_error_rate,0.87400000,0.01673320,0.85327591,0.89472409,5,100
goppa_derived_16_8,rayleigh_awgn,syndrome,0.0,failure_rate,0.85000000,0.01581139,0.83041757,0.86958243,5,100
goppa_derived_16_8,rayleigh_awgn,syndrome,0.0,miscorrection_rate,0.02400000,0.01140175,0.00987891,0.03812109,5,100
goppa_derived_16_8,rayleigh_awgn,syndrome,0.0,conditional_miscorrection_rate,0.16011743,0.07229697,0.07057754,0.24965732,5,100
goppa_derived_16_8,rayleigh_awgn,syndrome,0.0,ambiguous_rate,0.00000000,0.00000000,0.00000000,0.00000000,5,100
goppa_derived_16_8,rayleigh_awgn,syndrome,0.0,average_decoding_time_ms,0.01644880,0.00203197,0.01393220,0.01896540,5,100
goppa_derived_16_8,rayleigh_awgn,syndrome,1.0,ber,0.81150000,0.01439944,0.79366628,0.82933372,5,100
goppa_derived_16_8,rayleigh_awgn,syndrome,1.0,frame_error_rate,0.83400000,0.01949359,0.80985716,0.85814284,5,100
goppa_derived_16_8,rayleigh_awgn,syndrome,1.0,failure_rate,0.79800000,0.01303840,0.78185192,0.81414808,5,100
goppa_derived_16_8,rayleigh_awgn,syndrome,1.0,miscorrection_rate,0.03600000,0.01516575,0.01721720,0.05478280,5,100
goppa_derived_16_8,rayleigh_awgn,syndrome,1.0,conditional_miscorrection_rate,0.17873016,0.07434606,0.08665246,0.27080785,5,100
goppa_derived_16_8,rayleigh_awgn,syndrome,1.0,ambiguous_rate,0.00000000,0.00000000,0.00000000,0.00000000,5,100
goppa_derived_16_8,rayleigh_awgn,syndrome,1.0,average_decoding_time_ms,0.01942500,0.01015629,0.00684643,0.03200357,5,100
goppa_derived_16_8,rayleigh_awgn,syndrome,2.0,ber,0.76275000,0.01967311,0.73838483,0.78711517,5,100
goppa_derived_16_8,rayleigh_awgn,syndrome,2.0,frame_error_rate,0.78200000,0.02774887,0.74763298,0.81636702,5,100
goppa_derived_16_8,rayleigh_awgn,syndrome,2.0,failure_rate,0.75000000,0.01581139,0.73041757,0.76958243,5,100
goppa_derived_16_8,rayleigh_awgn,syndrome,2.0,miscorrection_rate,0.03200000,0.01303840,0.01585192,0.04814808,5,100
goppa_derived_16_8,rayleigh_awgn,syndrome,2.0,conditional_miscorrection_rate,0.13067769,0.06021796,0.05609766,0.20525772,5,100
goppa_derived_16_8,rayleigh_awgn,syndrome,2.0,ambiguous_rate,0.00000000,0.00000000,0.00000000,0.00000000,5,100
goppa_derived_16_8,rayleigh_awgn,syndrome,2.0,average_decoding_time_ms,0.01681060,0.00157485,0.01486015,0.01876105,5,100
goppa_derived_16_8,rayleigh_awgn,syndrome,3.0,ber,0.70475000,0.03356896,0.66317480,0.74632520,5,100
goppa_derived_16_8,rayleigh_awgn,syndrome,3.0,frame_error_rate,0.72000000,0.03741657,0.67365952,0.76634048,5,100
goppa_derived_16_8,rayleigh_awgn,syndrome,3.0,failure_rate,0.69600000,0.03130495,0.65722878,0.73477122,5,100
goppa_derived_16_8,rayleigh_awgn,syndrome,3.0,miscorrection_rate,0.02400000,0.01140175,0.00987891,0.03812109,5,100
goppa_derived_16_8,rayleigh_awgn,syndrome,3.0,conditional_miscorrection_rate,0.08099747,0.04343388,0.02720456,0.13479039,5,100
goppa_derived_16_8,rayleigh_awgn,syndrome,3.0,ambiguous_rate,0.00000000,0.00000000,0.00000000,0.00000000,5,100
goppa_derived_16_8,rayleigh_awgn,syndrome,3.0,average_decoding_time_ms,0.01617220,0.00138698,0.01445443,0.01788997,5,100
goppa_derived_16_8,rayleigh_awgn,syndrome,4.0,ber,0.61075000,0.03800288,0.56368339,0.65781661,5,100
goppa_derived_16_8,rayleigh_awgn,syndrome,4.0,frame_error_rate,0.62000000,0.03937004,0.57124015,0.66875985,5,100
goppa_derived_16_8,rayleigh_awgn,syndrome,4.0,failure_rate,0.60600000,0.03646917,0.56083289,0.65116711,5,100
goppa_derived_16_8,rayleigh_awgn,syndrome,4.0,miscorrection_rate,0.01400000,0.00894427,0.00292251,0.02507749,5,100
goppa_derived_16_8,rayleigh_awgn,syndrome,4.0,conditional_miscorrection_rate,0.03618130,0.02316409,0.00749254,0.06487005,5,100
goppa_derived_16_8,rayleigh_awgn,syndrome,4.0,ambiguous_rate,0.00000000,0.00000000,0.00000000,0.00000000,5,100
goppa_derived_16_8,rayleigh_awgn,syndrome,4.0,average_decoding_time_ms,0.01662660,0.00194962,0.01421199,0.01904121,5,100
goppa_derived_16_8,rayleigh_awgn,syndrome,5.0,ber,0.54200000,0.06580392,0.46050176,0.62349824,5,100
goppa_derived_16_8,rayleigh_awgn,syndrome,5.0,frame_error_rate,0.54600000,0.06542171,0.46497513,0.62702487,5,100
goppa_derived_16_8,rayleigh_awgn,syndrome,5.0,failure_rate,0.54000000,0.06595453,0.45831523,0.62168477,5,100
goppa_derived_16_8,rayleigh_awgn,syndrome,5.0,miscorrection_rate,0.00600000,0.00547723,0.00000000,0.01278355,5,100
goppa_derived_16_8,rayleigh_awgn,syndrome,5.0,conditional_miscorrection_rate,0.01311688,0.01224891,0.00000000,0.02828718,5,100
goppa_derived_16_8,rayleigh_awgn,syndrome,5.0,ambiguous_rate,0.00000000,0.00000000,0.00000000,0.00000000,5,100
goppa_derived_16_8,rayleigh_awgn,syndrome,5.0,average_decoding_time_ms,0.01592420,0.00057341,0.01521403,0.01663437,5,100
goppa_derived_16_8,rayleigh_awgn,syndrome,6.0,ber,0.43525000,0.05817807,0.36319639,0.50730361,5,100
goppa_derived_16_8,rayleigh_awgn,syndrome,6.0,frame_error_rate,0.43800000,0.06016644,0.36348379,0.51251621,5,100
goppa_derived_16_8,rayleigh_awgn,syndrome,6.0,failure_rate,0.43400000,0.05683309,0.36361215,0.50438785,5,100
goppa_derived_16_8,rayleigh_awgn,syndrome,6.0,miscorrection_rate,0.00400000,0.00547723,0.00000000,0.01078355,5,100
goppa_derived_16_8,rayleigh_awgn,syndrome,6.0,conditional_miscorrection_rate,0.00755793,0.01036140,0.00000000,0.02039054,5,100
goppa_derived_16_8,rayleigh_awgn,syndrome,6.0,ambiguous_rate,0.00000000,0.00000000,0.00000000,0.00000000,5,100
goppa_derived_16_8,rayleigh_awgn,syndrome,6.0,average_decoding_time_ms,0.01787660,0.00453144,0.01226440,0.02348880,5,100
goppa_derived_16_8,rayleigh_awgn,chase,0.0,ber,0.33575000,0.01191113,0.32099805,0.35050195,5,100
goppa_derived_16_8,rayleigh_awgn,chase,0.0,frame_error_rate,0.55800000,0.03492850,0.51474101,0.60125899,5,100
goppa_derived_16_8,rayleigh_awgn,chase,0.0,failure_rate,0.21200000,0.01303840,0.19585192,0.22814808,5,100
goppa_derived_16_8,rayleigh_awgn,chase,0.0,miscorrection_rate,0.34600000,0.03847077,0.29835390,0.39364610,5,100
goppa_derived_16_8,rayleigh_awgn,chase,0.0,conditional_miscorrection_rate,0.43891233,0.04602352,0.38191214,0.49591252,5,100
goppa_derived_16_8,rayleigh_awgn,chase,0.0,ambiguous_rate,0.00000000,0.00000000,0.00000000,0.00000000,5,100
goppa_derived_16_8,rayleigh_awgn,chase,0.0,average_decoding_time_ms,0.15152380,0.05454522,0.08396947,0.21907813,5,100
goppa_derived_16_8,rayleigh_awgn,chase,1.0,ber,0.26750000,0.03840573,0.21993445,0.31506555,5,100
goppa_derived_16_8,rayleigh_awgn,chase,1.0,frame_error_rate,0.44800000,0.04868265,0.38770648,0.50829352,5,100
goppa_derived_16_8,rayleigh_awgn,chase,1.0,failure_rate,0.16600000,0.03847077,0.11835390,0.21364610,5,100
goppa_derived_16_8,rayleigh_awgn,chase,1.0,miscorrection_rate,0.28200000,0.04549725,0.22565159,0.33834841,5,100
goppa_derived_16_8,rayleigh_awgn,chase,1.0,conditional_miscorrection_rate,0.33802979,0.05138105,0.27439429,0.40166528,5,100
goppa_derived_16_8,rayleigh_awgn,chase,1.0,ambiguous_rate,0.00000000,0.00000000,0.00000000,0.00000000,5,100
goppa_derived_16_8,rayleigh_awgn,chase,1.0,average_decoding_time_ms,0.13784420,0.02087620,0.11198900,0.16369940,5,100
goppa_derived_16_8,rayleigh_awgn,chase,2.0,ber,0.21675000,0.04698404,0.15856021,0.27493979,5,100
goppa_derived_16_8,rayleigh_awgn,chase,2.0,frame_error_rate,0.35400000,0.07503333,0.26107113,0.44692887,5,100
goppa_derived_16_8,rayleigh_awgn,chase,2.0,failure_rate,0.14200000,0.03114482,0.10342710,0.18057290,5,100
goppa_derived_16_8,rayleigh_awgn,chase,2.0,miscorrection_rate,0.21200000,0.05069517,0.14921397,0.27478603,5,100
goppa_derived_16_8,rayleigh_awgn,chase,2.0,conditional_miscorrection_rate,0.24850910,0.06556450,0.16730738,0.32971081,5,100
goppa_derived_16_8,rayleigh_awgn,chase,2.0,ambiguous_rate,0.00000000,0.00000000,0.00000000,0.00000000,5,100
goppa_derived_16_8,rayleigh_awgn,chase,2.0,average_decoding_time_ms,0.13660720,0.00735244,0.12750119,0.14571321,5,100
goppa_derived_16_8,rayleigh_awgn,chase,3.0,ber,0.15450000,0.02750852,0.12043066,0.18856934,5,100
goppa_derived_16_8,rayleigh_awgn,chase,3.0,frame_error_rate,0.25000000,0.04847680,0.18996142,0.31003858,5,100
goppa_derived_16_8,rayleigh_awgn,chase,3.0,failure_rate,0.10400000,0.02701851,0.07053754,0.13746246,5,100
goppa_derived_16_8,rayleigh_awgn,chase,3.0,miscorrection_rate,0.14600000,0.05458938,0.07839099,0.21360901,5,100
goppa_derived_16_8,rayleigh_awgn,chase,3.0,conditional_miscorrection_rate,0.16241926,0.05861924,0.08981925,0.23501926,5,100
goppa_derived_16_8,rayleigh_awgn,chase,3.0,ambiguous_rate,0.00000000,0.00000000,0.00000000,0.00000000,5,100
goppa_derived_16_8,rayleigh_awgn,chase,3.0,average_decoding_time_ms,0.13424460,0.00815659,0.12414265,0.14434655,5,100
goppa_derived_16_8,rayleigh_awgn,chase,4.0,ber,0.10900000,0.02058519,0.08350522,0.13449478,5,100
goppa_derived_16_8,rayleigh_awgn,chase,4.0,frame_error_rate,0.18000000,0.02915476,0.14389179,0.21610821,5,100
goppa_derived_16_8,rayleigh_awgn,chase,4.0,failure_rate,0.07000000,0.01870829,0.04682976,0.09317024,5,100
goppa_derived_16_8,rayleigh_awgn,chase,4.0,miscorrection_rate,0.11000000,0.03162278,0.07083515,0.14916485,5,100
goppa_derived_16_8,rayleigh_awgn,chase,4.0,conditional_miscorrection_rate,0.11807648,0.03333581,0.07679003,0.15936293,5,100
goppa_derived_16_8,rayleigh_awgn,chase,4.0,ambiguous_rate,0.00000000,0.00000000,0.00000000,0.00000000,5,100
goppa_derived_16_8,rayleigh_awgn,chase,4.0,average_decoding_time_ms,0.14011820,0.00830021,0.12983838,0.15039802,5,100
goppa_derived_16_8,rayleigh_awgn,chase,5.0,ber,0.07275000,0.02269705,0.04463967,0.10086033,5,100
goppa_derived_16_8,rayleigh_awgn,chase,5.0,frame_error_rate,0.12400000,0.03049590,0.08623079,0.16176921,5,100
goppa_derived_16_8,rayleigh_awgn,chase,5.0,failure_rate,0.04600000,0.02302173,0.01748756,0.07451244,5,100
goppa_derived_16_8,rayleigh_awgn,chase,5.0,miscorrection_rate,0.07800000,0.02489980,0.04716157,0.10883843,5,100
goppa_derived_16_8,rayleigh_awgn,chase,5.0,conditional_miscorrection_rate,0.08169673,0.02564850,0.04993104,0.11346243,5,100
goppa_derived_16_8,rayleigh_awgn,chase,5.0,ambiguous_rate,0.00000000,0.00000000,0.00000000,0.00000000,5,100
goppa_derived_16_8,rayleigh_awgn,chase,5.0,average_decoding_time_ms,0.13785840,0.00999068,0.12548493,0.15023187,5,100
goppa_derived_16_8,rayleigh_awgn,chase,6.0,ber,0.04000000,0.02080415,0.01423404,0.06576596,5,100
goppa_derived_16_8,rayleigh_awgn,chase,6.0,frame_error_rate,0.07400000,0.02509980,0.04291386,0.10508614,5,100
goppa_derived_16_8,rayleigh_awgn,chase,6.0,failure_rate,0.02200000,0.02387467,0.00000000,0.05156881,5,100
goppa_derived_16_8,rayleigh_awgn,chase,6.0,miscorrection_rate,0.05200000,0.02949576,0.01546946,0.08853054,5,100
goppa_derived_16_8,rayleigh_awgn,chase,6.0,conditional_miscorrection_rate,0.05285137,0.02934399,0.01650880,0.08919395,5,100
goppa_derived_16_8,rayleigh_awgn,chase,6.0,ambiguous_rate,0.00000000,0.00000000,0.00000000,0.00000000,5,100
goppa_derived_16_8,rayleigh_awgn,chase,6.0,average_decoding_time_ms,0.13475940,0.00677634,0.12636689,0.14315191,5,100
goppa_derived_16_8,rayleigh_awgn,hard_mld,0.0,ber,0.24350000,0.01762012,0.22167745,0.26532255,5,100
goppa_derived_16_8,rayleigh_awgn,hard_mld,0.0,frame_error_rate,0.62800000,0.04024922,0.57815128,0.67784872,5,100
goppa_derived_16_8,rayleigh_awgn,hard_mld,0.0,failure_rate,0.00000000,0.00000000,0.00000000,0.00000000,5,100
goppa_derived_16_8,rayleigh_awgn,hard_mld,0.0,miscorrection_rate,0.62800000,0.04024922,0.57815128,0.67784872,5,100
goppa_derived_16_8,rayleigh_awgn,hard_mld,0.0,conditional_miscorrection_rate,0.62800000,0.04024922,0.57815128,0.67784872,5,100
goppa_derived_16_8,rayleigh_awgn,hard_mld,0.0,ambiguous_rate,0.36800000,0.05403702,0.30107507,0.43492493,5,100
goppa_derived_16_8,rayleigh_awgn,hard_mld,0.0,average_decoding_time_ms,0.01612760,0.00919101,0.00474453,0.02751067,5,100
goppa_derived_16_8,rayleigh_awgn,hard_mld,1.0,ber,0.20600000,0.01951362,0.18183236,0.23016764,5,100
goppa_derived_16_8,rayleigh_awgn,hard_mld,1.0,frame_error_rate,0.54200000,0.04086563,0.49138786,0.59261214,5,100
goppa_derived_16_8,rayleigh_awgn,hard_mld,1.0,failure_rate,0.00000000,0.00000000,0.00000000,0.00000000,5,100
goppa_derived_16_8,rayleigh_awgn,hard_mld,1.0,miscorrection_rate,0.54200000,0.04086563,0.49138786,0.59261214,5,100
goppa_derived_16_8,rayleigh_awgn,hard_mld,1.0,conditional_miscorrection_rate,0.54200000,0.04086563,0.49138786,0.59261214,5,100
goppa_derived_16_8,rayleigh_awgn,hard_mld,1.0,ambiguous_rate,0.32200000,0.05403702,0.25507507,0.38892493,5,100
goppa_derived_16_8,rayleigh_awgn,hard_mld,1.0,average_decoding_time_ms,0.01688080,0.00832951,0.00656469,0.02719691,5,100
goppa_derived_16_8,rayleigh_awgn,hard_mld,2.0,ber,0.17825000,0.02024460,0.15317704,0.20332296,5,100
goppa_derived_16_8,rayleigh_awgn,hard_mld,2.0,frame_error_rate,0.46400000,0.05412947,0.39696058,0.53103942,5,100
goppa_derived_16_8,rayleigh_awgn,hard_mld,2.0,failure_rate,0.00000000,0.00000000,0.00000000,0.00000000,5,100
goppa_derived_16_8,rayleigh_awgn,hard_mld,2.0,miscorrection_rate,0.46400000,0.05412947,0.39696058,0.53103942,5,100
goppa_derived_16_8,rayleigh_awgn,hard_mld,2.0,conditional_miscorrection_rate,0.46400000,0.05412947,0.39696058,0.53103942,5,100
goppa_derived_16_8,rayleigh_awgn,hard_mld,2.0,ambiguous_rate,0.27800000,0.02588436,0.24594219,0.31005781,5,100
goppa_derived_16_8,rayleigh_awgn,hard_mld,2.0,average_decoding_time_ms,0.01237020,0.00177421,0.01017284,0.01456756,5,100
goppa_derived_16_8,rayleigh_awgn,hard_mld,3.0,ber,0.14950000,0.01890767,0.12608283,0.17291717,5,100
goppa_derived_16_8,rayleigh_awgn,hard_mld,3.0,frame_error_rate,0.40200000,0.04969909,0.34044761,0.46355239,5,100
goppa_derived_16_8,rayleigh_awgn,hard_mld,3.0,failure_rate,0.00000000,0.00000000,0.00000000,0.00000000,5,100
goppa_derived_16_8,rayleigh_awgn,hard_mld,3.0,miscorrection_rate,0.40200000,0.04969909,0.34044761,0.46355239,5,100
goppa_derived_16_8,rayleigh_awgn,hard_mld,3.0,conditional_miscorrection_rate,0.40200000,0.04969909,0.34044761,0.46355239,5,100
goppa_derived_16_8,rayleigh_awgn,hard_mld,3.0,ambiguous_rate,0.25400000,0.00894427,0.24292251,0.26507749,5,100
goppa_derived_16_8,rayleigh_awgn,hard_mld,3.0,average_decoding_time_ms,0.01318000,0.00192297,0.01079840,0.01556160,5,100
goppa_derived_16_8,rayleigh_awgn,hard_mld,4.0,ber,0.10825000,0.01760238,0.08644943,0.13005057,5,100
goppa_derived_16_8,rayleigh_awgn,hard_mld,4.0,frame_error_rate,0.29600000,0.05319774,0.23011452,0.36188548,5,100
goppa_derived_16_8,rayleigh_awgn,hard_mld,4.0,failure_rate,0.00000000,0.00000000,0.00000000,0.00000000,5,100
goppa_derived_16_8,rayleigh_awgn,hard_mld,4.0,miscorrection_rate,0.29600000,0.05319774,0.23011452,0.36188548,5,100
goppa_derived_16_8,rayleigh_awgn,hard_mld,4.0,conditional_miscorrection_rate,0.29600000,0.05319774,0.23011452,0.36188548,5,100
goppa_derived_16_8,rayleigh_awgn,hard_mld,4.0,ambiguous_rate,0.21200000,0.02588436,0.17994219,0.24405781,5,100
goppa_derived_16_8,rayleigh_awgn,hard_mld,4.0,average_decoding_time_ms,0.01295880,0.00163905,0.01092884,0.01498876,5,100
goppa_derived_16_8,rayleigh_awgn,hard_mld,5.0,ber,0.07900000,0.02039455,0.05374133,0.10425867,5,100
goppa_derived_16_8,rayleigh_awgn,hard_mld,5.0,frame_error_rate,0.21200000,0.05357238,0.14565054,0.27834946,5,100
goppa_derived_16_8,rayleigh_awgn,hard_mld,5.0,failure_rate,0.00000000,0.00000000,0.00000000,0.00000000,5,100
goppa_derived_16_8,rayleigh_awgn,hard_mld,5.0,miscorrection_rate,0.21200000,0.05357238,0.14565054,0.27834946,5,100
goppa_derived_16_8,rayleigh_awgn,hard_mld,5.0,conditional_miscorrection_rate,0.21200000,0.05357238,0.14565054,0.27834946,5,100
goppa_derived_16_8,rayleigh_awgn,hard_mld,5.0,ambiguous_rate,0.15800000,0.03114482,0.11942710,0.19657290,5,100
goppa_derived_16_8,rayleigh_awgn,hard_mld,5.0,average_decoding_time_ms,0.01359920,0.00198771,0.01113742,0.01606098,5,100
goppa_derived_16_8,rayleigh_awgn,hard_mld,6.0,ber,0.05275000,0.02029855,0.02761022,0.07788978,5,100
goppa_derived_16_8,rayleigh_awgn,hard_mld,6.0,frame_error_rate,0.14800000,0.04969909,0.08644761,0.20955239,5,100
goppa_derived_16_8,rayleigh_awgn,hard_mld,6.0,failure_rate,0.00000000,0.00000000,0.00000000,0.00000000,5,100
goppa_derived_16_8,rayleigh_awgn,hard_mld,6.0,miscorrection_rate,0.14800000,0.04969909,0.08644761,0.20955239,5,100
goppa_derived_16_8,rayleigh_awgn,hard_mld,6.0,conditional_miscorrection_rate,0.14800000,0.04969909,0.08644761,0.20955239,5,100
goppa_derived_16_8,rayleigh_awgn,hard_mld,6.0,ambiguous_rate,0.11800000,0.04438468,0.06302951,0.17297049,5,100
goppa_derived_16_8,rayleigh_awgn,hard_mld,6.0,average_decoding_time_ms,0.01206900,0.00061749,0.01130423,0.01283377,5,100
goppa_derived_16_8,rayleigh_awgn,soft_mld,0.0,ber,0.16275000,0.00969858,0.15073829,0.17476171,5,100
goppa_derived_16_8,rayleigh_awgn,soft_mld,0.0,frame_error_rate,0.44200000,0.03271085,0.40148756,0.48251244,5,100
goppa_derived_16_8,rayleigh_awgn,soft_mld,0.0,failure_rate,0.00000000,0.00000000,0.00000000,0.00000000,5,100
goppa_derived_16_8,rayleigh_awgn,soft_mld,0.0,miscorrection_rate,0.44200000,0.03271085,0.40148756,0.48251244,5,100
goppa_derived_16_8,rayleigh_awgn,soft_mld,0.0,conditional_miscorrection_rate,0.44200000,0.03271085,0.40148756,0.48251244,5,100
goppa_derived_16_8,rayleigh_awgn,soft_mld,0.0,ambiguous_rate,0.00000000,0.00000000,0.00000000,0.00000000,5,100
goppa_derived_16_8,rayleigh_awgn,soft_mld,0.0,average_decoding_time_ms,0.00405780,0.00065902,0.00324161,0.00487399,5,100
goppa_derived_16_8,rayleigh_awgn,soft_mld,1.0,ber,0.13425000,0.02070251,0.10860992,0.15989008,5,100
goppa_derived_16_8,rayleigh_awgn,soft_mld,1.0,frame_error_rate,0.36000000,0.05656854,0.28993979,0.43006021,5,100
goppa_derived_16_8,rayleigh_awgn,soft_mld,1.0,failure_rate,0.00000000,0.00000000,0.00000000,0.00000000,5,100
goppa_derived_16_8,rayleigh_awgn,soft_mld,1.0,miscorrection_rate,0.36000000,0.05656854,0.28993979,0.43006021,5,100
goppa_derived_16_8,rayleigh_awgn,soft_mld,1.0,conditional_miscorrection_rate,0.36000000,0.05656854,0.28993979,0.43006021,5,100
goppa_derived_16_8,rayleigh_awgn,soft_mld,1.0,ambiguous_rate,0.00000000,0.00000000,0.00000000,0.00000000,5,100
goppa_derived_16_8,rayleigh_awgn,soft_mld,1.0,average_decoding_time_ms,0.00396580,0.00071831,0.00307617,0.00485543,5,100
goppa_derived_16_8,rayleigh_awgn,soft_mld,2.0,ber,0.09150000,0.02427705,0.06143285,0.12156715,5,100
goppa_derived_16_8,rayleigh_awgn,soft_mld,2.0,frame_error_rate,0.25000000,0.06363961,0.17118226,0.32881774,5,100
goppa_derived_16_8,rayleigh_awgn,soft_mld,2.0,failure_rate,0.00000000,0.00000000,0.00000000,0.00000000,5,100
goppa_derived_16_8,rayleigh_awgn,soft_mld,2.0,miscorrection_rate,0.25000000,0.06363961,0.17118226,0.32881774,5,100
goppa_derived_16_8,rayleigh_awgn,soft_mld,2.0,conditional_miscorrection_rate,0.25000000,0.06363961,0.17118226,0.32881774,5,100
goppa_derived_16_8,rayleigh_awgn,soft_mld,2.0,ambiguous_rate,0.00000000,0.00000000,0.00000000,0.00000000,5,100
goppa_derived_16_8,rayleigh_awgn,soft_mld,2.0,average_decoding_time_ms,0.00430220,0.00081412,0.00329391,0.00531049,5,100
goppa_derived_16_8,rayleigh_awgn,soft_mld,3.0,ber,0.05725000,0.01482713,0.03888658,0.07561342,5,100
goppa_derived_16_8,rayleigh_awgn,soft_mld,3.0,frame_error_rate,0.16000000,0.03535534,0.11621237,0.20378763,5,100
goppa_derived_16_8,rayleigh_awgn,soft_mld,3.0,failure_rate,0.00000000,0.00000000,0.00000000,0.00000000,5,100
goppa_derived_16_8,rayleigh_awgn,soft_mld,3.0,miscorrection_rate,0.16000000,0.03535534,0.11621237,0.20378763,5,100
goppa_derived_16_8,rayleigh_awgn,soft_mld,3.0,conditional_miscorrection_rate,0.16000000,0.03535534,0.11621237,0.20378763,5,100
goppa_derived_16_8,rayleigh_awgn,soft_mld,3.0,ambiguous_rate,0.00200000,0.00447214,0.00000000,0.00753875,5,100
goppa_derived_16_8,rayleigh_awgn,soft_mld,3.0,average_decoding_time_ms,0.00422340,0.00059499,0.00348650,0.00496030,5,100
goppa_derived_16_8,rayleigh_awgn,soft_mld,4.0,ber,0.03500000,0.00579601,0.02782163,0.04217837,5,100
goppa_derived_16_8,rayleigh_awgn,soft_mld,4.0,frame_error_rate,0.09800000,0.01095445,0.08443290,0.11156710,5,100
goppa_derived_16_8,rayleigh_awgn,soft_mld,4.0,failure_rate,0.00000000,0.00000000,0.00000000,0.00000000,5,100
goppa_derived_16_8,rayleigh_awgn,soft_mld,4.0,miscorrection_rate,0.09800000,0.01095445,0.08443290,0.11156710,5,100
goppa_derived_16_8,rayleigh_awgn,soft_mld,4.0,conditional_miscorrection_rate,0.09800000,0.01095445,0.08443290,0.11156710,5,100
goppa_derived_16_8,rayleigh_awgn,soft_mld,4.0,ambiguous_rate,0.00000000,0.00000000,0.00000000,0.00000000,5,100
goppa_derived_16_8,rayleigh_awgn,soft_mld,4.0,average_decoding_time_ms,0.00491480,0.00232013,0.00204131,0.00778829,5,100
goppa_derived_16_8,rayleigh_awgn,soft_mld,5.0,ber,0.02225000,0.00462669,0.01651984,0.02798016,5,100
goppa_derived_16_8,rayleigh_awgn,soft_mld,5.0,frame_error_rate,0.06400000,0.01341641,0.04738376,0.08061624,5,100
goppa_derived_16_8,rayleigh_awgn,soft_mld,5.0,failure_rate,0.00000000,0.00000000,0.00000000,0.00000000,5,100
goppa_derived_16_8,rayleigh_awgn,soft_mld,5.0,miscorrection_rate,0.06400000,0.01341641,0.04738376,0.08061624,5,100
goppa_derived_16_8,rayleigh_awgn,soft_mld,5.0,conditional_miscorrection_rate,0.06400000,0.01341641,0.04738376,0.08061624,5,100
goppa_derived_16_8,rayleigh_awgn,soft_mld,5.0,ambiguous_rate,0.00000000,0.00000000,0.00000000,0.00000000,5,100
goppa_derived_16_8,rayleigh_awgn,soft_mld,5.0,average_decoding_time_ms,0.00424340,0.00027012,0.00390886,0.00457794,5,100
goppa_derived_16_8,rayleigh_awgn,soft_mld,6.0,ber,0.01400000,0.00725646,0.00501286,0.02298714,5,100
goppa_derived_16_8,rayleigh_awgn,soft_mld,6.0,frame_error_rate,0.03800000,0.01923538,0.01417695,0.06182305,5,100
goppa_derived_16_8,rayleigh_awgn,soft_mld,6.0,failure_rate,0.00000000,0.00000000,0.00000000,0.00000000,5,100
goppa_derived_16_8,rayleigh_awgn,soft_mld,6.0,miscorrection_rate,0.03800000,0.01923538,0.01417695,0.06182305,5,100
goppa_derived_16_8,rayleigh_awgn,soft_mld,6.0,conditional_miscorrection_rate,0.03800000,0.01923538,0.01417695,0.06182305,5,100
goppa_derived_16_8,rayleigh_awgn,soft_mld,6.0,ambiguous_rate,0.00000000,0.00000000,0.00000000,0.00000000,5,100
goppa_derived_16_8,rayleigh_awgn,soft_mld,6.0,average_decoding_time_ms,0.00391860,0.00035114,0.00348371,0.00435349,5,100
goppa_derived_16_8,rayleigh,syndrome,0.0,ber,0.71350000,0.03094097,0.67517957,0.75182043,5,100
goppa_derived_16_8,rayleigh,syndrome,0.0,frame_error_rate,0.72800000,0.03834058,0.68051514,0.77548486,5,100
goppa_derived_16_8,rayleigh,syndrome,0.0,failure_rate,0.70400000,0.02607681,0.67170384,0.73629616,5,100
goppa_derived_16_8,rayleigh,syndrome,0.0,miscorrection_rate,0.02400000,0.02073644,0.00000000,0.04968211,5,100
goppa_derived_16_8,rayleigh,syndrome,0.0,conditional_miscorrection_rate,0.08323232,0.07496344,0.00000000,0.17607464,5,100
goppa_derived_16_8,rayleigh,syndrome,0.0,ambiguous_rate,0.00000000,0.00000000,0.00000000,0.00000000,5,100
goppa_derived_16_8,rayleigh,syndrome,0.0,average_decoding_time_ms,0.01366160,0.00402909,0.00867156,0.01865164,5,100
goppa_derived_16_8,rayleigh,syndrome,1.0,ber,0.65125000,0.04068745,0.60085854,0.70164146,5,100
goppa_derived_16_8,rayleigh,syndrome,1.0,frame_error_rate,0.66600000,0.04505552,0.61019868,0.72180132,5,100
goppa_derived_16_8,rayleigh,syndrome,1.0,failure_rate,0.64200000,0.03962323,0.59292658,0.69107342,5,100
goppa_derived_16_8,rayleigh,syndrome,1.0,miscorrection_rate,0.02400000,0.02302173,0.00000000,0.05251244,5,100
goppa_derived_16_8,rayleigh,syndrome,1.0,conditional_miscorrection_rate,0.06744020,0.06156603,0.00000000,0.14368980,5,100
goppa_derived_16_8,rayleigh,syndrome,1.0,ambiguous_rate,0.00000000,0.00000000,0.00000000,0.00000000,5,100
goppa_derived_16_8,rayleigh,syndrome,1.0,average_decoding_time_ms,0.01403520,0.00313757,0.01014932,0.01792108,5,100
goppa_derived_16_8,rayleigh,syndrome,2.0,ber,0.59475000,0.04654803,0.53710021,0.65239979,5,100
goppa_derived_16_8,rayleigh,syndrome,2.0,frame_error_rate,0.61000000,0.04898979,0.54932608,0.67067392,5,100
goppa_derived_16_8,rayleigh,syndrome,2.0,failure_rate,0.58600000,0.04669047,0.52817379,0.64382621,5,100
goppa_derived_16_8,rayleigh,syndrome,2.0,miscorrection_rate,0.02400000,0.02073644,0.00000000,0.04968211,5,100
goppa_derived_16_8,rayleigh,syndrome,2.0,conditional_miscorrection_rate,0.05784665,0.05195776,0.00000000,0.12219641,5,100
goppa_derived_16_8,rayleigh,syndrome,2.0,ambiguous_rate,0.00000000,0.00000000,0.00000000,0.00000000,5,100
goppa_derived_16_8,rayleigh,syndrome,2.0,average_decoding_time_ms,0.01348620,0.00391081,0.00864266,0.01832974,5,100
goppa_derived_16_8,rayleigh,syndrome,3.0,ber,0.51900000,0.04863287,0.45876812,0.57923188,5,100
goppa_derived_16_8,rayleigh,syndrome,3.0,frame_error_rate,0.53600000,0.05128353,0.47248529,0.59951471,5,100
goppa_derived_16_8,rayleigh,syndrome,3.0,failure_rate,0.51000000,0.04898979,0.44932608,0.57067392,5,100
goppa_derived_16_8,rayleigh,syndrome,3.0,miscorrection_rate,0.02600000,0.02701851,0.00000000,0.05946246,5,100
goppa_derived_16_8,rayleigh,syndrome,3.0,conditional_miscorrection_rate,0.05269162,0.05685319,0.00000000,0.12310437,5,100
goppa_derived_16_8,rayleigh,syndrome,3.0,ambiguous_rate,0.00000000,0.00000000,0.00000000,0.00000000,5,100
goppa_derived_16_8,rayleigh,syndrome,3.0,average_decoding_time_ms,0.01552920,0.00289080,0.01194894,0.01910946,5,100
goppa_derived_16_8,rayleigh,syndrome,4.0,ber,0.45325000,0.05319921,0.38736271,0.51913729,5,100
goppa_derived_16_8,rayleigh,syndrome,4.0,frame_error_rate,0.46800000,0.05540758,0.39937764,0.53662236,5,100
goppa_derived_16_8,rayleigh,syndrome,4.0,failure_rate,0.44600000,0.05128353,0.38248529,0.50951471,5,100
goppa_derived_16_8,rayleigh,syndrome,4.0,miscorrection_rate,0.02200000,0.01788854,0.00000000,0.04415498,5,100
goppa_derived_16_8,rayleigh,syndrome,4.0,conditional_miscorrection_rate,0.04025692,0.03193925,0.00070012,0.07981372,5,100
goppa_derived_16_8,rayleigh,syndrome,4.0,ambiguous_rate,0.00000000,0.00000000,0.00000000,0.00000000,5,100
goppa_derived_16_8,rayleigh,syndrome,4.0,average_decoding_time_ms,0.01407100,0.00367821,0.00951554,0.01862646,5,100
goppa_derived_16_8,rayleigh,syndrome,5.0,ber,0.40100000,0.05110804,0.33770263,0.46429737,5,100
goppa_derived_16_8,rayleigh,syndrome,5.0,frame_error_rate,0.41200000,0.04969909,0.35044761,0.47355239,5,100
goppa_derived_16_8,rayleigh,syndrome,5.0,failure_rate,0.39600000,0.05128353,0.33248529,0.45951471,5,100
goppa_derived_16_8,rayleigh,syndrome,5.0,miscorrection_rate,0.01600000,0.01140175,0.00187891,0.03012109,5,100
goppa_derived_16_8,rayleigh,syndrome,5.0,conditional_miscorrection_rate,0.02631560,0.01893365,0.00286625,0.04976494,5,100
goppa_derived_16_8,rayleigh,syndrome,5.0,ambiguous_rate,0.00000000,0.00000000,0.00000000,0.00000000,5,100
goppa_derived_16_8,rayleigh,syndrome,5.0,average_decoding_time_ms,0.01451480,0.00381591,0.00978879,0.01924081,5,100
goppa_derived_16_8,rayleigh,syndrome,6.0,ber,0.34650000,0.03574432,0.30223062,0.39076938,5,100
goppa_derived_16_8,rayleigh,syndrome,6.0,frame_error_rate,0.35600000,0.03781534,0.30916565,0.40283435,5,100
goppa_derived_16_8,rayleigh,syndrome,6.0,failure_rate,0.34200000,0.03492850,0.29874101,0.38525899,5,100
goppa_derived_16_8,rayleigh,syndrome,6.0,miscorrection_rate,0.01400000,0.01341641,0.00000000,0.03061624,5,100
goppa_derived_16_8,rayleigh,syndrome,6.0,conditional_miscorrection_rate,0.02136257,0.02046720,0.00000000,0.04671122,5,100
goppa_derived_16_8,rayleigh,syndrome,6.0,ambiguous_rate,0.00000000,0.00000000,0.00000000,0.00000000,5,100
goppa_derived_16_8,rayleigh,syndrome,6.0,average_decoding_time_ms,0.01473100,0.00433508,0.00936200,0.02010000,5,100
goppa_derived_16_8,rayleigh,chase,0.0,ber,0.29525000,0.02281721,0.26699086,0.32350914,5,100
goppa_derived_16_8,rayleigh,chase,0.0,frame_error_rate,0.50400000,0.04827007,0.44421745,0.56378255,5,100
goppa_derived_16_8,rayleigh,chase,0.0,failure_rate,0.15000000,0.00707107,0.14124247,0.15875753,5,100
goppa_derived_16_8,rayleigh,chase,0.0,miscorrection_rate,0.35400000,0.05029911,0.29170449,0.41629551,5,100
goppa_derived_16_8,rayleigh,chase,0.0,conditional_miscorrection_rate,0.41635529,0.05804357,0.34446825,0.48824232,5,100
goppa_derived_16_8,rayleigh,chase,0.0,ambiguous_rate,0.00000000,0.00000000,0.00000000,0.00000000,5,100
goppa_derived_16_8,rayleigh,chase,0.0,average_decoding_time_ms,0.11599240,0.02945272,0.07951517,0.15246963,5,100
goppa_derived_16_8,rayleigh,chase,1.0,ber,0.26575000,0.01949760,0.24160220,0.28989780,5,100
goppa_derived_16_8,rayleigh,chase,1.0,frame_error_rate,0.43800000,0.05674504,0.36772119,0.50827881,5,100
goppa_derived_16_8,rayleigh,chase,1.0,failure_rate,0.14400000,0.02302173,0.11548756,0.17251244,5,100
goppa_derived_16_8,rayleigh,chase,1.0,miscorrection_rate,0.29400000,0.07469940,0.20148470,0.38651530,5,100
goppa_derived_16_8,rayleigh,chase,1.0,conditional_miscorrection_rate,0.34205213,0.08038839,0.24249100,0.44161325,5,100
goppa_derived_16_8,rayleigh,chase,1.0,ambiguous_rate,0.00000000,0.00000000,0.00000000,0.00000000,5,100
goppa_derived_16_8,rayleigh,chase,1.0,average_decoding_time_ms,0.11788780,0.03117044,0.07928317,0.15649243,5,100
goppa_derived_16_8,rayleigh,chase,2.0,ber,0.21975000,0.03971972,0.17055707,0.26894293,5,100
goppa_derived_16_8,rayleigh,chase,2.0,frame_error_rate,0.37600000,0.05683309,0.30561215,0.44638785,5,100
goppa_derived_16_8,rayleigh,chase,2.0,failure_rate,0.11400000,0.03781534,0.06716565,0.16083435,5,100
goppa_derived_16_8,rayleigh,chase,2.0,miscorrection_rate,0.26200000,0.05585696,0.19282108,0.33117892,5,100
goppa_derived_16_8,rayleigh,chase,2.0,conditional_miscorrection_rate,0.29549263,0.05925587,0.22210415,0.36888110,5,100
goppa_derived_16_8,rayleigh,chase,2.0,ambiguous_rate,0.00000000,0.00000000,0.00000000,0.00000000,5,100
goppa_derived_16_8,rayleigh,chase,2.0,average_decoding_time_ms,0.12002740,0.03244154,0.07984851,0.16020629,5,100
goppa_derived_16_8,rayleigh,chase,3.0,ber,0.19550000,0.04278946,0.14250520,0.24849480,5,100
goppa_derived_16_8,rayleigh,chase,3.0,frame_error_rate,0.33200000,0.05540758,0.26337764,0.40062236,5,100
goppa_derived_16_8,rayleigh,chase,3.0,failure_rate,0.10400000,0.03209361,0.06425202,0.14374798,5,100
goppa_derived_16_8,rayleigh,chase,3.0,miscorrection_rate,0.22800000,0.03346640,0.18655182,0.26944818,5,100
goppa_derived_16_8,rayleigh,chase,3.0,conditional_miscorrection_rate,0.25516916,0.04131479,0.20400074,0.30633758,5,100
goppa_derived_16_8,rayleigh,chase,3.0,ambiguous_rate,0.00000000,0.00000000,0.00000000,0.00000000,5,100
goppa_derived_16_8,rayleigh,chase,3.0,average_decoding_time_ms,0.11809120,0.03313125,0.07705810,0.15912430,5,100
goppa_derived_16_8,rayleigh,chase,4.0,ber,0.17075000,0.02342875,0.14173346,0.19976654,5,100
goppa_derived_16_8,rayleigh,chase,4.0,frame_error_rate,0.28400000,0.03361547,0.24236719,0.32563281,5,100
goppa_derived_16_8,rayleigh,chase,4.0,failure_rate,0.09400000,0.02302173,0.06548756,0.12251244,5,100
goppa_derived_16_8,rayleigh,chase,4.0,miscorrection_rate,0.19000000,0.03535534,0.14621237,0.23378763,5,100
goppa_derived_16_8,rayleigh,chase,4.0,conditional_miscorrection_rate,0.20949775,0.03720984,0.16341331,0.25558218,5,100
goppa_derived_16_8,rayleigh,chase,4.0,ambiguous_rate,0.00000000,0.00000000,0.00000000,0.00000000,5,100
goppa_derived_16_8,rayleigh,chase,4.0,average_decoding_time_ms,0.12477100,0.02402586,0.09501494,0.15452706,5,100
goppa_derived_16_8,rayleigh,chase,5.0,ber,0.14125000,0.01179248,0.12664500,0.15585500,5,100
goppa_derived_16_8,rayleigh,chase,5.0,frame_error_rate,0.23800000,0.02863564,0.20253472,0.27346528,5,100
goppa_derived_16_8,rayleigh,chase,5.0,failure_rate,0.07600000,0.01516575,0.05721720,0.09478280,5,100
goppa_derived_16_8,rayleigh,chase,5.0,miscorrection_rate,0.16200000,0.03346640,0.12055182,0.20344818,5,100
goppa_derived_16_8,rayleigh,chase,5.0,conditional_miscorrection_rate,0.17511159,0.03482046,0.13198641,0.21823677,5,100
goppa_derived_16_8,rayleigh,chase,5.0,ambiguous_rate,0.00000000,0.00000000,0.00000000,0.00000000,5,100
goppa_derived_16_8,rayleigh,chase,5.0,average_decoding_time_ms,0.12552300,0.03043662,0.08782721,0.16321879,5,100
goppa_derived_16_8,rayleigh,chase,6.0,ber,0.11950000,0.02445659,0.08921048,0.14978952,5,100
goppa_derived_16_8,rayleigh,chase,6.0,frame_error_rate,0.20000000,0.04690416,0.14190914,0.25809086,5,100
goppa_derived_16_8,rayleigh,chase,6.0,failure_rate,0.06200000,0.02167948,0.03514993,0.08885007,5,100
goppa_derived_16_8,rayleigh,chase,6.0,miscorrection_rate,0.13800000,0.04266146,0.08516373,0.19083627,5,100
goppa_derived_16_8,rayleigh,chase,6.0,conditional_miscorrection_rate,0.14713242,0.04497267,0.09143371,0.20283113,5,100
goppa_derived_16_8,rayleigh,chase,6.0,ambiguous_rate,0.00000000,0.00000000,0.00000000,0.00000000,5,100
goppa_derived_16_8,rayleigh,chase,6.0,average_decoding_time_ms,0.12305000,0.02903563,0.08708933,0.15901067,5,100
goppa_derived_16_8,rayleigh,hard_mld,0.0,ber,0.21900000,0.02656654,0.18609730,0.25190270,5,100
goppa_derived_16_8,rayleigh,hard_mld,0.0,frame_error_rate,0.55000000,0.06082763,0.47466491,0.62533509,5,100
goppa_derived_16_8,rayleigh,hard_mld,0.0,failure_rate,0.00000000,0.00000000,0.00000000,0.00000000,5,100
goppa_derived_16_8,rayleigh,hard_mld,0.0,miscorrection_rate,0.55000000,0.06082763,0.47466491,0.62533509,5,100
goppa_derived_16_8,rayleigh,hard_mld,0.0,conditional_miscorrection_rate,0.55000000,0.06082763,0.47466491,0.62533509,5,100
goppa_derived_16_8,rayleigh,hard_mld,0.0,ambiguous_rate,0.31400000,0.01673320,0.29327591,0.33472409,5,100
goppa_derived_16_8,rayleigh,hard_mld,0.0,average_decoding_time_ms,0.01066140,0.00244824,0.00762925,0.01369355,5,100
goppa_derived_16_8,rayleigh,hard_mld,1.0,ber,0.19700000,0.02384193,0.16747174,0.22652826,5,100
goppa_derived_16_8,rayleigh,hard_mld,1.0,frame_error_rate,0.50000000,0.04062019,0.44969184,0.55030816,5,100
goppa_derived_16_8,rayleigh,hard_mld,1.0,failure_rate,0.00000000,0.00000000,0.00000000,0.00000000,5,100
goppa_derived_16_8,rayleigh,hard_mld,1.0,miscorrection_rate,0.50000000,0.04062019,0.44969184,0.55030816,5,100
goppa_derived_16_8,rayleigh,hard_mld,1.0,conditional_miscorrection_rate,0.50000000,0.04062019,0.44969184,0.55030816,5,100
goppa_derived_16_8,rayleigh,hard_mld,1.0,ambiguous_rate,0.27600000,0.03974921,0.22677055,0.32522945,5,100
goppa_derived_16_8,rayleigh,hard_mld,1.0,average_decoding_time_ms,0.01105540,0.00143063,0.00928356,0.01282724,5,100
goppa_derived_16_8,rayleigh,hard_mld,2.0,ber,0.17600000,0.02151308,0.14935603,0.20264397,5,100
goppa_derived_16_8,rayleigh,hard_mld,2.0,frame_error_rate,0.44600000,0.04219005,0.39374757,0.49825243,5,100
goppa_derived_16_8,rayleigh,hard_mld,2.0,failure_rate,0.00000000,0.00000000,0.00000000,0.00000000,5,100
goppa_derived_16_8,rayleigh,hard_mld,2.0,miscorrection_rate,0.44600000,0.04219005,0.39374757,0.49825243,5,100
goppa_derived_16_8,rayleigh,hard_mld,2.0,conditional_miscorrection_rate,0.44600000,0.04219005,0.39374757,0.49825243,5,100
goppa_derived_16_8,rayleigh,hard_mld,2.0,ambiguous_rate,0.24400000,0.04449719,0.18889017,0.29910983,5,100
goppa_derived_16_8,rayleigh,hard_mld,2.0,average_decoding_time_ms,0.01105780,0.00246137,0.00800938,0.01410622,5,100
goppa_derived_16_8,rayleigh,hard_mld,3.0,ber,0.15275000,0.02322445,0.12398649,0.18151351,5,100
goppa_derived_16_8,rayleigh,hard_mld,3.0,frame_error_rate,0.38400000,0.04929503,0.32294804,0.44505196,5,100
goppa_derived_16_8,rayleigh,hard_mld,3.0,failure_rate,0.00000000,0.00000000,0.00000000,0.00000000,5,100
goppa_derived_16_8,rayleigh,hard_mld,3.0,miscorrection_rate,0.38400000,0.04929503,0.32294804,0.44505196,5,100
goppa_derived_16_8,rayleigh,hard_mld,3.0,conditional_miscorrection_rate,0.38400000,0.04929503,0.32294804,0.44505196,5,100
goppa_derived_16_8,rayleigh,hard_mld,3.0,ambiguous_rate,0.20400000,0.02190890,0.17686580,0.23113420,5,100
goppa_derived_16_8,rayleigh,hard_mld,3.0,average_decoding_time_ms,0.01131340,0.00286565,0.00776429,0.01486251,5,100
goppa_derived_16_8,rayleigh,hard_mld,4.0,ber,0.12900000,0.01712546,0.10779010,0.15020990,5,100
goppa_derived_16_8,rayleigh,hard_mld,4.0,frame_error_rate,0.32800000,0.03768289,0.28132969,0.37467031,5,100
goppa_derived_16_8,rayleigh,hard_mld,4.0,failure_rate,0.00000000,0.00000000,0.00000000,0.00000000,5,100
goppa_derived_16_8,rayleigh,hard_mld,4.0,miscorrection_rate,0.32800000,0.03768289,0.28132969,0.37467031,5,100
goppa_derived_16_8,rayleigh,hard_mld,4.0,conditional_miscorrection_rate,0.32800000,0.03768289,0.28132969,0.37467031,5,100
goppa_derived_16_8,rayleigh,hard_mld,4.0,ambiguous_rate,0.17400000,0.03577709,0.12969003,0.21830997,5,100
goppa_derived_16_8,rayleigh,hard_mld,4.0,average_decoding_time_ms,0.01107800,0.00198118,0.00862431,0.01353169,5,100
goppa_derived_16_8,rayleigh,hard_mld,5.0,ber,0.11075000,0.01710720,0.08956271,0.13193729,5,100
goppa_derived_16_8,rayleigh,hard_mld,5.0,frame_error_rate,0.27400000,0.04722288,0.21551441,0.33248559,5,100
goppa_derived_16_8,rayleigh,hard_mld,5.0,failure_rate,0.00000000,0.00000000,0.00000000,0.00000000,5,100
goppa_derived_16_8,rayleigh,hard_mld,5.0,miscorrection_rate,0.27400000,0.04722288,0.21551441,0.33248559,5,100
goppa_derived_16_8,rayleigh,hard_mld,5.0,conditional_miscorrection_rate,0.27400000,0.04722288,0.21551441,0.33248559,5,100
goppa_derived_16_8,rayleigh,hard_mld,5.0,ambiguous_rate,0.13000000,0.02000000,0.10522997,0.15477003,5,100
goppa_derived_16_8,rayleigh,hard_mld,5.0,average_decoding_time_ms,0.01125920,0.00166011,0.00920315,0.01331525,5,100
goppa_derived_16_8,rayleigh,hard_mld,6.0,ber,0.08925000,0.01806239,0.06687970,0.11162030,5,100
goppa_derived_16_8,rayleigh,hard_mld,6.0,frame_error_rate,0.22800000,0.04324350,0.17444287,0.28155713,5,100
goppa_derived_16_8,rayleigh,hard_mld,6.0,failure_rate,0.00000000,0.00000000,0.00000000,0.00000000,5,100
goppa_derived_16_8,rayleigh,hard_mld,6.0,miscorrection_rate,0.22800000,0.04324350,0.17444287,0.28155713,5,100
goppa_derived_16_8,rayleigh,hard_mld,6.0,conditional_miscorrection_rate,0.22800000,0.04324350,0.17444287,0.28155713,5,100
goppa_derived_16_8,rayleigh,hard_mld,6.0,ambiguous_rate,0.10600000,0.04722288,0.04751441,0.16448559,5,100
goppa_derived_16_8,rayleigh,hard_mld,6.0,average_decoding_time_ms,0.01095900,0.00198965,0.00849482,0.01342318,5,100
goppa_derived_16_8,rayleigh,soft_mld,0.0,ber,0.19025000,0.03616801,0.14545587,0.23504413,5,100
goppa_derived_16_8,rayleigh,soft_mld,0.0,frame_error_rate,0.47200000,0.05932959,0.39852023,0.54547977,5,100
goppa_derived_16_8,rayleigh,soft_mld,0.0,failure_rate,0.00000000,0.00000000,0.00000000,0.00000000,5,100
goppa_derived_16_8,rayleigh,soft_mld,0.0,miscorrection_rate,0.47200000,0.05932959,0.39852023,0.54547977,5,100
goppa_derived_16_8,rayleigh,soft_mld,0.0,conditional_miscorrection_rate,0.47200000,0.05932959,0.39852023,0.54547977,5,100
goppa_derived_16_8,rayleigh,soft_mld,0.0,ambiguous_rate,0.00000000,0.00000000,0.00000000,0.00000000,5,100
goppa_derived_16_8,rayleigh,soft_mld,0.0,average_decoding_time_ms,0.00385640,0.00113557,0.00245000,0.00526280,5,100
goppa_derived_16_8,rayleigh,soft_mld,1.0,ber,0.16200000,0.02985119,0.12502926,0.19897074,5,100
goppa_derived_16_8,rayleigh,soft_mld,1.0,frame_error_rate,0.40000000,0.04949747,0.33869731,0.46130269,5,100
goppa_derived_16_8,rayleigh,soft_mld,1.0,failure_rate,0.00000000,0.00000000,0.00000000,0.00000000,5,100
goppa_derived_16_8,rayleigh,soft_mld,1.0,miscorrection_rate,0.40000000,0.04949747,0.33869731,0.46130269,5,100
goppa_derived_16_8,rayleigh,soft_mld,1.0,conditional_miscorrection_rate,0.40000000,0.04949747,0.33869731,0.46130269,5,100
goppa_derived_16_8,rayleigh,soft_mld,1.0,ambiguous_rate,0.00000000,0.00000000,0.00000000,0.00000000,5,100
goppa_derived_16_8,rayleigh,soft_mld,1.0,average_decoding_time_ms,0.00434940,0.00145775,0.00254397,0.00615483,5,100
goppa_derived_16_8,rayleigh,soft_mld,2.0,ber,0.13975000,0.03086513,0.10152350,0.17797650,5,100
goppa_derived_16_8,rayleigh,soft_mld,2.0,frame_error_rate,0.35000000,0.05567764,0.28104317,0.41895683,5,100
goppa_derived_16_8,rayleigh,soft_mld,2.0,failure_rate,0.00000000,0.00000000,0.00000000,0.00000000,5,100
goppa_derived_16_8,rayleigh,soft_mld,2.0,miscorrection_rate,0.35000000,0.05567764,0.28104317,0.41895683,5,100
goppa_derived_16_8,rayleigh,soft_mld,2.0,conditional_miscorrection_rate,0.35000000,0.05567764,0.28104317,0.41895683,5,100
goppa_derived_16_8,rayleigh,soft_mld,2.0,ambiguous_rate,0.00000000,0.00000000,0.00000000,0.00000000,5,100
goppa_derived_16_8,rayleigh,soft_mld,2.0,average_decoding_time_ms,0.00412560,0.00097352,0.00291989,0.00533131,5,100
goppa_derived_16_8,rayleigh,soft_mld,3.0,ber,0.11525000,0.02156748,0.08853865,0.14196135,5,100
goppa_derived_16_8,rayleigh,soft_mld,3.0,frame_error_rate,0.29000000,0.04062019,0.23969184,0.34030816,5,100
goppa_derived_16_8,rayleigh,soft_mld,3.0,failure_rate,0.00000000,0.00000000,0.00000000,0.00000000,5,100
goppa_derived_16_8,rayleigh,soft_mld,3.0,miscorrection_rate,0.29000000,0.04062019,0.23969184,0.34030816,5,100
goppa_derived_16_8,rayleigh,soft_mld,3.0,conditional_miscorrection_rate,0.29000000,0.04062019,0.23969184,0.34030816,5,100
goppa_derived_16_8,rayleigh,soft_mld,3.0,ambiguous_rate,0.00000000,0.00000000,0.00000000,0.00000000,5,100
goppa_derived_16_8,rayleigh,soft_mld,3.0,average_decoding_time_ms,0.00333760,0.00080236,0.00234388,0.00433132,5,100
goppa_derived_16_8,rayleigh,soft_mld,4.0,ber,0.09675000,0.02247568,0.06891384,0.12458616,5,100
goppa_derived_16_8,rayleigh,soft_mld,4.0,frame_error_rate,0.24200000,0.04549725,0.18565159,0.29834841,5,100
goppa_derived_16_8,rayleigh,soft_mld,4.0,failure_rate,0.00000000,0.00000000,0.00000000,0.00000000,5,100
goppa_derived_16_8,rayleigh,soft_mld,4.0,miscorrection_rate,0.24200000,0.04549725,0.18565159,0.29834841,5,100
goppa_derived_16_8,rayleigh,soft_mld,4.0,conditional_miscorrection_rate,0.24200000,0.04549725,0.18565159,0.29834841,5,100
goppa_derived_16_8,rayleigh,soft_mld,4.0,ambiguous_rate,0.00000000,0.00000000,0.00000000,0.00000000,5,100
goppa_derived_16_8,rayleigh,soft_mld,4.0,average_decoding_time_ms,0.00387300,0.00052521,0.00322253,0.00452347,5,100
goppa_derived_16_8,rayleigh,soft_mld,5.0,ber,0.08275000,0.02094263,0.05681253,0.10868747,5,100
goppa_derived_16_8,rayleigh,soft_mld,5.0,frame_error_rate,0.20600000,0.05029911,0.14370449,0.26829551,5,100
goppa_derived_16_8,rayleigh,soft_mld,5.0,failure_rate,0.00000000,0.00000000,0.00000000,0.00000000,5,100
goppa_derived_16_8,rayleigh,soft_mld,5.0,miscorrection_rate,0.20600000,0.05029911,0.14370449,0.26829551,5,100
goppa_derived_16_8,rayleigh,soft_mld,5.0,conditional_miscorrection_rate,0.20600000,0.05029911,0.14370449,0.26829551,5,100
goppa_derived_16_8,rayleigh,soft_mld,5.0,ambiguous_rate,0.00000000,0.00000000,0.00000000,0.00000000,5,100
goppa_derived_16_8,rayleigh,soft_mld,5.0,average_decoding_time_ms,0.00345860,0.00066062,0.00264043,0.00427677,5,100
goppa_derived_16_8,rayleigh,soft_mld,6.0,ber,0.07125000,0.01950561,0.04709228,0.09540772,5,100
goppa_derived_16_8,rayleigh,soft_mld,6.0,frame_error_rate,0.17400000,0.04878524,0.11357941,0.23442059,5,100
goppa_derived_16_8,rayleigh,soft_mld,6.0,failure_rate,0.00000000,0.00000000,0.00000000,0.00000000,5,100
goppa_derived_16_8,rayleigh,soft_mld,6.0,miscorrection_rate,0.17400000,0.04878524,0.11357941,0.23442059,5,100
goppa_derived_16_8,rayleigh,soft_mld,6.0,conditional_miscorrection_rate,0.17400000,0.04878524,0.11357941,0.23442059,5,100
goppa_derived_16_8,rayleigh,soft_mld,6.0,ambiguous_rate,0.00000000,0.00000000,0.00000000,0.00000000,5,100
goppa_derived_16_8,rayleigh,soft_mld,6.0,average_decoding_time_ms,0.00396740,0.00099170,0.00273918,0.00519562,5,100
goppa_derived_16_8,sinusoidal,syndrome,0.0,ber,0.77275000,0.03355732,0.73118921,0.81431079,5,100
goppa_derived_16_8,sinusoidal,syndrome,0.0,frame_error_rate,0.78200000,0.02774887,0.74763298,0.81636702,5,100
goppa_derived_16_8,sinusoidal,syndrome,0.0,failure_rate,0.76800000,0.03768289,0.72132969,0.81467031,5,100
goppa_derived_16_8,sinusoidal,syndrome,0.0,miscorrection_rate,0.01400000,0.01673320,0.00000000,0.03472409,5,100
goppa_derived_16_8,sinusoidal,syndrome,0.0,conditional_miscorrection_rate,0.05442834,0.06338145,0.00000000,0.13292635,5,100
goppa_derived_16_8,sinusoidal,syndrome,0.0,ambiguous_rate,0.00000000,0.00000000,0.00000000,0.00000000,5,100
goppa_derived_16_8,sinusoidal,syndrome,0.0,average_decoding_time_ms,0.01360120,0.00398956,0.00866012,0.01854228,5,100
goppa_derived_16_8,sinusoidal,syndrome,1.0,ber,0.68850000,0.01642692,0.66815524,0.70884476,5,100
goppa_derived_16_8,sinusoidal,syndrome,1.0,frame_error_rate,0.69200000,0.01303840,0.67585192,0.70814808,5,100
goppa_derived_16_8,sinusoidal,syndrome,1.0,failure_rate,0.68600000,0.01949359,0.66185716,0.71014284,5,100
goppa_derived_16_8,sinusoidal,syndrome,1.0,miscorrection_rate,0.00600000,0.00894427,0.00000000,0.01707749,5,100
goppa_derived_16_8,sinusoidal,syndrome,1.0,conditional_miscorrection_rate,0.01801471,0.02652415,0.00000000,0.05086490,5,100
goppa_derived_16_8,sinusoidal,syndrome,1.0,ambiguous_rate,0.00000000,0.00000000,0.00000000,0.00000000,5,100
goppa_derived_16_8,sinusoidal,syndrome,1.0,average_decoding_time_ms,0.01324600,0.00318830,0.00929729,0.01719471,5,100
goppa_derived_16_8,sinusoidal,syndrome,2.0,ber,0.60500000,0.03391165,0.56300038,0.64699962,5,100
goppa_derived_16_8,sinusoidal,syndrome,2.0,frame_error_rate,0.60600000,0.03286335,0.56529869,0.64670131,5,100
goppa_derived_16_8,sinusoidal,syndrome,2.0,failure_rate,0.60400000,0.03507136,0.56056408,0.64743592,5,100
goppa_derived_16_8,sinusoidal,syndrome,2.0,miscorrection_rate,0.00200000,0.00447214,0.00000000,0.00753875,5,100
goppa_derived_16_8,sinusoidal,syndrome,2.0,conditional_miscorrection_rate,0.00465116,0.01040032,0.00000000,0.01753197,5,100
goppa_derived_16_8,sinusoidal,syndrome,2.0,ambiguous_rate,0.00000000,0.00000000,0.00000000,0.00000000,5,100
goppa_derived_16_8,sinusoidal,syndrome,2.0,average_decoding_time_ms,0.01579600,0.00099956,0.01455804,0.01703396,5,100
goppa_derived_16_8,sinusoidal,syndrome,3.0,ber,0.48200000,0.04658326,0.42430657,0.53969343,5,100
goppa_derived_16_8,sinusoidal,syndrome,3.0,frame_error_rate,0.48200000,0.04658326,0.42430657,0.53969343,5,100
goppa_derived_16_8,sinusoidal,syndrome,3.0,failure_rate,0.48200000,0.04658326,0.42430657,0.53969343,5,100
goppa_derived_16_8,sinusoidal,syndrome,3.0,miscorrection_rate,0.00000000,0.00000000,0.00000000,0.00000000,5,100
goppa_derived_16_8,sinusoidal,syndrome,3.0,conditional_miscorrection_rate,0.00000000,0.00000000,0.00000000,0.00000000,5,100
goppa_derived_16_8,sinusoidal,syndrome,3.0,ambiguous_rate,0.00000000,0.00000000,0.00000000,0.00000000,5,100
goppa_derived_16_8,sinusoidal,syndrome,3.0,average_decoding_time_ms,0.01761720,0.00129860,0.01600888,0.01922552,5,100
goppa_derived_16_8,sinusoidal,syndrome,4.0,ber,0.38400000,0.03361547,0.34236719,0.42563281,5,100
goppa_derived_16_8,sinusoidal,syndrome,4.0,frame_error_rate,0.38400000,0.03361547,0.34236719,0.42563281,5,100
goppa_derived_16_8,sinusoidal,syndrome,4.0,failure_rate,0.38400000,0.03361547,0.34236719,0.42563281,5,100
goppa_derived_16_8,sinusoidal,syndrome,4.0,miscorrection_rate,0.00000000,0.00000000,0.00000000,0.00000000,5,100
goppa_derived_16_8,sinusoidal,syndrome,4.0,conditional_miscorrection_rate,0.00000000,0.00000000,0.00000000,0.00000000,5,100
goppa_derived_16_8,sinusoidal,syndrome,4.0,ambiguous_rate,0.00000000,0.00000000,0.00000000,0.00000000,5,100
goppa_derived_16_8,sinusoidal,syndrome,4.0,average_decoding_time_ms,0.01631320,0.00089990,0.01519867,0.01742773,5,100
goppa_derived_16_8,sinusoidal,syndrome,5.0,ber,0.29400000,0.02607681,0.26170384,0.32629616,5,100
goppa_derived_16_8,sinusoidal,syndrome,5.0,frame_error_rate,0.29400000,0.02607681,0.26170384,0.32629616,5,100
goppa_derived_16_8,sinusoidal,syndrome,5.0,failure_rate,0.29400000,0.02607681,0.26170384,0.32629616,5,100
goppa_derived_16_8,sinusoidal,syndrome,5.0,miscorrection_rate,0.00000000,0.00000000,0.00000000,0.00000000,5,100
goppa_derived_16_8,sinusoidal,syndrome,5.0,conditional_miscorrection_rate,0.00000000,0.00000000,0.00000000,0.00000000,5,100
goppa_derived_16_8,sinusoidal,syndrome,5.0,ambiguous_rate,0.00000000,0.00000000,0.00000000,0.00000000,5,100
goppa_derived_16_8,sinusoidal,syndrome,5.0,average_decoding_time_ms,0.01680620,0.00133473,0.01515313,0.01845927,5,100
goppa_derived_16_8,sinusoidal,syndrome,6.0,ber,0.19000000,0.02236068,0.16230627,0.21769373,5,100
goppa_derived_16_8,sinusoidal,syndrome,6.0,frame_error_rate,0.19000000,0.02236068,0.16230627,0.21769373,5,100
goppa_derived_16_8,sinusoidal,syndrome,6.0,failure_rate,0.19000000,0.02236068,0.16230627,0.21769373,5,100
goppa_derived_16_8,sinusoidal,syndrome,6.0,miscorrection_rate,0.00000000,0.00000000,0.00000000,0.00000000,5,100
goppa_derived_16_8,sinusoidal,syndrome,6.0,conditional_miscorrection_rate,0.00000000,0.00000000,0.00000000,0.00000000,5,100
goppa_derived_16_8,sinusoidal,syndrome,6.0,ambiguous_rate,0.00000000,0.00000000,0.00000000,0.00000000,5,100
goppa_derived_16_8,sinusoidal,syndrome,6.0,average_decoding_time_ms,0.01683460,0.00088223,0.01574195,0.01792725,5,100
goppa_derived_16_8,sinusoidal,chase,0.0,ber,0.23325000,0.01575198,0.21374115,0.25275885,5,100
goppa_derived_16_8,sinusoidal,chase,0.0,frame_error_rate,0.38000000,0.02449490,0.34966304,0.41033696,5,100
goppa_derived_16_8,sinusoidal,chase,0.0,failure_rate,0.14600000,0.02880972,0.11031912,0.18168088,5,100
goppa_derived_16_8,sinusoidal,chase,0.0,miscorrection_rate,0.23400000,0.04219005,0.18174757,0.28625243,5,100
goppa_derived_16_8,sinusoidal,chase,0.0,conditional_miscorrection_rate,0.27315960,0.04128180,0.22203203,0.32428716,5,100
goppa_derived_16_8,sinusoidal,chase,0.0,ambiguous_rate,0.00000000,0.00000000,0.00000000,0.00000000,5,100
goppa_derived_16_8,sinusoidal,chase,0.0,average_decoding_time_ms,0.11419880,0.02886117,0.07845420,0.14994340,5,100
goppa_derived_16_8,sinusoidal,chase,1.0,ber,0.15875000,0.01711633,0.13755140,0.17994860,5,100
goppa_derived_16_8,sinusoidal,chase,1.0,frame_error_rate,0.26800000,0.03271085,0.22748756,0.30851244,5,100
goppa_derived_16_8,sinusoidal,chase,1.0,failure_rate,0.09600000,0.02509980,0.06491386,0.12708614,5,100
goppa_derived_16_8,sinusoidal,chase,1.0,miscorrection_rate,0.17200000,0.04764452,0.11299220,0.23100780,5,100
goppa_derived_16_8,sinusoidal,chase,1.0,conditional_miscorrection_rate,0.18949217,0.04854289,0.12937174,0.24961260,5,100
goppa_derived_16_8,sinusoidal,chase,1.0,ambiguous_rate,0.00000000,0.00000000,0.00000000,0.00000000,5,100
goppa_derived_16_8,sinusoidal,chase,1.0,average_decoding_time_ms,0.13161520,0.00440581,0.12615860,0.13707180,5,100
goppa_derived_16_8,sinusoidal,chase,2.0,ber,0.10425000,0.02667220,0.07121645,0.13728355,5,100
goppa_derived_16_8,sinusoidal,chase,2.0,frame_error_rate,0.16800000,0.03271085,0.12748756,0.20851244,5,100
goppa_derived_16_8,sinusoidal,chase,2.0,failure_rate,0.06400000,0.02880972,0.02831912,0.09968088,5,100
goppa_derived_16_8,sinusoidal,chase,2.0,miscorrection_rate,0.10400000,0.02302173,0.07548756,0.13251244,5,100
goppa_derived_16_8,sinusoidal,chase,2.0,conditional_miscorrection_rate,0.11106434,0.02355452,0.08189203,0.14023665,5,100
goppa_derived_16_8,sinusoidal,chase,2.0,ambiguous_rate,0.00000000,0.00000000,0.00000000,0.00000000,5,100
goppa_derived_16_8,sinusoidal,chase,2.0,average_decoding_time_ms,0.13331280,0.01952739,0.10912810,0.15749750,5,100
goppa_derived_16_8,sinusoidal,chase,3.0,ber,0.06075000,0.01903122,0.03717980,0.08432020,5,100
goppa_derived_16_8,sinusoidal,chase,3.0,frame_error_rate,0.09800000,0.02489980,0.06716157,0.12883843,5,100
goppa_derived_16_8,sinusoidal,chase,3.0,failure_rate,0.03600000,0.01673320,0.01527591,0.05672409,5,100
goppa_derived_16_8,sinusoidal,chase,3.0,miscorrection_rate,0.06200000,0.01788854,0.03984502,0.08415498,5,100
goppa_derived_16_8,sinusoidal,chase,3.0,conditional_miscorrection_rate,0.06433909,0.01846369,0.04147178,0.08720640,5,100
goppa_derived_16_8,sinusoidal,chase,3.0,ambiguous_rate,0.00000000,0.00000000,0.00000000,0.00000000,5,100
goppa_derived_16_8,sinusoidal,chase,3.0,average_decoding_time_ms,0.14281080,0.00338305,0.13862089,0.14700071,5,100
goppa_derived_16_8,sinusoidal,chase,4.0,ber,0.02550000,0.01226657,0.01030784,0.04069216,5,100
goppa_derived_16_8,sinusoidal,chase,4.0,frame_error_rate,0.04200000,0.01095445,0.02843290,0.05556710,5,100
goppa_derived_16_8,sinusoidal,chase,4.0,failure_rate,0.01200000,0.01303840,0.00000000,0.02814808,5,100
goppa_derived_16_8,sinusoidal,chase,4.0,miscorrection_rate,0.03000000,0.00707107,0.02124247,0.03875753,5,100
goppa_derived_16_8,sinusoidal,chase,4.0,conditional_miscorrection_rate,0.03032781,0.00693575,0.02173786,0.03891775,5,100
goppa_derived_16_8,sinusoidal,chase,4.0,ambiguous_rate,0.00000000,0.00000000,0.00000000,0.00000000,5,100
goppa_derived_16_8,sinusoidal,chase,4.0,average_decoding_time_ms,0.13934560,0.00408035,0.13429209,0.14439911,5,100
goppa_derived_16_8,sinusoidal,chase,5.0,ber,0.01525000,0.01338726,0.00000000,0.03183014,5,100
goppa_derived_16_8,sinusoidal,chase,5.0,frame_error_rate,0.02400000,0.01816590,0.00150151,0.04649849,5,100
goppa_derived_16_8,sinusoidal,chase,5.0,failure_rate,0.00600000,0.00894427,0.00000000,0.01707749,5,100
goppa_derived_16_8,sinusoidal,chase,5.0,miscorrection_rate,0.01800000,0.01303840,0.00185192,0.03414808,5,100
goppa_derived_16_8,sinusoidal,chase,5.0,conditional_miscorrection_rate,0.01814224,0.01312500,0.00188691,0.03439757,5,100
goppa_derived_16_8,sinusoidal,chase,5.0,ambiguous_rate,0.00000000,0.00000000,0.00000000,0.00000000,5,100
goppa_derived_16_8,sinusoidal,chase,5.0,average_decoding_time_ms,0.14417900,0.00676908,0.13579549,0.15256251,5,100
goppa_derived_16_8,sinusoidal,chase,6.0,ber,0.00300000,0.00410792,0.00000000,0.00808766,5,100
goppa_derived_16_8,sinusoidal,chase,6.0,frame_error_rate,0.00600000,0.00894427,0.00000000,0.01707749,5,100
goppa_derived_16_8,sinusoidal,chase,6.0,failure_rate,0.00000000,0.00000000,0.00000000,0.00000000,5,100
goppa_derived_16_8,sinusoidal,chase,6.0,miscorrection_rate,0.00600000,0.00894427,0.00000000,0.01707749,5,100
goppa_derived_16_8,sinusoidal,chase,6.0,conditional_miscorrection_rate,0.00600000,0.00894427,0.00000000,0.01707749,5,100
goppa_derived_16_8,sinusoidal,chase,6.0,ambiguous_rate,0.00000000,0.00000000,0.00000000,0.00000000,5,100
goppa_derived_16_8,sinusoidal,chase,6.0,average_decoding_time_ms,0.14481100,0.00689424,0.13627247,0.15334953,5,100
goppa_derived_16_8,sinusoidal,hard_mld,0.0,ber,0.19325000,0.02377630,0.16380302,0.22269698,5,100
goppa_derived_16_8,sinusoidal,hard_mld,0.0,frame_error_rate,0.49600000,0.03435113,0.45345608,0.53854392,5,100
goppa_derived_16_8,sinusoidal,hard_mld,0.0,failure_rate,0.00000000,0.00000000,0.00000000,0.00000000,5,100
goppa_derived_16_8,sinusoidal,hard_mld,0.0,miscorrection_rate,0.49600000,0.03435113,0.45345608,0.53854392,5,100
goppa_derived_16_8,sinusoidal,hard_mld,0.0,conditional_miscorrection_rate,0.49600000,0.03435113,0.45345608,0.53854392,5,100
goppa_derived_16_8,sinusoidal,hard_mld,0.0,ambiguous_rate,0.29600000,0.00894427,0.28492251,0.30707749,5,100
goppa_derived_16_8,sinusoidal,hard_mld,0.0,average_decoding_time_ms,0.01068980,0.00270939,0.00733421,0.01404539,5,100
goppa_derived_16_8,sinusoidal,hard_mld,1.0,ber,0.14725000,0.01579656,0.12768594,0.16681406,5,100
goppa_derived_16_8,sinusoidal,hard_mld,1.0,frame_error_rate,0.38800000,0.01923538,0.36417695,0.41182305,5,100
goppa_derived_16_8,sinusoidal,hard_mld,1.0,failure_rate,0.00000000,0.00000000,0.00000000,0.00000000,5,100
goppa_derived_16_8,sinusoidal,hard_mld,1.0,miscorrection_rate,0.38800000,0.01923538,0.36417695,0.41182305,5,100
goppa_derived_16_8,sinusoidal,hard_mld,1.0,conditional_miscorrection_rate,0.38800000,0.01923538,0.36417695,0.41182305,5,100
goppa_derived_16_8,sinusoidal,hard_mld,1.0,ambiguous_rate,0.22200000,0.02167948,0.19514993,0.24885007,5,100
goppa_derived_16_8,sinusoidal,hard_mld,1.0,average_decoding_time_ms,0.01058540,0.00254245,0.00743657,0.01373423,5,100
goppa_derived_16_8,sinusoidal,hard_mld,2.0,ber,0.11400000,0.00997653,0.10164405,0.12635595,5,100
goppa_derived_16_8,sinusoidal,hard_mld,2.0,frame_error_rate,0.30600000,0.02073644,0.28031789,0.33168211,5,100
goppa_derived_16_8,sinusoidal,hard_mld,2.0,failure_rate,0.00000000,0.00000000,0.00000000,0.00000000,5,100
goppa_derived_16_8,sinusoidal,hard_mld,2.0,miscorrection_rate,0.30600000,0.02073644,0.28031789,0.33168211,5,100
goppa_derived_16_8,sinusoidal,hard_mld,2.0,conditional_miscorrection_rate,0.30600000,0.02073644,0.28031789,0.33168211,5,100
goppa_derived_16_8,sinusoidal,hard_mld,2.0,ambiguous_rate,0.16600000,0.04505552,0.11019868,0.22180132,5,100
goppa_derived_16_8,sinusoidal,hard_mld,2.0,average_decoding_time_ms,0.01228300,0.00090471,0.01116252,0.01340348,5,100
goppa_derived_16_8,sinusoidal,hard_mld,3.0,ber,0.07825000,0.01464689,0.06010981,0.09639019,5,100
goppa_derived_16_8,sinusoidal,hard_mld,3.0,frame_error_rate,0.21200000,0.03834058,0.16451514,0.25948486,5,100
goppa_derived_16_8,sinusoidal,hard_mld,3.0,failure_rate,0.00000000,0.00000000,0.00000000,0.00000000,5,100
goppa_derived_16_8,sinusoidal,hard_mld,3.0,miscorrection_rate,0.21200000,0.03834058,0.16451514,0.25948486,5,100
goppa_derived_16_8,sinusoidal,hard_mld,3.0,conditional_miscorrection_rate,0.21200000,0.03834058,0.16451514,0.25948486,5,100
goppa_derived_16_8,sinusoidal,hard_mld,3.0,ambiguous_rate,0.12600000,0.03781534,0.07916565,0.17283435,5,100
goppa_derived_16_8,sinusoidal,hard_mld,3.0,average_decoding_time_ms,0.01242180,0.00065608,0.01160924,0.01323436,5,100
goppa_derived_16_8,sinusoidal,hard_mld,4.0,ber,0.05250000,0.01240590,0.03713528,0.06786472,5,100
goppa_derived_16_8,sinusoidal,hard_mld,4.0,frame_error_rate,0.14000000,0.02549510,0.10842429,0.17157571,5,100
goppa_derived_16_8,sinusoidal,hard_mld,4.0,failure_rate,0.00000000,0.00000000,0.00000000,0.00000000,5,100
goppa_derived_16_8,sinusoidal,hard_mld,4.0,miscorrection_rate,0.14000000,0.02549510,0.10842429,0.17157571,5,100
goppa_derived_16_8,sinusoidal,hard_mld,4.0,conditional_miscorrection_rate,0.14000000,0.02549510,0.10842429,0.17157571,5,100
goppa_derived_16_8,sinusoidal,hard_mld,4.0,ambiguous_rate,0.09000000,0.03535534,0.04621237,0.13378763,5,100
goppa_derived_16_8,sinusoidal,hard_mld,4.0,average_decoding_time_ms,0.01235260,0.00023741,0.01205857,0.01264663,5,100
goppa_derived_16_8,sinusoidal,hard_mld,5.0,ber,0.02775000,0.01150408,0.01350219,0.04199781,5,100
goppa_derived_16_8,sinusoidal,hard_mld,5.0,frame_error_rate,0.07600000,0.02073644,0.05031789,0.10168211,5,100
goppa_derived_16_8,sinusoidal,hard_mld,5.0,failure_rate,0.00000000,0.00000000,0.00000000,0.00000000,5,100
goppa_derived_16_8,sinusoidal,hard_mld,5.0,miscorrection_rate,0.07600000,0.02073644,0.05031789,0.10168211,5,100
goppa_derived_16_8,sinusoidal,hard_mld,5.0,conditional_miscorrection_rate,0.07600000,0.02073644,0.05031789,0.10168211,5,100
goppa_derived_16_8,sinusoidal,hard_mld,5.0,ambiguous_rate,0.04400000,0.02509980,0.01291386,0.07508614,5,100
goppa_derived_16_8,sinusoidal,hard_mld,5.0,average_decoding_time_ms,0.01182540,0.00064392,0.01102790,0.01262290,5,100
goppa_derived_16_8,sinusoidal,hard_mld,6.0,ber,0.01475000,0.00454148,0.00912538,0.02037462,5,100
goppa_derived_16_8,sinusoidal,hard_mld,6.0,frame_error_rate,0.03800000,0.01095445,0.02443290,0.05156710,5,100
goppa_derived_16_8,sinusoidal,hard_mld,6.0,failure_rate,0.00000000,0.00000000,0.00000000,0.00000000,5,100
goppa_derived_16_8,sinusoidal,hard_mld,6.0,miscorrection_rate,0.03800000,0.01095445,0.02443290,0.05156710,5,100
goppa_derived_16_8,sinusoidal,hard_mld,6.0,conditional_miscorrection_rate,0.03800000,0.01095445,0.02443290,0.05156710,5,100
goppa_derived_16_8,sinusoidal,hard_mld,6.0,ambiguous_rate,0.02000000,0.00707107,0.01124247,0.02875753,5,100
goppa_derived_16_8,sinusoidal,hard_mld,6.0,average_decoding_time_ms,0.01208180,0.00042632,0.01155381,0.01260979,5,100
goppa_derived_16_8,sinusoidal,soft_mld,0.0,ber,0.10975000,0.01894482,0.08628681,0.13321319,5,100
goppa_derived_16_8,sinusoidal,soft_mld,0.0,frame_error_rate,0.29000000,0.05291503,0.22446467,0.35553533,5,100
goppa_derived_16_8,sinusoidal,soft_mld,0.0,failure_rate,0.00000000,0.00000000,0.00000000,0.00000000,5,100
goppa_derived_16_8,sinusoidal,soft_mld,0.0,miscorrection_rate,0.29000000,0.05291503,0.22446467,0.35553533,5,100
goppa_derived_16_8,sinusoidal,soft_mld,0.0,conditional_miscorrection_rate,0.29000000,0.05291503,0.22446467,0.35553533,5,100
goppa_derived_16_8,sinusoidal,soft_mld,0.0,ambiguous_rate,0.00000000,0.00000000,0.00000000,0.00000000,5,100
goppa_derived_16_8,sinusoidal,soft_mld,0.0,average_decoding_time_ms,0.00353660,0.00032859,0.00312964,0.00394356,5,100
goppa_derived_16_8,sinusoidal,soft_mld,1.0,ber,0.07525000,0.01770858,0.05331790,0.09718210,5,100
goppa_derived_16_8,sinusoidal,soft_mld,1.0,frame_error_rate,0.20000000,0.04690416,0.14190914,0.25809086,5,100
goppa_derived_16_8,sinusoidal,soft_mld,1.0,failure_rate,0.00000000,0.00000000,0.00000000,0.00000000,5,100
goppa_derived_16_8,sinusoidal,soft_mld,1.0,miscorrection_rate,0.20000000,0.04690416,0.14190914,0.25809086,5,100
goppa_derived_16_8,sinusoidal,soft_mld,1.0,conditional_miscorrection_rate,0.20000000,0.04690416,0.14190914,0.25809086,5,100
goppa_derived_16_8,sinusoidal,soft_mld,1.0,ambiguous_rate,0.00000000,0.00000000,0.00000000,0.00000000,5,100
goppa_derived_16_8,sinusoidal,soft_mld,1.0,average_decoding_time_ms,0.00327720,0.00093590,0.00211809,0.00443631,5,100
goppa_derived_16_8,sinusoidal,soft_mld,2.0,ber,0.04175000,0.00966631,0.02977827,0.05372173,5,100
goppa_derived_16_8,sinusoidal,soft_mld,2.0,frame_error_rate,0.11600000,0.02607681,0.08370384,0.14829616,5,100
goppa_derived_16_8,sinusoidal,soft_mld,2.0,failure_rate,0.00000000,0.00000000,0.00000000,0.00000000,5,100
goppa_derived_16_8,sinusoidal,soft_mld,2.0,miscorrection_rate,0.11600000,0.02607681,0.08370384,0.14829616,5,100
goppa_derived_16_8,sinusoidal,soft_mld,2.0,conditional_miscorrection_rate,0.11600000,0.02607681,0.08370384,0.14829616,5,100
goppa_derived_16_8,sinusoidal,soft_mld,2.0,ambiguous_rate,0.00000000,0.00000000,0.00000000,0.00000000,5,100
goppa_derived_16_8,sinusoidal,soft_mld,2.0,average_decoding_time_ms,0.00442040,0.00124869,0.00287389,0.00596691,5,100
goppa_derived_16_8,sinusoidal,soft_mld,3.0,ber,0.02200000,0.00488940,0.01594447,0.02805553,5,100
goppa_derived_16_8,sinusoidal,soft_mld,3.0,frame_error_rate,0.06000000,0.01224745,0.04483152,0.07516848,5,100
goppa_derived_16_8,sinusoidal,soft_mld,3.0,failure_rate,0.00000000,0.00000000,0.00000000,0.00000000,5,100
goppa_derived_16_8,sinusoidal,soft_mld,3.0,miscorrection_rate,0.06000000,0.01224745,0.04483152,0.07516848,5,100
goppa_derived_16_8,sinusoidal,soft_mld,3.0,conditional_miscorrection_rate,0.06000000,0.01224745,0.04483152,0.07516848,5,100
goppa_derived_16_8,sinusoidal,soft_mld,3.0,ambiguous_rate,0.00000000,0.00000000,0.00000000,0.00000000,5,100
goppa_derived_16_8,sinusoidal,soft_mld,3.0,average_decoding_time_ms,0.00417220,0.00136893,0.00247678,0.00586762,5,100
goppa_derived_16_8,sinusoidal,soft_mld,4.0,ber,0.00900000,0.00436606,0.00359263,0.01440737,5,100
goppa_derived_16_8,sinusoidal,soft_mld,4.0,frame_error_rate,0.02000000,0.01000000,0.00761499,0.03238501,5,100
goppa_derived_16_8,sinusoidal,soft_mld,4.0,failure_rate,0.00000000,0.00000000,0.00000000,0.00000000,5,100
goppa_derived_16_8,sinusoidal,soft_mld,4.0,miscorrection_rate,0.02000000,0.01000000,0.00761499,0.03238501,5,100
goppa_derived_16_8,sinusoidal,soft_mld,4.0,conditional_miscorrection_rate,0.02000000,0.01000000,0.00761499,0.03238501,5,100
goppa_derived_16_8,sinusoidal,soft_mld,4.0,ambiguous_rate,0.00000000,0.00000000,0.00000000,0.00000000,5,100
goppa_derived_16_8,sinusoidal,soft_mld,4.0,average_decoding_time_ms,0.00383560,0.00031599,0.00344425,0.00422695,5,100
goppa_derived_16_8,sinusoidal,soft_mld,5.0,ber,0.00450000,0.00488940,0.00000000,0.01055553,5,100
goppa_derived_16_8,sinusoidal,soft_mld,5.0,frame_error_rate,0.00800000,0.00836660,0.00000000,0.01836205,5,100
goppa_derived_16_8,sinusoidal,soft_mld,5.0,failure_rate,0.00000000,0.00000000,0.00000000,0.00000000,5,100
goppa_derived_16_8,sinusoidal,soft_mld,5.0,miscorrection_rate,0.00800000,0.00836660,0.00000000,0.01836205,5,100
goppa_derived_16_8,sinusoidal,soft_mld,5.0,conditional_miscorrection_rate,0.00800000,0.00836660,0.00000000,0.01836205,5,100
goppa_derived_16_8,sinusoidal,soft_mld,5.0,ambiguous_rate,0.00000000,0.00000000,0.00000000,0.00000000,5,100
goppa_derived_16_8,sinusoidal,soft_mld,5.0,average_decoding_time_ms,0.00337240,0.00014430,0.00319369,0.00355111,5,100
goppa_derived_16_8,sinusoidal,soft_mld,6.0,ber,0.00250000,0.00353553,0.00000000,0.00687876,5,100
goppa_derived_16_8,sinusoidal,soft_mld,6.0,frame_error_rate,0.00400000,0.00547723,0.00000000,0.01078355,5,100
goppa_derived_16_8,sinusoidal,soft_mld,6.0,failure_rate,0.00000000,0.00000000,0.00000000,0.00000000,5,100
goppa_derived_16_8,sinusoidal,soft_mld,6.0,miscorrection_rate,0.00400000,0.00547723,0.00000000,0.01078355,5,100
goppa_derived_16_8,sinusoidal,soft_mld,6.0,conditional_miscorrection_rate,0.00400000,0.00547723,0.00000000,0.01078355,5,100
goppa_derived_16_8,sinusoidal,soft_mld,6.0,ambiguous_rate,0.00000000,0.00000000,0.00000000,0.00000000,5,100
goppa_derived_16_8,sinusoidal,soft_mld,6.0,average_decoding_time_ms,0.00372600,0.00034819,0.00329477,0.00415723,5,100
reed_solomon_binary_16_8,rayleigh_awgn,syndrome,0.0,ber,0.48350000,0.04900893,0.42280238,0.54419762,5,100
reed_solomon_binary_16_8,rayleigh_awgn,syndrome,0.0,frame_error_rate,0.66800000,0.04438468,0.61302951,0.72297049,5,100
reed_solomon_binary_16_8,rayleigh_awgn,syndrome,0.0,failure_rate,0.34400000,0.06580274,0.26250323,0.42549677,5,100
reed_solomon_binary_16_8,rayleigh_awgn,syndrome,0.0,miscorrection_rate,0.32400000,0.04722288,0.26551441,0.38248559,5,100
reed_solomon_binary_16_8,rayleigh_awgn,syndrome,0.0,conditional_miscorrection_rate,0.49371906,0.04822956,0.43398669,0.55345143,5,100
reed_solomon_binary_16_8,rayleigh_awgn,syndrome,0.0,ambiguous_rate,0.00000000,0.00000000,0.00000000,0.00000000,5,100
reed_solomon_binary_16_8,rayleigh_awgn,syndrome,0.0,average_decoding_time_ms,0.01832640,0.00130191,0.01671399,0.01993881,5,100
reed_solomon_binary_16_8,rayleigh_awgn,syndrome,1.0,ber,0.44550000,0.02896118,0.40963154,0.48136846,5,100
reed_solomon_binary_16_8,rayleigh_awgn,syndrome,1.0,frame_error_rate,0.59600000,0.02509980,0.56491386,0.62708614,5,100
reed_solomon_binary_16_8,rayleigh_awgn,syndrome,1.0,failure_rate,0.33200000,0.03420526,0.28963674,0.37436326,5,100
reed_solomon_binary_16_8,rayleigh_awgn,syndrome,1.0,miscorrection_rate,0.26400000,0.03209361,0.22425202,0.30374798,5,100
reed_solomon_binary_16_8,rayleigh_awgn,syndrome,1.0,conditional_miscorrection_rate,0.39458705,0.03778157,0.34779452,0.44137957,5,100
reed_solomon_binary_16_8,rayleigh_awgn,syndrome,1.0,ambiguous_rate,0.00000000,0.00000000,0.00000000,0.00000000,5,100
reed_solomon_binary_16_8,rayleigh_awgn,syndrome,1.0,average_decoding_time_ms,0.01969080,0.00132750,0.01804668,0.02133492,5,100
reed_solomon_binary_16_8,rayleigh_awgn,syndrome,2.0,ber,0.38875000,0.03036239,0.35114613,0.42635387,5,100
reed_solomon_binary_16_8,rayleigh_awgn,syndrome,2.0,frame_error_rate,0.52000000,0.02345208,0.49095457,0.54904543,5,100
reed_solomon_binary_16_8,rayleigh_awgn,syndrome,2.0,failure_rate,0.29000000,0.03937004,0.24124015,0.33875985,5,100
reed_solomon_binary_16_8,rayleigh_awgn,syndrome,2.0,miscorrection_rate,0.23000000,0.02828427,0.19496989,0.26503011,5,100
reed_solomon_binary_16_8,rayleigh_awgn,syndrome,2.0,conditional_miscorrection_rate,0.32328317,0.02824630,0.28830009,0.35826625,5,100
reed_solomon_binary_16_8,rayleigh_awgn,syndrome,2.0,ambiguous_rate,0.00000000,0.00000000,0.00000000,0.00000000,5,100
reed_solomon_binary_16_8,rayleigh_awgn,syndrome,2.0,average_decoding_time_ms,0.02023660,0.00180392,0.01800244,0.02247076,5,100
reed_solomon_binary_16_8,rayleigh_awgn,syndrome,3.0,ber,0.32525000,0.03273234,0.28471095,0.36578905,5,100
reed_solomon_binary_16_8,rayleigh_awgn,syndrome,3.0,frame_error_rate,0.43800000,0.04764452,0.37899220,0.49700780,5,100
reed_solomon_binary_16_8,rayleigh_awgn,syndrome,3.0,failure_rate,0.24000000,0.03082207,0.20182683,0.27817317,5,100
reed_solomon_binary_16_8,rayleigh_awgn,syndrome,3.0,miscorrection_rate,0.19800000,0.03834058,0.15051514,0.24548486,5,100
reed_solomon_binary_16_8,rayleigh_awgn,syndrome,3.0,conditional_miscorrection_rate,0.26073559,0.04989345,0.19894248,0.32252869,5,100
reed_solomon_binary_16_8,rayleigh_awgn,syndrome,3.0,ambiguous_rate,0.00000000,0.00000000,0.00000000,0.00000000,5,100
reed_solomon_binary_16_8,rayleigh_awgn,syndrome,3.0,average_decoding_time_ms,0.02089020,0.00423017,0.01565113,0.02612927,5,100
reed_solomon_binary_16_8,rayleigh_awgn,syndrome,4.0,ber,0.26800000,0.04548008,0.21167286,0.32432714,5,100
reed_solomon_binary_16_8,rayleigh_awgn,syndrome,4.0,frame_error_rate,0.35400000,0.04827007,0.29421745,0.41378255,5,100
reed_solomon_binary_16_8,rayleigh_awgn,syndrome,4.0,failure_rate,0.20400000,0.04335897,0.15029986,0.25770014,5,100
reed_solomon_binary_16_8,rayleigh_awgn,syndrome,4.0,miscorrection_rate,0.15000000,0.01000000,0.13761499,0.16238501,5,100
reed_solomon_binary_16_8,rayleigh_awgn,syndrome,4.0,conditional_miscorrection_rate,0.18906547,0.01836059,0.16632585,0.21180508,5,100
reed_solomon_binary_16_8,rayleigh_awgn,syndrome,4.0,ambiguous_rate,0.00000000,0.00000000,0.00000000,0.00000000,5,100
reed_solomon_binary_16_8,rayleigh_awgn,syndrome,4.0,average_decoding_time_ms,0.01874500,0.00230740,0.01588729,0.02160271,5,100
reed_solomon_binary_16_8,rayleigh_awgn,syndrome,5.0,ber,0.19750000,0.03141208,0.15859610,0.23640390,5,100
reed_solomon_binary_16_8,rayleigh_awgn,syndrome,5.0,frame_error_rate,0.26600000,0.03577709,0.22169003,0.31030997,5,100
reed_solomon_binary_16_8,rayleigh_awgn,syndrome,5.0,failure_rate,0.14600000,0.03847077,0.09835390,0.19364610,5,100
reed_solomon_binary_16_8,rayleigh_awgn,syndrome,5.0,miscorrection_rate,0.12000000,0.02645751,0.08723234,0.15276766,5,100
reed_solomon_binary_16_8,rayleigh_awgn,syndrome,5.0,conditional_miscorrection_rate,0.14023129,0.02957487,0.10360278,0.17685980,5,100
reed_solomon_binary_16_8,rayleigh_awgn,syndrome,5.0,ambiguous_rate,0.00000000,0.00000000,0.00000000,0.00000000,5,100
reed_solomon_binary_16_8,rayleigh_awgn,syndrome,5.0,average_decoding_time_ms,0.01865440,0.00131871,0.01702117,0.02028763,5,100
reed_solomon_binary_16_8,rayleigh_awgn,syndrome,6.0,ber,0.13850000,0.02965162,0.10177643,0.17522357,5,100
reed_solomon_binary_16_8,rayleigh_awgn,syndrome,6.0,frame_error_rate,0.19600000,0.03361547,0.15436719,0.23763281,5,100
reed_solomon_binary_16_8,rayleigh_awgn,syndrome,6.0,failure_rate,0.09800000,0.02588436,0.06594219,0.13005781,5,100
reed_solomon_binary_16_8,rayleigh_awgn,syndrome,6.0,miscorrection_rate,0.09800000,0.00836660,0.08763795,0.10836205,5,100
reed_solomon_binary_16_8,rayleigh_awgn,syndrome,6.0,conditional_miscorrection_rate,0.10891271,0.01225376,0.09373641,0.12408900,5,100
reed_solomon_binary_16_8,rayleigh_awgn,syndrome,6.0,ambiguous_rate,0.00000000,0.00000000,0.00000000,0.00000000,5,100
reed_solomon_binary_16_8,rayleigh_awgn,syndrome,6.0,average_decoding_time_ms,0.01828640,0.00072132,0.01739305,0.01917975,5,100
reed_solomon_binary_16_8,rayleigh_awgn,chase,0.0,ber,0.20100000,0.02344208,0.17196695,0.23003305,5,100
reed_solomon_binary_16_8,rayleigh_awgn,chase,0.0,frame_error_rate,0.46400000,0.02073644,0.43831789,0.48968211,5,100
reed_solomon_binary_16_8,rayleigh_awgn,chase,0.0,failure_rate,0.00000000,0.00000000,0.00000000,0.00000000,5,100
reed_solomon_binary_16_8,rayleigh_awgn,chase,0.0,miscorrection_rate,0.46400000,0.02073644,0.43831789,0.48968211,5,100
reed_solomon_binary_16_8,rayleigh_awgn,chase,0.0,conditional_miscorrection_rate,0.46400000,0.02073644,0.43831789,0.48968211,5,100
reed_solomon_binary_16_8,rayleigh_awgn,chase,0.0,ambiguous_rate,0.00000000,0.00000000,0.00000000,0.00000000,5,100
reed_solomon_binary_16_8,rayleigh_awgn,chase,0.0,average_decoding_time_ms,0.16334840,0.00703844,0.15463128,0.17206552,5,100
reed_solomon_binary_16_8,rayleigh_awgn,chase,1.0,ber,0.15075000,0.01560248,0.13142630,0.17007370,5,100
reed_solomon_binary_16_8,rayleigh_awgn,chase,1.0,frame_error_rate,0.35600000,0.01673320,0.33527591,0.37672409,5,100
reed_solomon_binary_16_8,rayleigh_awgn,chase,1.0,failure_rate,0.00000000,0.00000000,0.00000000,0.00000000,5,100
reed_solomon_binary_16_8,rayleigh_awgn,chase,1.0,miscorrection_rate,0.35600000,0.01673320,0.33527591,0.37672409,5,100
reed_solomon_binary_16_8,rayleigh_awgn,chase,1.0,conditional_miscorrection_rate,0.35600000,0.01673320,0.33527591,0.37672409,5,100
reed_solomon_binary_16_8,rayleigh_awgn,chase,1.0,ambiguous_rate,0.00000000,0.00000000,0.00000000,0.00000000,5,100
reed_solomon_binary_16_8,rayleigh_awgn,chase,1.0,average_decoding_time_ms,0.16261980,0.00405747,0.15759462,0.16764498,5,100
reed_solomon_binary_16_8,rayleigh_awgn,chase,2.0,ber,0.10875000,0.02009742,0.08385932,0.13364068,5,100
reed_solomon_binary_16_8,rayleigh_awgn,chase,2.0,frame_error_rate,0.26200000,0.03420526,0.21963674,0.30436326,5,100
reed_solomon_binary_16_8,rayleigh_awgn,chase,2.0,failure_rate,0.00000000,0.00000000,0.00000000,0.00000000,5,100
reed_solomon_binary_16_8,rayleigh_awgn,chase,2.0,miscorrection_rate,0.26200000,0.03420526,0.21963674,0.30436326,5,100
reed_solomon_binary_16_8,rayleigh_awgn,chase,2.0,conditional_miscorrection_rate,0.26200000,0.03420526,0.21963674,0.30436326,5,100
reed_solomon_binary_16_8,rayleigh_awgn,chase,2.0,ambiguous_rate,0.00000000,0.00000000,0.00000000,0.00000000,5,100
reed_solomon_binary_16_8,rayleigh_awgn,chase,2.0,average_decoding_time_ms,0.16348520,0.00498072,0.15731657,0.16965383,5,100
reed_solomon_binary_16_8,rayleigh_awgn,chase,3.0,ber,0.07775000,0.01170603,0.06325206,0.09224794,5,100
reed_solomon_binary_16_8,rayleigh_awgn,chase,3.0,frame_error_rate,0.19200000,0.02949576,0.15546946,0.22853054,5,100
reed_solomon_binary_16_8,rayleigh_awgn,chase,3.0,failure_rate,0.00000000,0.00000000,0.00000000,0.00000000,5,100
reed_solomon_binary_16_8,rayleigh_awgn,chase,3.0,miscorrection_rate,0.19200000,0.02949576,0.15546946,0.22853054,5,100
reed_solomon_binary_16_8,rayleigh_awgn,chase,3.0,conditional_miscorrection_rate,0.19200000,0.02949576,0.15546946,0.22853054,5,100
reed_solomon_binary_16_8,rayleigh_awgn,chase,3.0,ambiguous_rate,0.00000000,0.00000000,0.00000000,0.00000000,5,100
reed_solomon_binary_16_8,rayleigh_awgn,chase,3.0,average_decoding_time_ms,0.17351760,0.01981894,0.14897182,0.19806338,5,100
reed_solomon_binary_16_8,rayleigh_awgn,chase,4.0,ber,0.04375000,0.00565962,0.03674056,0.05075944,5,100
reed_solomon_binary_16_8,rayleigh_awgn,chase,4.0,frame_error_rate,0.11200000,0.01923538,0.08817695,0.13582305,5,100
reed_solomon_binary_16_8,rayleigh_awgn,chase,4.0,failure_rate,0.00000000,0.00000000,0.00000000,0.00000000,5,100
reed_solomon_binary_16_8,rayleigh_awgn,chase,4.0,miscorrection_rate,0.11200000,0.01923538,0.08817695,0.13582305,5,100
reed_solomon_binary_16_8,rayleigh_awgn,chase,4.0,conditional_miscorrection_rate,0.11200000,0.01923538,0.08817695,0.13582305,5,100
reed_solomon_binary_16_8,rayleigh_awgn,chase,4.0,ambiguous_rate,0.00000000,0.00000000,0.00000000,0.00000000,5,100
reed_solomon_binary_16_8,rayleigh_awgn,chase,4.0,average_decoding_time_ms,0.15983440,0.00737070,0.15070578,0.16896302,5,100
reed_solomon_binary_16_8,rayleigh_awgn,chase,5.0,ber,0.02325000,0.00763422,0.01379501,0.03270499,5,100
reed_solomon_binary_16_8,rayleigh_awgn,chase,5.0,frame_error_rate,0.05600000,0.01516575,0.03721720,0.07478280,5,100
reed_solomon_binary_16_8,rayleigh_awgn,chase,5.0,failure_rate,0.00000000,0.00000000,0.00000000,0.00000000,5,100
reed_solomon_binary_16_8,rayleigh_awgn,chase,5.0,miscorrection_rate,0.05600000,0.01516575,0.03721720,0.07478280,5,100
reed_solomon_binary_16_8,rayleigh_awgn,chase,5.0,conditional_miscorrection_rate,0.05600000,0.01516575,0.03721720,0.07478280,5,100
reed_solomon_binary_16_8,rayleigh_awgn,chase,5.0,ambiguous_rate,0.00000000,0.00000000,0.00000000,0.00000000,5,100
reed_solomon_binary_16_8,rayleigh_awgn,chase,5.0,average_decoding_time_ms,0.16321660,0.00864451,0.15251036,0.17392284,5,100
reed_solomon_binary_16_8,rayleigh_awgn,chase,6.0,ber,0.01250000,0.00870524,0.00171855,0.02328145,5,100
reed_solomon_binary_16_8,rayleigh_awgn,chase,6.0,frame_error_rate,0.02800000,0.01923538,0.00417695,0.05182305,5,100
reed_solomon_binary_16_8,rayleigh_awgn,chase,6.0,failure_rate,0.00000000,0.00000000,0.00000000,0.00000000,5,100
reed_solomon_binary_16_8,rayleigh_awgn,chase,6.0,miscorrection_rate,0.02800000,0.01923538,0.00417695,0.05182305,5,100
reed_solomon_binary_16_8,rayleigh_awgn,chase,6.0,conditional_miscorrection_rate,0.02800000,0.01923538,0.00417695,0.05182305,5,100
reed_solomon_binary_16_8,rayleigh_awgn,chase,6.0,ambiguous_rate,0.00000000,0.00000000,0.00000000,0.00000000,5,100
reed_solomon_binary_16_8,rayleigh_awgn,chase,6.0,average_decoding_time_ms,0.16192260,0.00803104,0.15197615,0.17186905,5,100
reed_solomon_binary_16_8,rayleigh_awgn,hard_mld,0.0,ber,0.27875000,0.02620532,0.24629468,0.31120532,5,100
reed_solomon_binary_16_8,rayleigh_awgn,hard_mld,0.0,frame_error_rate,0.62400000,0.03911521,0.57555576,0.67244424,5,100
reed_solomon_binary_16_8,rayleigh_awgn,hard_mld,0.0,failure_rate,0.00000000,0.00000000,0.00000000,0.00000000,5,100
reed_solomon_binary_16_8,rayleigh_awgn,hard_mld,0.0,miscorrection_rate,0.62400000,0.03911521,0.57555576,0.67244424,5,100
reed_solomon_binary_16_8,rayleigh_awgn,hard_mld,0.0,conditional_miscorrection_rate,0.62400000,0.03911521,0.57555576,0.67244424,5,100
reed_solomon_binary_16_8,rayleigh_awgn,hard_mld,0.0,ambiguous_rate,0.34400000,0.06580274,0.26250323,0.42549677,5,100
reed_solomon_binary_16_8,rayleigh_awgn,hard_mld,0.0,average_decoding_time_ms,0.01220780,0.00123696,0.01067582,0.01373978,5,100
reed_solomon_binary_16_8,rayleigh_awgn,hard_mld,1.0,ber,0.23675000,0.01511932,0.21802471,0.25547529,5,100
reed_solomon_binary_16_8,rayleigh_awgn,hard_mld,1.0,frame_error_rate,0.54000000,0.02345208,0.51095457,0.56904543,5,100
reed_solomon_binary_16_8,rayleigh_awgn,hard_mld,1.0,failure_rate,0.00000000,0.00000000,0.00000000,0.00000000,5,100
reed_solomon_binary_16_8,rayleigh_awgn,hard_mld,1.0,miscorrection_rate,0.54000000,0.02345208,0.51095457,0.56904543,5,100
reed_solomon_binary_16_8,rayleigh_awgn,hard_mld,1.0,conditional_miscorrection_rate,0.54000000,0.02345208,0.51095457,0.56904543,5,100
reed_solomon_binary_16_8,rayleigh_awgn,hard_mld,1.0,ambiguous_rate,0.33200000,0.03420526,0.28963674,0.37436326,5,100
reed_solomon_binary_16_8,rayleigh_awgn,hard_mld,1.0,average_decoding_time_ms,0.01234040,0.00150798,0.01047277,0.01420803,5,100
reed_solomon_binary_16_8,rayleigh_awgn,hard_mld,2.0,ber,0.20775000,0.00797457,0.19787349,0.21762651,5,100
reed_solomon_binary_16_8,rayleigh_awgn,hard_mld,2.0,frame_error_rate,0.46600000,0.01949359,0.44185716,0.49014284,5,100
reed_solomon_binary_16_8,rayleigh_awgn,hard_mld,2.0,failure_rate,0.00000000,0.00000000,0.00000000,0.00000000,5,100
reed_solomon_binary_16_8,rayleigh_awgn,hard_mld,2.0,miscorrection_rate,0.46600000,0.01949359,0.44185716,0.49014284,5,100
reed_solomon_binary_16_8,rayleigh_awgn,hard_mld,2.0,conditional_miscorrection_rate,0.46600000,0.01949359,0.44185716,0.49014284,5,100
reed_solomon_binary_16_8,rayleigh_awgn,hard_mld,2.0,ambiguous_rate,0.29000000,0.03937004,0.24124015,0.33875985,5,100
reed_solomon_binary_16_8,rayleigh_awgn,hard_mld,2.0,average_decoding_time_ms,0.01211340,0.00055667,0.01142396,0.01280284,5,100
reed_solomon_binary_16_8,rayleigh_awgn,hard_mld,3.0,ber,0.17125000,0.02134171,0.14481826,0.19768174,5,100
reed_solomon_binary_16_8,rayleigh_awgn,hard_mld,3.0,frame_error_rate,0.39400000,0.04449719,0.33889017,0.44910983,5,100
reed_solomon_binary_16_8,rayleigh_awgn,hard_mld,3.0,failure_rate,0.00000000,0.00000000,0.00000000,0.00000000,5,100
reed_solomon_binary_16_8,rayleigh_awgn,hard_mld,3.0,miscorrection_rate,0.39400000,0.04449719,0.33889017,0.44910983,5,100
reed_solomon_binary_16_8,rayleigh_awgn,hard_mld,3.0,conditional_miscorrection_rate,0.39400000,0.04449719,0.33889017,0.44910983,5,100
reed_solomon_binary_16_8,rayleigh_awgn,hard_mld,3.0,ambiguous_rate,0.24000000,0.03082207,0.20182683,0.27817317,5,100
reed_solomon_binary_16_8,rayleigh_awgn,hard_mld,3.0,average_decoding_time_ms,0.01926920,0.01452227,0.00128336,0.03725504,5,100
reed_solomon_binary_16_8,rayleigh_awgn,hard_mld,4.0,ber,0.13525000,0.02228018,0.10765597,0.16284403,5,100
reed_solomon_binary_16_8,rayleigh_awgn,hard_mld,4.0,frame_error_rate,0.30400000,0.04277850,0.25101877,0.35698123,5,100
reed_solomon_binary_16_8,rayleigh_awgn,hard_mld,4.0,failure_rate,0.00000000,0.00000000,0.00000000,0.00000000,5,100
reed_solomon_binary_16_8,rayleigh_awgn,hard_mld,4.0,miscorrection_rate,0.30400000,0.04277850,0.25101877,0.35698123,5,100
reed_solomon_binary_16_8,rayleigh_awgn,hard_mld,4.0,conditional_miscorrection_rate,0.30400000,0.04277850,0.25101877,0.35698123,5,100
reed_solomon_binary_16_8,rayleigh_awgn,hard_mld,4.0,ambiguous_rate,0.20400000,0.04335897,0.15029986,0.25770014,5,100
reed_solomon_binary_16_8,rayleigh_awgn,hard_mld,4.0,average_decoding_time_ms,0.01177620,0.00052846,0.01112171,0.01243069,5,100
reed_solomon_binary_16_8,rayleigh_awgn,hard_mld,5.0,ber,0.10125000,0.01839242,0.07847096,0.12402904,5,100
reed_solomon_binary_16_8,rayleigh_awgn,hard_mld,5.0,frame_error_rate,0.23200000,0.03346640,0.19055182,0.27344818,5,100
reed_solomon_binary_16_8,rayleigh_awgn,hard_mld,5.0,failure_rate,0.00000000,0.00000000,0.00000000,0.00000000,5,100
reed_solomon_binary_16_8,rayleigh_awgn,hard_mld,5.0,miscorrection_rate,0.23200000,0.03346640,0.19055182,0.27344818,5,100
reed_solomon_binary_16_8,rayleigh_awgn,hard_mld,5.0,conditional_miscorrection_rate,0.23200000,0.03346640,0.19055182,0.27344818,5,100
reed_solomon_binary_16_8,rayleigh_awgn,hard_mld,5.0,ambiguous_rate,0.14600000,0.03847077,0.09835390,0.19364610,5,100
reed_solomon_binary_16_8,rayleigh_awgn,hard_mld,5.0,average_decoding_time_ms,0.01263900,0.00153605,0.01073660,0.01454140,5,100
reed_solomon_binary_16_8,rayleigh_awgn,hard_mld,6.0,ber,0.07550000,0.01755794,0.05375447,0.09724553,5,100
reed_solomon_binary_16_8,rayleigh_awgn,hard_mld,6.0,frame_error_rate,0.17400000,0.02880972,0.13831912,0.20968088,5,100
reed_solomon_binary_16_8,rayleigh_awgn,hard_mld,6.0,failure_rate,0.00000000,0.00000000,0.00000000,0.00000000,5,100
reed_solomon_binary_16_8,rayleigh_awgn,hard_mld,6.0,miscorrection_rate,0.17400000,0.02880972,0.13831912,0.20968088,5,100
reed_solomon_binary_16_8,rayleigh_awgn,hard_mld,6.0,conditional_miscorrection_rate,0.17400000,0.02880972,0.13831912,0.20968088,5,100
reed_solomon_binary_16_8,rayleigh_awgn,hard_mld,6.0,ambiguous_rate,0.09800000,0.02588436,0.06594219,0.13005781,5,100
reed_solomon_binary_16_8,rayleigh_awgn,hard_mld,6.0,average_decoding_time_ms,0.01185260,0.00077711,0.01089015,0.01281505,5,100
reed_solomon_binary_16_8,rayleigh_awgn,soft_mld,0.0,ber,0.20000000,0.02318405,0.17128653,0.22871347,5,100
reed_solomon_binary_16_8,rayleigh_awgn,soft_mld,0.0,frame_error_rate,0.45800000,0.02167948,0.43114993,0.48485007,5,100
reed_solomon_binary_16_8,rayleigh_awgn,soft_mld,0.0,failure_rate,0.00000000,0.00000000,0.00000000,0.00000000,5,100
reed_solomon_binary_16_8,rayleigh_awgn,soft_mld,0.0,miscorrection_rate,0.45800000,0.02167948,0.43114993,0.48485007,5,100
reed_solomon_binary_16_8,rayleigh_awgn,soft_mld,0.0,conditional_miscorrection_rate,0.45800000,0.02167948,0.43114993,0.48485007,5,100
reed_solomon_binary_16_8,rayleigh_awgn,soft_mld,0.0,ambiguous_rate,0.00000000,0.00000000,0.00000000,0.00000000,5,100
reed_solomon_binary_16_8,rayleigh_awgn,soft_mld,0.0,average_decoding_time_ms,0.00364840,0.00030619,0.00326919,0.00402761,5,100
reed_solomon_binary_16_8,rayleigh_awgn,soft_mld,1.0,ber,0.15025000,0.01235541,0.13494780,0.16555220,5,100
reed_solomon_binary_16_8,rayleigh_awgn,soft_mld,1.0,frame_error_rate,0.35400000,0.00894427,0.34292251,0.36507749,5,100
reed_solomon_binary_16_8,rayleigh_awgn,soft_mld,1.0,failure_rate,0.00000000,0.00000000,0.00000000,0.00000000,5,100
reed_solomon_binary_16_8,rayleigh_awgn,soft_mld,1.0,miscorrection_rate,0.35400000,0.00894427,0.34292251,0.36507749,5,100
reed_solomon_binary_16_8,rayleigh_awgn,soft_mld,1.0,conditional_miscorrection_rate,0.35400000,0.00894427,0.34292251,0.36507749,5,100
reed_solomon_binary_16_8,rayleigh_awgn,soft_mld,1.0,ambiguous_rate,0.00000000,0.00000000,0.00000000,0.00000000,5,100
reed_solomon_binary_16_8,rayleigh_awgn,soft_mld,1.0,average_decoding_time_ms,0.00387780,0.00042902,0.00334646,0.00440914,5,100
reed_solomon_binary_16_8,rayleigh_awgn,soft_mld,2.0,ber,0.10825000,0.02251041,0.08037082,0.13612918,5,100
reed_solomon_binary_16_8,rayleigh_awgn,soft_mld,2.0,frame_error_rate,0.26000000,0.04062019,0.20969184,0.31030816,5,100
reed_solomon_binary_16_8,rayleigh_awgn,soft_mld,2.0,failure_rate,0.00000000,0.00000000,0.00000000,0.00000000,5,100
reed_solomon_binary_16_8,rayleigh_awgn,soft_mld,2.0,miscorrection_rate,0.26000000,0.04062019,0.20969184,0.31030816,5,100
reed_solomon_binary_16_8,rayleigh_awgn,soft_mld,2.0,conditional_miscorrection_rate,0.26000000,0.04062019,0.20969184,0.31030816,5,100
reed_solomon_binary_16_8,rayleigh_awgn,soft_mld,2.0,ambiguous_rate,0.00000000,0.00000000,0.00000000,0.00000000,5,100
reed_solomon_binary_16_8,rayleigh_awgn,soft_mld,2.0,average_decoding_time_ms,0.00443100,0.00099306,0.00320109,0.00566091,5,100
reed_solomon_binary_16_8,rayleigh_awgn,soft_mld,3.0,ber,0.07925000,0.01597361,0.05946666,0.09903334,5,100
reed_solomon_binary_16_8,rayleigh_awgn,soft_mld,3.0,frame_error_rate,0.19000000,0.02645751,0.15723234,0.22276766,5,100
reed_solomon_binary_16_8,rayleigh_awgn,soft_mld,3.0,failure_rate,0.00000000,0.00000000,0.00000000,0.00000000,5,100
reed_solomon_binary_16_8,rayleigh_awgn,soft_mld,3.0,miscorrection_rate,0.19000000,0.02645751,0.15723234,0.22276766,5,100
reed_solomon_binary_16_8,rayleigh_awgn,soft_mld,3.0,conditional_miscorrection_rate,0.19000000,0.02645751,0.15723234,0.22276766,5,100
reed_solomon_binary_16_8,rayleigh_awgn,soft_mld,3.0,ambiguous_rate,0.00000000,0.00000000,0.00000000,0.00000000,5,100
reed_solomon_binary_16_8,rayleigh_awgn,soft_mld,3.0,average_decoding_time_ms,0.00616240,0.00521175,0.00000000,0.01261716,5,100
reed_solomon_binary_16_8,rayleigh_awgn,soft_mld,4.0,ber,0.04325000,0.00628739,0.03546306,0.05103694,5,100
reed_solomon_binary_16_8,rayleigh_awgn,soft_mld,4.0,frame_error_rate,0.11000000,0.01732051,0.08854853,0.13145147,5,100
reed_solomon_binary_16_8,rayleigh_awgn,soft_mld,4.0,failure_rate,0.00000000,0.00000000,0.00000000,0.00000000,5,100
reed_solomon_binary_16_8,rayleigh_awgn,soft_mld,4.0,miscorrection_rate,0.11000000,0.01732051,0.08854853,0.13145147,5,100
reed_solomon_binary_16_8,rayleigh_awgn,soft_mld,4.0,conditional_miscorrection_rate,0.11000000,0.01732051,0.08854853,0.13145147,5,100
reed_solomon_binary_16_8,rayleigh_awgn,soft_mld,4.0,ambiguous_rate,0.00000000,0.00000000,0.00000000,0.00000000,5,100
reed_solomon_binary_16_8,rayleigh_awgn,soft_mld,4.0,average_decoding_time_ms,0.00368140,0.00026665,0.00335116,0.00401164,5,100
reed_solomon_binary_16_8,rayleigh_awgn,soft_mld,5.0,ber,0.02225000,0.00863315,0.01155783,0.03294217,5,100
reed_solomon_binary_16_8,rayleigh_awgn,soft_mld,5.0,frame_error_rate,0.05400000,0.01516575,0.03521720,0.07278280,5,100
reed_solomon_binary_16_8,rayleigh_awgn,soft_mld,5.0,failure_rate,0.00000000,0.00000000,0.00000000,0.00000000,5,100
reed_solomon_binary_16_8,rayleigh_awgn,soft_mld,5.0,miscorrection_rate,0.05400000,0.01516575,0.03521720,0.07278280,5,100
reed_solomon_binary_16_8,rayleigh_awgn,soft_mld,5.0,conditional_miscorrection_rate,0.05400000,0.01516575,0.03521720,0.07278280,5,100
reed_solomon_binary_16_8,rayleigh_awgn,soft_mld,5.0,ambiguous_rate,0.00000000,0.00000000,0.00000000,0.00000000,5,100
reed_solomon_binary_16_8,rayleigh_awgn,soft_mld,5.0,average_decoding_time_ms,0.00397120,0.00030837,0.00358928,0.00435312,5,100
reed_solomon_binary_16_8,rayleigh_awgn,soft_mld,6.0,ber,0.01150000,0.00898784,0.00036855,0.02263145,5,100
reed_solomon_binary_16_8,rayleigh_awgn,soft_mld,6.0,frame_error_rate,0.02600000,0.01949359,0.00185716,0.05014284,5,100
reed_solomon_binary_16_8,rayleigh_awgn,soft_mld,6.0,failure_rate,0.00000000,0.00000000,0.00000000,0.00000000,5,100
reed_solomon_binary_16_8,rayleigh_awgn,soft_mld,6.0,miscorrection_rate,0.02600000,0.01949359,0.00185716,0.05014284,5,100
reed_solomon_binary_16_8,rayleigh_awgn,soft_mld,6.0,conditional_miscorrection_rate,0.02600000,0.01949359,0.00185716,0.05014284,5,100
reed_solomon_binary_16_8,rayleigh_awgn,soft_mld,6.0,ambiguous_rate,0.00000000,0.00000000,0.00000000,0.00000000,5,100
reed_solomon_binary_16_8,rayleigh_awgn,soft_mld,6.0,average_decoding_time_ms,0.00436600,0.00116177,0.00292714,0.00580486,5,100
reed_solomon_binary_16_8,rayleigh,syndrome,0.0,ber,0.45050000,0.05450487,0.38299564,0.51800436,5,100
reed_solomon_binary_16_8,rayleigh,syndrome,0.0,frame_error_rate,0.60000000,0.04472136,0.54461254,0.65538746,5,100
reed_solomon_binary_16_8,rayleigh,syndrome,0.0,failure_rate,0.33400000,0.05727128,0.26306944,0.40493056,5,100
reed_solomon_binary_16_8,rayleigh,syndrome,0.0,miscorrection_rate,0.26600000,0.02607681,0.23370384,0.29829616,5,100
reed_solomon_binary_16_8,rayleigh,syndrome,0.0,conditional_miscorrection_rate,0.40010895,0.03126757,0.36138402,0.43883388,5,100
reed_solomon_binary_16_8,rayleigh,syndrome,0.0,ambiguous_rate,0.00000000,0.00000000,0.00000000,0.00000000,5,100
reed_solomon_binary_16_8,rayleigh,syndrome,0.0,average_decoding_time_ms,0.01651700,0.00298968,0.01281427,0.02021973,5,100
reed_solomon_binary_16_8,rayleigh,syndrome,1.0,ber,0.40950000,0.06093413,0.33403299,0.48496701,5,100
reed_solomon_binary_16_8,rayleigh,syndrome,1.0,frame_error_rate,0.53200000,0.04764452,0.47299220,0.59100780,5,100
reed_solomon_binary_16_8,rayleigh,syndrome,1.0,failure_rate,0.31600000,0.07402702,0.22431744,0.40768256,5,100
reed_solomon_binary_16_8,rayleigh,syndrome,1.0,miscorrection_rate,0.21600000,0.05029911,0.15370449,0.27829551,5,100
reed_solomon_binary_16_8,rayleigh,syndrome,1.0,conditional_miscorrection_rate,0.31384863,0.05062090,0.25115459,0.37654268,5,100
reed_solomon_binary_16_8,rayleigh,syndrome,1.0,ambiguous_rate,0.00000000,0.00000000,0.00000000,0.00000000,5,100
reed_solomon_binary_16_8,rayleigh,syndrome,1.0,average_decoding_time_ms,0.01898620,0.00153929,0.01707978,0.02089262,5,100
reed_solomon_binary_16_8,rayleigh,syndrome,2.0,ber,0.35475000,0.05537796,0.28616432,0.42333568,5,100
reed_solomon_binary_16_8,rayleigh,syndrome,2.0,frame_error_rate,0.46800000,0.03114482,0.42942710,0.50657290,5,100
reed_solomon_binary_16_8,rayleigh,syndrome,2.0,failure_rate,0.26200000,0.06457554,0.18202311,0.34197689,5,100
reed_solomon_binary_16_8,rayleigh,syndrome,2.0,miscorrection_rate,0.20600000,0.04159327,0.15448668,0.25751332,5,100
reed_solomon_binary_16_8,rayleigh,syndrome,2.0,conditional_miscorrection_rate,0.27714560,0.03773294,0.23041329,0.32387790,5,100
reed_solomon_binary_16_8,rayleigh,syndrome,2.0,ambiguous_rate,0.00000000,0.00000000,0.00000000,0.00000000,5,100
reed_solomon_binary_16_8,rayleigh,syndrome,2.0,average_decoding_time_ms,0.01696980,0.00538329,0.01030259,0.02363701,5,100
reed_solomon_binary_16_8,rayleigh,syndrome,3.0,ber,0.30050000,0.05044025,0.23802969,0.36297031,5,100
reed_solomon_binary_16_8,rayleigh,syndrome,3.0,frame_error_rate,0.40600000,0.03577709,0.36169003,0.45030997,5,100
reed_solomon_binary_16_8,rayleigh,syndrome,3.0,failure_rate,0.22000000,0.06442049,0.14021513,0.29978487,5,100
reed_solomon_binary_16_8,rayleigh,syndrome,3.0,miscorrection_rate,0.18600000,0.05029911,0.12370449,0.24829551,5,100
reed_solomon_binary_16_8,rayleigh,syndrome,3.0,conditional_miscorrection_rate,0.23625531,0.05065539,0.17351855,0.29899207,5,100
reed_solomon_binary_16_8,rayleigh,syndrome,3.0,ambiguous_rate,0.00000000,0.00000000,0.00000000,0.00000000,5,100
reed_solomon_binary_16_8,rayleigh,syndrome,3.0,average_decoding_time_ms,0.01638080,0.00416807,0.01121864,0.02154296,5,100
reed_solomon_binary_16_8,rayleigh,syndrome,4.0,ber,0.25300000,0.04564298,0.19647111,0.30952889,5,100
reed_solomon_binary_16_8,rayleigh,syndrome,4.0,frame_error_rate,0.33600000,0.03714835,0.28999172,0.38200828,5,100
reed_solomon_binary_16_8,rayleigh,syndrome,4.0,failure_rate,0.18800000,0.05449771,0.12050452,0.25549548,5,100
reed_solomon_binary_16_8,rayleigh,syndrome,4.0,miscorrection_rate,0.14800000,0.04086563,0.09738786,0.19861214,5,100
reed_solomon_binary_16_8,rayleigh,syndrome,4.0,conditional_miscorrection_rate,0.18093461,0.04400456,0.12643491,0.23543432,5,100
reed_solomon_binary_16_8,rayleigh,syndrome,4.0,ambiguous_rate,0.00000000,0.00000000,0.00000000,0.00000000,5,100
reed_solomon_binary_16_8,rayleigh,syndrome,4.0,average_decoding_time_ms,0.01684820,0.00392047,0.01199270,0.02170370,5,100
reed_solomon_binary_16_8,rayleigh,syndrome,5.0,ber,0.21075000,0.04244114,0.15818660,0.26331340,5,100
reed_solomon_binary_16_8,rayleigh,syndrome,5.0,frame_error_rate,0.28600000,0.04393177,0.23159045,0.34040955,5,100
reed_solomon_binary_16_8,rayleigh,syndrome,5.0,failure_rate,0.15400000,0.04277850,0.10101877,0.20698123,5,100
reed_solomon_binary_16_8,rayleigh,syndrome,5.0,miscorrection_rate,0.13200000,0.03563706,0.08786346,0.17613654,5,100
reed_solomon_binary_16_8,rayleigh,syndrome,5.0,conditional_miscorrection_rate,0.15572849,0.04095879,0.10500099,0.20645600,5,100
reed_solomon_binary_16_8,rayleigh,syndrome,5.0,ambiguous_rate,0.00000000,0.00000000,0.00000000,0.00000000,5,100
reed_solomon_binary_16_8,rayleigh,syndrome,5.0,average_decoding_time_ms,0.01773560,0.00298880,0.01403397,0.02143723,5,100
reed_solomon_binary_16_8,rayleigh,syndrome,6.0,ber,0.17050000,0.04293527,0.11732461,0.22367539,5,100
reed_solomon_binary_16_8,rayleigh,syndrome,6.0,frame_error_rate,0.23200000,0.04147288,0.18063578,0.28336422,5,100
reed_solomon_binary_16_8,rayleigh,syndrome,6.0,failure_rate,0.12600000,0.04159327,0.07448668,0.17751332,5,100
reed_solomon_binary_16_8,rayleigh,syndrome,6.0,miscorrection_rate,0.10600000,0.03361547,0.06436719,0.14763281,5,100
reed_solomon_binary_16_8,rayleigh,syndrome,6.0,conditional_miscorrection_rate,0.12089616,0.03800012,0.07383296,0.16795935,5,100
reed_solomon_binary_16_8,rayleigh,syndrome,6.0,ambiguous_rate,0.00000000,0.00000000,0.00000000,0.00000000,5,100
reed_solomon_binary_16_8,rayleigh,syndrome,6.0,average_decoding_time_ms,0.01719240,0.00478923,0.01126093,0.02312387,5,100
reed_solomon_binary_16_8,rayleigh,chase,0.0,ber,0.20075000,0.02456815,0.17032232,0.23117768,5,100
reed_solomon_binary_16_8,rayleigh,chase,0.0,frame_error_rate,0.45200000,0.03701351,0.40615872,0.49784128,5,100
reed_solomon_binary_16_8,rayleigh,chase,0.0,failure_rate,0.00000000,0.00000000,0.00000000,0.00000000,5,100
reed_solomon_binary_16_8,rayleigh,chase,0.0,miscorrection_rate,0.45200000,0.03701351,0.40615872,0.49784128,5,100
reed_solomon_binary_16_8,rayleigh,chase,0.0,conditional_miscorrection_rate,0.45200000,0.03701351,0.40615872,0.49784128,5,100
reed_solomon_binary_16_8,rayleigh,chase,0.0,ambiguous_rate,0.00000000,0.00000000,0.00000000,0.00000000,5,100
reed_solomon_binary_16_8,rayleigh,chase,0.0,average_decoding_time_ms,0.14751700,0.03115069,0.10893683,0.18609717,5,100
reed_solomon_binary_16_8,rayleigh,chase,1.0,ber,0.17500000,0.02301494,0.14649597,0.20350403,5,100
reed_solomon_binary_16_8,rayleigh,chase,1.0,frame_error_rate,0.39000000,0.03391165,0.34800038,0.43199962,5,100
reed_solomon_binary_16_8,rayleigh,chase,1.0,failure_rate,0.00000000,0.00000000,0.00000000,0.00000000,5,100
reed_solomon_binary_16_8,rayleigh,chase,1.0,miscorrection_rate,0.39000000,0.03391165,0.34800038,0.43199962,5,100
reed_solomon_binary_16_8,rayleigh,chase,1.0,conditional_miscorrection_rate,0.39000000,0.03391165,0.34800038,0.43199962,5,100
reed_solomon_binary_16_8,rayleigh,chase,1.0,ambiguous_rate,0.00000000,0.00000000,0.00000000,0.00000000,5,100
reed_solomon_binary_16_8,rayleigh,chase,1.0,average_decoding_time_ms,0.15350960,0.03524923,0.10985338,0.19716582,5,100
reed_solomon_binary_16_8,rayleigh,chase,2.0,ber,0.15400000,0.02319078,0.12527818,0.18272182,5,100
reed_solomon_binary_16_8,rayleigh,chase,2.0,frame_error_rate,0.34000000,0.04000000,0.29045995,0.38954005,5,100
reed_solomon_binary_16_8,rayleigh,chase,2.0,failure_rate,0.00000000,0.00000000,0.00000000,0.00000000,5,100
reed_solomon_binary_16_8,rayleigh,chase,2.0,miscorrection_rate,0.34000000,0.04000000,0.29045995,0.38954005,5,100
reed_solomon_binary_16_8,rayleigh,chase,2.0,conditional_miscorrection_rate,0.34000000,0.04000000,0.29045995,0.38954005,5,100
reed_solomon_binary_16_8,rayleigh,chase,2.0,ambiguous_rate,0.00000000,0.00000000,0.00000000,0.00000000,5,100
reed_solomon_binary_16_8,rayleigh,chase,2.0,average_decoding_time_ms,0.14064600,0.03586391,0.09622850,0.18506350,5,100
reed_solomon_binary_16_8,rayleigh,chase,3.0,ber,0.13175000,0.02090903,0.10585414,0.15764586,5,100
reed_solomon_binary_16_8,rayleigh,chase,3.0,frame_error_rate,0.30000000,0.03162278,0.26083515,0.33916485,5,100
reed_solomon_binary_16_8,rayleigh,chase,3.0,failure_rate,0.00000000,0.00000000,0.00000000,0.00000000,5,100
reed_solomon_binary_16_8,rayleigh,chase,3.0,miscorrection_rate,0.30000000,0.03162278,0.26083515,0.33916485,5,100
reed_solomon_binary_16_8,rayleigh,chase,3.0,conditional_miscorrection_rate,0.30000000,0.03162278,0.26083515,0.33916485,5,100
reed_solomon_binary_16_8,rayleigh,chase,3.0,ambiguous_rate,0.00000000,0.00000000,0.00000000,0.00000000,5,100
reed_solomon_binary_16_8,rayleigh,chase,3.0,average_decoding_time_ms,0.14302900,0.03676176,0.09749951,0.18855849,5,100
reed_solomon_binary_16_8,rayleigh,chase,4.0,ber,0.10950000,0.02203690,0.08220727,0.13679273,5,100
reed_solomon_binary_16_8,rayleigh,chase,4.0,frame_error_rate,0.25200000,0.04438468,0.19702951,0.30697049,5,100
reed_solomon_binary_16_8,rayleigh,chase,4.0,failure_rate,0.00000000,0.00000000,0.00000000,0.00000000,5,100
reed_solomon_binary_16_8,rayleigh,chase,4.0,miscorrection_rate,0.25200000,0.04438468,0.19702951,0.30697049,5,100
reed_solomon_binary_16_8,rayleigh,chase,4.0,conditional_miscorrection_rate,0.25200000,0.04438468,0.19702951,0.30697049,5,100
reed_solomon_binary_16_8,rayleigh,chase,4.0,ambiguous_rate,0.00200000,0.00447214,0.00000000,0.00753875,5,100
reed_solomon_binary_16_8,rayleigh,chase,4.0,average_decoding_time_ms,0.14873320,0.03892530,0.10052416,0.19694224,5,100
reed_solomon_binary_16_8,rayleigh,chase,5.0,ber,0.08775000,0.01387444,0.07056649,0.10493351,5,100
reed_solomon_binary_16_8,rayleigh,chase,5.0,frame_error_rate,0.20200000,0.03633180,0.15700301,0.24699699,5,100
reed_solomon_binary_16_8,rayleigh,chase,5.0,failure_rate,0.00000000,0.00000000,0.00000000,0.00000000,5,100
reed_solomon_binary_16_8,rayleigh,chase,5.0,miscorrection_rate,0.20200000,0.03633180,0.15700301,0.24699699,5,100
reed_solomon_binary_16_8,rayleigh,chase,5.0,conditional_miscorrection_rate,0.20200000,0.03633180,0.15700301,0.24699699,5,100
reed_solomon_binary_16_8,rayleigh,chase,5.0,ambiguous_rate,0.00000000,0.00000000,0.00000000,0.00000000,5,100
reed_solomon_binary_16_8,rayleigh,chase,5.0,average_decoding_time_ms,0.14478940,0.03949917,0.09586962,0.19370918,5,100
reed_solomon_binary_16_8,rayleigh,chase,6.0,ber,0.07100000,0.01361869,0.05413323,0.08786677,5,100
reed_solomon_binary_16_8,rayleigh,chase,6.0,frame_error_rate,0.15800000,0.02949576,0.12146946,0.19453054,5,100
reed_solomon_binary_16_8,rayleigh,chase,6.0,failure_rate,0.00000000,0.00000000,0.00000000,0.00000000,5,100
reed_solomon_binary_16_8,rayleigh,chase,6.0,miscorrection_rate,0.15800000,0.02949576,0.12146946,0.19453054,5,100
reed_solomon_binary_16_8,rayleigh,chase,6.0,conditional_miscorrection_rate,0.15800000,0.02949576,0.12146946,0.19453054,5,100
reed_solomon_binary_16_8,rayleigh,chase,6.0,ambiguous_rate,0.00000000,0.00000000,0.00000000,0.00000000,5,100
reed_solomon_binary_16_8,rayleigh,chase,6.0,average_decoding_time_ms,0.14475340,0.03444307,0.10209561,0.18741119,5,100
reed_solomon_binary_16_8,rayleigh,hard_mld,0.0,ber,0.25200000,0.03267501,0.21153196,0.29246804,5,100
reed_solomon_binary_16_8,rayleigh,hard_mld,0.0,frame_error_rate,0.54800000,0.05449771,0.48050452,0.61549548,5,100
reed_solomon_binary_16_8,rayleigh,hard_mld,0.0,failure_rate,0.00000000,0.00000000,0.00000000,0.00000000,5,100
reed_solomon_binary_16_8,rayleigh,hard_mld,0.0,miscorrection_rate,0.54800000,0.05449771,0.48050452,0.61549548,5,100
reed_solomon_binary_16_8,rayleigh,hard_mld,0.0,conditional_miscorrection_rate,0.54800000,0.05449771,0.48050452,0.61549548,5,100
reed_solomon_binary_16_8,rayleigh,hard_mld,0.0,ambiguous_rate,0.33400000,0.05727128,0.26306944,0.40493056,5,100
reed_solomon_binary_16_8,rayleigh,hard_mld,0.0,average_decoding_time_ms,0.01061100,0.00218799,0.00790117,0.01332083,5,100
reed_solomon_binary_16_8,rayleigh,hard_mld,1.0,ber,0.22425000,0.02613965,0.19187601,0.25662399,5,100
reed_solomon_binary_16_8,rayleigh,hard_mld,1.0,frame_error_rate,0.49000000,0.03464102,0.44709706,0.53290294,5,100
reed_solomon_binary_16_8,rayleigh,hard_mld,1.0,failure_rate,0.00000000,0.00000000,0.00000000,0.00000000,5,100
reed_solomon_binary_16_8,rayleigh,hard_mld,1.0,miscorrection_rate,0.49000000,0.03464102,0.44709706,0.53290294,5,100
reed_solomon_binary_16_8,rayleigh,hard_mld,1.0,conditional_miscorrection_rate,0.49000000,0.03464102,0.44709706,0.53290294,5,100
reed_solomon_binary_16_8,rayleigh,hard_mld,1.0,ambiguous_rate,0.31600000,0.07402702,0.22431744,0.40768256,5,100
reed_solomon_binary_16_8,rayleigh,hard_mld,1.0,average_decoding_time_ms,0.01153120,0.00289335,0.00794778,0.01511461,5,100
reed_solomon_binary_16_8,rayleigh,hard_mld,2.0,ber,0.19500000,0.02269017,0.16689820,0.22310180,5,100
reed_solomon_binary_16_8,rayleigh,hard_mld,2.0,frame_error_rate,0.42600000,0.02302173,0.39748756,0.45451244,5,100
reed_solomon_binary_16_8,rayleigh,hard_mld,2.0,failure_rate,0.00000000,0.00000000,0.00000000,0.00000000,5,100
reed_solomon_binary_16_8,rayleigh,hard_mld,2.0,miscorrection_rate,0.42600000,0.02302173,0.39748756,0.45451244,5,100
reed_solomon_binary_16_8,rayleigh,hard_mld,2.0,conditional_miscorrection_rate,0.42600000,0.02302173,0.39748756,0.45451244,5,100
reed_solomon_binary_16_8,rayleigh,hard_mld,2.0,ambiguous_rate,0.26200000,0.06457554,0.18202311,0.34197689,5,100
reed_solomon_binary_16_8,rayleigh,hard_mld,2.0,average_decoding_time_ms,0.01090840,0.00169649,0.00880729,0.01300951,5,100
reed_solomon_binary_16_8,rayleigh,hard_mld,3.0,ber,0.16675000,0.02505619,0.13571788,0.19778212,5,100
reed_solomon_binary_16_8,rayleigh,hard_mld,3.0,frame_error_rate,0.37600000,0.03361547,0.33436719,0.41763281,5,100
reed_solomon_binary_16_8,rayleigh,hard_mld,3.0,failure_rate,0.00000000,0.00000000,0.00000000,0.00000000,5,100
reed_solomon_binary_16_8,rayleigh,hard_mld,3.0,miscorrection_rate,0.37600000,0.03361547,0.33436719,0.41763281,5,100
reed_solomon_binary_16_8,rayleigh,hard_mld,3.0,conditional_miscorrection_rate,0.37600000,0.03361547,0.33436719,0.41763281,5,100
reed_solomon_binary_16_8,rayleigh,hard_mld,3.0,ambiguous_rate,0.22000000,0.06442049,0.14021513,0.29978487,5,100
reed_solomon_binary_16_8,rayleigh,hard_mld,3.0,average_decoding_time_ms,0.01063320,0.00239596,0.00766580,0.01360060,5,100
reed_solomon_binary_16_8,rayleigh,hard_mld,4.0,ber,0.14300000,0.02346207,0.11394220,0.17205780,5,100
reed_solomon_binary_16_8,rayleigh,hard_mld,4.0,frame_error_rate,0.31200000,0.03962323,0.26292658,0.36107342,5,100
reed_solomon_binary_16_8,rayleigh,hard_mld,4.0,failure_rate,0.00000000,0.00000000,0.00000000,0.00000000,5,100
reed_solomon_binary_16_8,rayleigh,hard_mld,4.0,miscorrection_rate,0.31200000,0.03962323,0.26292658,0.36107342,5,100
reed_solomon_binary_16_8,rayleigh,hard_mld,4.0,conditional_miscorrection_rate,0.31200000,0.03962323,0.26292658,0.36107342,5,100
reed_solomon_binary_16_8,rayleigh,hard_mld,4.0,ambiguous_rate,0.18800000,0.05449771,0.12050452,0.25549548,5,100
reed_solomon_binary_16_8,rayleigh,hard_mld,4.0,average_decoding_time_ms,0.01208180,0.00275408,0.00867087,0.01549273,5,100
reed_solomon_binary_16_8,rayleigh,hard_mld,5.0,ber,0.12375000,0.02692582,0.09040233,0.15709767,5,100
reed_solomon_binary_16_8,rayleigh,hard_mld,5.0,frame_error_rate,0.27200000,0.03962323,0.22292658,0.32107342,5,100
reed_solomon_binary_16_8,rayleigh,hard_mld,5.0,failure_rate,0.00000000,0.00000000,0.00000000,0.00000000,5,100
reed_solomon_binary_16_8,rayleigh,hard_mld,5.0,miscorrection_rate,0.27200000,0.03962323,0.22292658,0.32107342,5,100
reed_solomon_binary_16_8,rayleigh,hard_mld,5.0,conditional_miscorrection_rate,0.27200000,0.03962323,0.22292658,0.32107342,5,100
reed_solomon_binary_16_8,rayleigh,hard_mld,5.0,ambiguous_rate,0.15400000,0.04277850,0.10101877,0.20698123,5,100
reed_solomon_binary_16_8,rayleigh,hard_mld,5.0,average_decoding_time_ms,0.01107320,0.00234145,0.00817331,0.01397309,5,100
reed_solomon_binary_16_8,rayleigh,hard_mld,6.0,ber,0.09975000,0.02133073,0.07333186,0.12616814,5,100
reed_solomon_binary_16_8,rayleigh,hard_mld,6.0,frame_error_rate,0.21800000,0.03768289,0.17132969,0.26467031,5,100
reed_solomon_binary_16_8,rayleigh,hard_mld,6.0,failure_rate,0.00000000,0.00000000,0.00000000,0.00000000,5,100
reed_solomon_binary_16_8,rayleigh,hard_mld,6.0,miscorrection_rate,0.21800000,0.03768289,0.17132969,0.26467031,5,100
reed_solomon_binary_16_8,rayleigh,hard_mld,6.0,conditional_miscorrection_rate,0.21800000,0.03768289,0.17132969,0.26467031,5,100
reed_solomon_binary_16_8,rayleigh,hard_mld,6.0,ambiguous_rate,0.12600000,0.04159327,0.07448668,0.17751332,5,100
reed_solomon_binary_16_8,rayleigh,hard_mld,6.0,average_decoding_time_ms,0.01217460,0.00098681,0.01095243,0.01339677,5,100
reed_solomon_binary_16_8,rayleigh,soft_mld,0.0,ber,0.19450000,0.02568742,0.16268609,0.22631391,5,100
reed_solomon_binary_16_8,rayleigh,soft_mld,0.0,frame_error_rate,0.44000000,0.04062019,0.38969184,0.49030816,5,100
reed_solomon_binary_16_8,rayleigh,soft_mld,0.0,failure_rate,0.00000000,0.00000000,0.00000000,0.00000000,5,100
reed_solomon_binary_16_8,rayleigh,soft_mld,0.0,miscorrection_rate,0.44000000,0.04062019,0.38969184,0.49030816,5,100
reed_solomon_binary_16_8,rayleigh,soft_mld,0.0,conditional_miscorrection_rate,0.44000000,0.04062019,0.38969184,0.49030816,5,100
reed_solomon_binary_16_8,rayleigh,soft_mld,0.0,ambiguous_rate,0.00200000,0.00447214,0.00000000,0.00753875,5,100
reed_solomon_binary_16_8,rayleigh,soft_mld,0.0,average_decoding_time_ms,0.00401940,0.00049924,0.00340108,0.00463772,5,100
reed_solomon_binary_16_8,rayleigh,soft_mld,1.0,ber,0.17050000,0.02958832,0.13385483,0.20714517,5,100
reed_solomon_binary_16_8,rayleigh,soft_mld,1.0,frame_error_rate,0.38200000,0.04266146,0.32916373,0.43483627,5,100
reed_solomon_binary_16_8,rayleigh,soft_mld,1.0,failure_rate,0.00000000,0.00000000,0.00000000,0.00000000,5,100
reed_solomon_binary_16_8,rayleigh,soft_mld,1.0,miscorrection_rate,0.38200000,0.04266146,0.32916373,0.43483627,5,100
reed_solomon_binary_16_8,rayleigh,soft_mld,1.0,conditional_miscorrection_rate,0.38200000,0.04266146,0.32916373,0.43483627,5,100
reed_solomon_binary_16_8,rayleigh,soft_mld,1.0,ambiguous_rate,0.00000000,0.00000000,0.00000000,0.00000000,5,100
reed_solomon_binary_16_8,rayleigh,soft_mld,1.0,average_decoding_time_ms,0.00373340,0.00041909,0.00321435,0.00425245,5,100
reed_solomon_binary_16_8,rayleigh,soft_mld,2.0,ber,0.15000000,0.02768404,0.11571328,0.18428672,5,100
reed_solomon_binary_16_8,rayleigh,soft_mld,2.0,frame_error_rate,0.33400000,0.03911521,0.28555576,0.38244424,5,100
reed_solomon_binary_16_8,rayleigh,soft_mld,2.0,failure_rate,0.00000000,0.00000000,0.00000000,0.00000000,5,100
reed_solomon_binary_16_8,rayleigh,soft_mld,2.0,miscorrection_rate,0.33400000,0.03911521,0.28555576,0.38244424,5,100
reed_solomon_binary_16_8,rayleigh,soft_mld,2.0,conditional_miscorrection_rate,0.33400000,0.03911521,0.28555576,0.38244424,5,100
reed_solomon_binary_16_8,rayleigh,soft_mld,2.0,ambiguous_rate,0.00000000,0.00000000,0.00000000,0.00000000,5,100
reed_solomon_binary_16_8,rayleigh,soft_mld,2.0,average_decoding_time_ms,0.00359120,0.00061849,0.00282520,0.00435720,5,100
reed_solomon_binary_16_8,rayleigh,soft_mld,3.0,ber,0.12900000,0.02652240,0.09615198,0.16184802,5,100
reed_solomon_binary_16_8,rayleigh,soft_mld,3.0,frame_error_rate,0.29600000,0.03847077,0.24835390,0.34364610,5,100
reed_solomon_binary_16_8,rayleigh,soft_mld,3.0,failure_rate,0.00000000,0.00000000,0.00000000,0.00000000,5,100
reed_solomon_binary_16_8,rayleigh,soft_mld,3.0,miscorrection_rate,0.29600000,0.03847077,0.24835390,0.34364610,5,100
reed_solomon_binary_16_8,rayleigh,soft_mld,3.0,conditional_miscorrection_rate,0.29600000,0.03847077,0.24835390,0.34364610,5,100
reed_solomon_binary_16_8,rayleigh,soft_mld,3.0,ambiguous_rate,0.00000000,0.00000000,0.00000000,0.00000000,5,100
reed_solomon_binary_16_8,rayleigh,soft_mld,3.0,average_decoding_time_ms,0.00353480,0.00103843,0.00224871,0.00482089,5,100
reed_solomon_binary_16_8,rayleigh,soft_mld,4.0,ber,0.10850000,0.02467603,0.07793871,0.13906129,5,100
reed_solomon_binary_16_8,rayleigh,soft_mld,4.0,frame_error_rate,0.25000000,0.04847680,0.18996142,0.31003858,5,100
reed_solomon_binary_16_8,rayleigh,soft_mld,4.0,failure_rate,0.00000000,0.00000000,0.00000000,0.00000000,5,100
reed_solomon_binary_16_8,rayleigh,soft_mld,4.0,miscorrection_rate,0.25000000,0.04847680,0.18996142,0.31003858,5,100
reed_solomon_binary_16_8,rayleigh,soft_mld,4.0,conditional_miscorrection_rate,0.25000000,0.04847680,0.18996142,0.31003858,5,100
reed_solomon_binary_16_8,rayleigh,soft_mld,4.0,ambiguous_rate,0.00200000,0.00447214,0.00000000,0.00753875,5,100
reed_solomon_binary_16_8,rayleigh,soft_mld,4.0,average_decoding_time_ms,0.00400420,0.00076545,0.00305619,0.00495221,5,100
reed_solomon_binary_16_8,rayleigh,soft_mld,5.0,ber,0.08725000,0.01487973,0.06882144,0.10567856,5,100
reed_solomon_binary_16_8,rayleigh,soft_mld,5.0,frame_error_rate,0.20200000,0.03633180,0.15700301,0.24699699,5,100
reed_solomon_binary_16_8,rayleigh,soft_mld,5.0,failure_rate,0.00000000,0.00000000,0.00000000,0.00000000,5,100
reed_solomon_binary_16_8,rayleigh,soft_mld,5.0,miscorrection_rate,0.20200000,0.03633180,0.15700301,0.24699699,5,100
reed_solomon_binary_16_8,rayleigh,soft_mld,5.0,conditional_miscorrection_rate,0.20200000,0.03633180,0.15700301,0.24699699,5,100
reed_solomon_binary_16_8,rayleigh,soft_mld,5.0,ambiguous_rate,0.00000000,0.00000000,0.00000000,0.00000000,5,100
reed_solomon_binary_16_8,rayleigh,soft_mld,5.0,average_decoding_time_ms,0.00404560,0.00096802,0.00284671,0.00524449,5,100
reed_solomon_binary_16_8,rayleigh,soft_mld,6.0,ber,0.07100000,0.01628362,0.05083272,0.09116728,5,100
reed_solomon_binary_16_8,rayleigh,soft_mld,6.0,frame_error_rate,0.16000000,0.03240370,0.11986797,0.20013203,5,100
reed_solomon_binary_16_8,rayleigh,soft_mld,6.0,failure_rate,0.00000000,0.00000000,0.00000000,0.00000000,5,100
reed_solomon_binary_16_8,rayleigh,soft_mld,6.0,miscorrection_rate,0.16000000,0.03240370,0.11986797,0.20013203,5,100
reed_solomon_binary_16_8,rayleigh,soft_mld,6.0,conditional_miscorrection_rate,0.16000000,0.03240370,0.11986797,0.20013203,5,100
reed_solomon_binary_16_8,rayleigh,soft_mld,6.0,ambiguous_rate,0.00000000,0.00000000,0.00000000,0.00000000,5,100
reed_solomon_binary_16_8,rayleigh,soft_mld,6.0,average_decoding_time_ms,0.00360620,0.00089281,0.00250046,0.00471194,5,100
reed_solomon_binary_16_8,sinusoidal,syndrome,0.0,ber,0.38700000,0.04506592,0.33118579,0.44281421,5,100
reed_solomon_binary_16_8,sinusoidal,syndrome,0.0,frame_error_rate,0.52600000,0.05683309,0.45561215,0.59638785,5,100
reed_solomon_binary_16_8,sinusoidal,syndrome,0.0,failure_rate,0.28400000,0.04037326,0.23399767,0.33400233,5,100
reed_solomon_binary_16_8,sinusoidal,syndrome,0.0,miscorrection_rate,0.24200000,0.06534524,0.16106984,0.32293016,5,100
reed_solomon_binary_16_8,sinusoidal,syndrome,0.0,conditional_miscorrection_rate,0.33680690,0.08113815,0.23631719,0.43729660,5,100
reed_solomon_binary_16_8,sinusoidal,syndrome,0.0,ambiguous_rate,0.00000000,0.00000000,0.00000000,0.00000000,5,100
reed_solomon_binary_16_8,sinusoidal,syndrome,0.0,average_decoding_time_ms,0.01962120,0.00131398,0.01799384,0.02124856,5,100
reed_solomon_binary_16_8,sinusoidal,syndrome,1.0,ber,0.31200000,0.04460416,0.25675769,0.36724231,5,100
reed_solomon_binary_16_8,sinusoidal,syndrome,1.0,frame_error_rate,0.42200000,0.06610598,0.34012766,0.50387234,5,100
reed_solomon_binary_16_8,sinusoidal,syndrome,1.0,failure_rate,0.23000000,0.03807887,0.18283928,0.27716072,5,100
reed_solomon_binary_16_8,sinusoidal,syndrome,1.0,miscorrection_rate,0.19200000,0.06379655,0.11298789,0.27101211,5,100
reed_solomon_binary_16_8,sinusoidal,syndrome,1.0,conditional_miscorrection_rate,0.24896635,0.07999571,0.14989157,0.34804114,5,100
reed_solomon_binary_16_8,sinusoidal,syndrome,1.0,ambiguous_rate,0.00000000,0.00000000,0.00000000,0.00000000,5,100
reed_solomon_binary_16_8,sinusoidal,syndrome,1.0,average_decoding_time_ms,0.01822200,0.00085242,0.01716628,0.01927772,5,100
reed_solomon_binary_16_8,sinusoidal,syndrome,2.0,ber,0.23575000,0.03160548,0.19660657,0.27489343,5,100
reed_solomon_binary_16_8,sinusoidal,syndrome,2.0,frame_error_rate,0.32200000,0.04658326,0.26430657,0.37969343,5,100
reed_solomon_binary_16_8,sinusoidal,syndrome,2.0,failure_rate,0.16800000,0.01483240,0.14963006,0.18636994,5,100
reed_solomon_binary_16_8,sinusoidal,syndrome,2.0,miscorrection_rate,0.15400000,0.03911521,0.10555576,0.20244424,5,100
reed_solomon_binary_16_8,sinusoidal,syndrome,2.0,conditional_miscorrection_rate,0.18538134,0.04811987,0.12578482,0.24497786,5,100
reed_solomon_binary_16_8,sinusoidal,syndrome,2.0,ambiguous_rate,0.00000000,0.00000000,0.00000000,0.00000000,5,100
reed_solomon_binary_16_8,sinusoidal,syndrome,2.0,average_decoding_time_ms,0.01953920,0.00132673,0.01789604,0.02118236,5,100
reed_solomon_binary_16_8,sinusoidal,syndrome,3.0,ber,0.16750000,0.01608085,0.14758385,0.18741615,5,100
reed_solomon_binary_16_8,sinusoidal,syndrome,3.0,frame_error_rate,0.23200000,0.03114482,0.19342710,0.27057290,5,100
reed_solomon_binary_16_8,sinusoidal,syndrome,3.0,failure_rate,0.11600000,0.00547723,0.10921645,0.12278355,5,100
reed_solomon_binary_16_8,sinusoidal,syndrome,3.0,miscorrection_rate,0.11600000,0.02607681,0.08370384,0.14829616,5,100
reed_solomon_binary_16_8,sinusoidal,syndrome,3.0,conditional_miscorrection_rate,0.13135853,0.03018285,0.09397704,0.16874002,5,100
reed_solomon_binary_16_8,sinusoidal,syndrome,3.0,ambiguous_rate,0.00000000,0.00000000,0.00000000,0.00000000,5,100
reed_solomon_binary_16_8,sinusoidal,syndrome,3.0,average_decoding_time_ms,0.01961540,0.00093339,0.01845940,0.02077140,5,100
reed_solomon_binary_16_8,sinusoidal,syndrome,4.0,ber,0.11725000,0.02809582,0.08245329,0.15204671,5,100
reed_solomon_binary_16_8,sinusoidal,syndrome,4.0,frame_error_rate,0.16400000,0.02880972,0.12831912,0.19968088,5,100
reed_solomon_binary_16_8,sinusoidal,syndrome,4.0,failure_rate,0.08400000,0.02408319,0.05417294,0.11382706,5,100
reed_solomon_binary_16_8,sinusoidal,syndrome,4.0,miscorrection_rate,0.08000000,0.00707107,0.07124247,0.08875753,5,100
reed_solomon_binary_16_8,sinusoidal,syndrome,4.0,conditional_miscorrection_rate,0.08748078,0.00932901,0.07592679,0.09903478,5,100
reed_solomon_binary_16_8,sinusoidal,syndrome,4.0,ambiguous_rate,0.00000000,0.00000000,0.00000000,0.00000000,5,100
reed_solomon_binary_16_8,sinusoidal,syndrome,4.0,average_decoding_time_ms,0.01922240,0.00155101,0.01730148,0.02114332,5,100
reed_solomon_binary_16_8,sinusoidal,syndrome,5.0,ber,0.06175000,0.02131607,0.03535001,0.08814999,5,100
reed_solomon_binary_16_8,sinusoidal,syndrome,5.0,frame_error_rate,0.09000000,0.02236068,0.06230627,0.11769373,5,100
reed_solomon_binary_16_8,sinusoidal,syndrome,5.0,failure_rate,0.04400000,0.01816590,0.02150151,0.06649849,5,100
reed_solomon_binary_16_8,sinusoidal,syndrome,5.0,miscorrection_rate,0.04600000,0.00894427,0.03492251,0.05707749,5,100
reed_solomon_binary_16_8,sinusoidal,syndrome,5.0,conditional_miscorrection_rate,0.04817034,0.00961492,0.03626225,0.06007842,5,100
reed_solomon_binary_16_8,sinusoidal,syndrome,5.0,ambiguous_rate,0.00000000,0.00000000,0.00000000,0.00000000,5,100
reed_solomon_binary_16_8,sinusoidal,syndrome,5.0,average_decoding_time_ms,0.01898760,0.00092440,0.01784273,0.02013247,5,100
reed_solomon_binary_16_8,sinusoidal,syndrome,6.0,ber,0.03600000,0.01625961,0.01586245,0.05613755,5,100
reed_solomon_binary_16_8,sinusoidal,syndrome,6.0,frame_error_rate,0.04800000,0.01643168,0.02764935,0.06835065,5,100
reed_solomon_binary_16_8,sinusoidal,syndrome,6.0,failure_rate,0.02600000,0.01816590,0.00350151,0.04849849,5,100
reed_solomon_binary_16_8,sinusoidal,syndrome,6.0,miscorrection_rate,0.02200000,0.00836660,0.01163795,0.03236205,5,100
reed_solomon_binary_16_8,sinusoidal,syndrome,6.0,conditional_miscorrection_rate,0.02253958,0.00840171,0.01213405,0.03294511,5,100
reed_solomon_binary_16_8,sinusoidal,syndrome,6.0,ambiguous_rate,0.00000000,0.00000000,0.00000000,0.00000000,5,100
reed_solomon_binary_16_8,sinusoidal,syndrome,6.0,average_decoding_time_ms,0.01751220,0.00593631,0.01016007,0.02486433,5,100
reed_solomon_binary_16_8,sinusoidal,chase,0.0,ber,0.13650000,0.02236767,0.10879762,0.16420238,5,100
reed_solomon_binary_16_8,sinusoidal,chase,0.0,frame_error_rate,0.30400000,0.02966479,0.26726011,0.34073989,5,100
reed_solomon_binary_16_8,sinusoidal,chase,0.0,failure_rate,0.00000000,0.00000000,0.00000000,0.00000000,5,100
reed_solomon_binary_16_8,sinusoidal,chase,0.0,miscorrection_rate,0.30400000,0.02966479,0.26726011,0.34073989,5,100
reed_solomon_binary_16_8,sinusoidal,chase,0.0,conditional_miscorrection_rate,0.30400000,0.02966479,0.26726011,0.34073989,5,100
reed_solomon_binary_16_8,sinusoidal,chase,0.0,ambiguous_rate,0.00000000,0.00000000,0.00000000,0.00000000,5,100
reed_solomon_binary_16_8,sinusoidal,chase,0.0,average_decoding_time_ms,0.16345000,0.00527799,0.15691320,0.16998680,5,100
reed_solomon_binary_16_8,sinusoidal,chase,1.0,ber,0.09025000,0.01332878,0.07374229,0.10675771,5,100
reed_solomon_binary_16_8,sinusoidal,chase,1.0,frame_error_rate,0.20600000,0.02701851,0.17253754,0.23946246,5,100
reed_solomon_binary_16_8,sinusoidal,chase,1.0,failure_rate,0.00000000,0.00000000,0.00000000,0.00000000,5,100
reed_solomon_binary_16_8,sinusoidal,chase,1.0,miscorrection_rate,0.20600000,0.02701851,0.17253754,0.23946246,5,100
reed_solomon_binary_16_8,sinusoidal,chase,1.0,conditional_miscorrection_rate,0.20600000,0.02701851,0.17253754,0.23946246,5,100
reed_solomon_binary_16_8,sinusoidal,chase,1.0,ambiguous_rate,0.00000000,0.00000000,0.00000000,0.00000000,5,100
reed_solomon_binary_16_8,sinusoidal,chase,1.0,average_decoding_time_ms,0.16237460,0.00747141,0.15312125,0.17162795,5,100
reed_solomon_binary_16_8,sinusoidal,chase,2.0,ber,0.05275000,0.00698212,0.04410264,0.06139736,5,100
reed_solomon_binary_16_8,sinusoidal,chase,2.0,frame_error_rate,0.12600000,0.01816590,0.10350151,0.14849849,5,100
reed_solomon_binary_16_8,sinusoidal,chase,2.0,failure_rate,0.00000000,0.00000000,0.00000000,0.00000000,5,100
reed_solomon_binary_16_8,sinusoidal,chase,2.0,miscorrection_rate,0.12600000,0.01816590,0.10350151,0.14849849,5,100
reed_solomon_binary_16_8,sinusoidal,chase,2.0,conditional_miscorrection_rate,0.12600000,0.01816590,0.10350151,0.14849849,5,100
reed_solomon_binary_16_8,sinusoidal,chase,2.0,ambiguous_rate,0.00000000,0.00000000,0.00000000,0.00000000,5,100
reed_solomon_binary_16_8,sinusoidal,chase,2.0,average_decoding_time_ms,0.16590160,0.00515910,0.15951204,0.17229116,5,100
reed_solomon_binary_16_8,sinusoidal,chase,3.0,ber,0.02900000,0.00389310,0.02417839,0.03382161,5,100
reed_solomon_binary_16_8,sinusoidal,chase,3.0,frame_error_rate,0.06800000,0.00836660,0.05763795,0.07836205,5,100
reed_solomon_binary_16_8,sinusoidal,chase,3.0,failure_rate,0.00000000,0.00000000,0.00000000,0.00000000,5,100
reed_solomon_binary_16_8,sinusoidal,chase,3.0,miscorrection_rate,0.06800000,0.00836660,0.05763795,0.07836205,5,100
reed_solomon_binary_16_8,sinusoidal,chase,3.0,conditional_miscorrection_rate,0.06800000,0.00836660,0.05763795,0.07836205,5,100
reed_solomon_binary_16_8,sinusoidal,chase,3.0,ambiguous_rate,0.00000000,0.00000000,0.00000000,0.00000000,5,100
reed_solomon_binary_16_8,sinusoidal,chase,3.0,average_decoding_time_ms,0.16588880,0.00210443,0.16328246,0.16849514,5,100
reed_solomon_binary_16_8,sinusoidal,chase,4.0,ber,0.01725000,0.00981867,0.00508957,0.02941043,5,100
reed_solomon_binary_16_8,sinusoidal,chase,4.0,frame_error_rate,0.04000000,0.02121320,0.01372742,0.06627258,5,100
reed_solomon_binary_16_8,sinusoidal,chase,4.0,failure_rate,0.00000000,0.00000000,0.00000000,0.00000000,5,100
reed_solomon_binary_16_8,sinusoidal,chase,4.0,miscorrection_rate,0.04000000,0.02121320,0.01372742,0.06627258,5,100
reed_solomon_binary_16_8,sinusoidal,chase,4.0,conditional_miscorrection_rate,0.04000000,0.02121320,0.01372742,0.06627258,5,100
reed_solomon_binary_16_8,sinusoidal,chase,4.0,ambiguous_rate,0.00000000,0.00000000,0.00000000,0.00000000,5,100
reed_solomon_binary_16_8,sinusoidal,chase,4.0,average_decoding_time_ms,0.16553440,0.00462084,0.15981148,0.17125732,5,100
reed_solomon_binary_16_8,sinusoidal,chase,5.0,ber,0.00725000,0.00602080,0.00000000,0.01470677,5,100
reed_solomon_binary_16_8,sinusoidal,chase,5.0,frame_error_rate,0.01600000,0.01140175,0.00187891,0.03012109,5,100
reed_solomon_binary_16_8,sinusoidal,chase,5.0,failure_rate,0.00000000,0.00000000,0.00000000,0.00000000,5,100
reed_solomon_binary_16_8,sinusoidal,chase,5.0,miscorrection_rate,0.01600000,0.01140175,0.00187891,0.03012109,5,100
reed_solomon_binary_16_8,sinusoidal,chase,5.0,conditional_miscorrection_rate,0.01600000,0.01140175,0.00187891,0.03012109,5,100
reed_solomon_binary_16_8,sinusoidal,chase,5.0,ambiguous_rate,0.00000000,0.00000000,0.00000000,0.00000000,5,100
reed_solomon_binary_16_8,sinusoidal,chase,5.0,average_decoding_time_ms,0.16044920,0.02127286,0.13410273,0.18679567,5,100
reed_solomon_binary_16_8,sinusoidal,chase,6.0,ber,0.00275000,0.00285044,0.00000000,0.00628027,5,100
reed_solomon_binary_16_8,sinusoidal,chase,6.0,frame_error_rate,0.00600000,0.00547723,0.00000000,0.01278355,5,100
reed_solomon_binary_16_8,sinusoidal,chase,6.0,failure_rate,0.00000000,0.00000000,0.00000000,0.00000000,5,100
reed_solomon_binary_16_8,sinusoidal,chase,6.0,miscorrection_rate,0.00600000,0.00547723,0.00000000,0.01278355,5,100
reed_solomon_binary_16_8,sinusoidal,chase,6.0,conditional_miscorrection_rate,0.00600000,0.00547723,0.00000000,0.01278355,5,100
reed_solomon_binary_16_8,sinusoidal,chase,6.0,ambiguous_rate,0.00000000,0.00000000,0.00000000,0.00000000,5,100
reed_solomon_binary_16_8,sinusoidal,chase,6.0,average_decoding_time_ms,0.17214020,0.00460421,0.16643788,0.17784252,5,100
reed_solomon_binary_16_8,sinusoidal,hard_mld,0.0,ber,0.21000000,0.04509539,0.15414931,0.26585069,5,100
reed_solomon_binary_16_8,sinusoidal,hard_mld,0.0,frame_error_rate,0.47000000,0.06928203,0.38419411,0.55580589,5,100
reed_solomon_binary_16_8,sinusoidal,hard_mld,0.0,failure_rate,0.00000000,0.00000000,0.00000000,0.00000000,5,100
reed_solomon_binary_16_8,sinusoidal,hard_mld,0.0,miscorrection_rate,0.47000000,0.06928203,0.38419411,0.55580589,5,100
reed_solomon_binary_16_8,sinusoidal,hard_mld,0.0,conditional_miscorrection_rate,0.47000000,0.06928203,0.38419411,0.55580589,5,100
reed_solomon_binary_16_8,sinusoidal,hard_mld,0.0,ambiguous_rate,0.28400000,0.04037326,0.23399767,0.33400233,5,100
reed_solomon_binary_16_8,sinusoidal,hard_mld,0.0,average_decoding_time_ms,0.01206140,0.00054956,0.01138077,0.01274203,5,100
reed_solomon_binary_16_8,sinusoidal,hard_mld,1.0,ber,0.16250000,0.04750000,0.10367119,0.22132881,5,100
reed_solomon_binary_16_8,sinusoidal,hard_mld,1.0,frame_error_rate,0.36800000,0.07981228,0.26915239,0.46684761,5,100
reed_solomon_binary_16_8,sinusoidal,hard_mld,1.0,failure_rate,0.00000000,0.00000000,0.00000000,0.00000000,5,100
reed_solomon_binary_16_8,sinusoidal,hard_mld,1.0,miscorrection_rate,0.36800000,0.07981228,0.26915239,0.46684761,5,100
reed_solomon_binary_16_8,sinusoidal,hard_mld,1.0,conditional_miscorrection_rate,0.36800000,0.07981228,0.26915239,0.46684761,5,100
reed_solomon_binary_16_8,sinusoidal,hard_mld,1.0,ambiguous_rate,0.23000000,0.03807887,0.18283928,0.27716072,5,100
reed_solomon_binary_16_8,sinusoidal,hard_mld,1.0,average_decoding_time_ms,0.01232340,0.00177061,0.01013049,0.01451631,5,100
reed_solomon_binary_16_8,sinusoidal,hard_mld,2.0,ber,0.12525000,0.03809322,0.07807149,0.17242851,5,100
reed_solomon_binary_16_8,sinusoidal,hard_mld,2.0,frame_error_rate,0.28000000,0.05873670,0.20725452,0.35274548,5,100
reed_solomon_binary_16_8,sinusoidal,hard_mld,2.0,failure_rate,0.00000000,0.00000000,0.00000000,0.00000000,5,100
reed_solomon_binary_16_8,sinusoidal,hard_mld,2.0,miscorrection_rate,0.28000000,0.05873670,0.20725452,0.35274548,5,100
reed_solomon_binary_16_8,sinusoidal,hard_mld,2.0,conditional_miscorrection_rate,0.28000000,0.05873670,0.20725452,0.35274548,5,100
reed_solomon_binary_16_8,sinusoidal,hard_mld,2.0,ambiguous_rate,0.16800000,0.01483240,0.14963006,0.18636994,5,100
reed_solomon_binary_16_8,sinusoidal,hard_mld,2.0,average_decoding_time_ms,0.01232640,0.00116753,0.01088041,0.01377239,5,100
reed_solomon_binary_16_8,sinusoidal,hard_mld,3.0,ber,0.08925000,0.01907223,0.06562902,0.11287098,5,100
reed_solomon_binary_16_8,sinusoidal,hard_mld,3.0,frame_error_rate,0.19800000,0.02774887,0.16363298,0.23236702,5,100
reed_solomon_binary_16_8,sinusoidal,hard_mld,3.0,failure_rate,0.00000000,0.00000000,0.00000000,0.00000000,5,100
reed_solomon_binary_16_8,sinusoidal,hard_mld,3.0,miscorrection_rate,0.19800000,0.02774887,0.16363298,0.23236702,5,100
reed_solomon_binary_16_8,sinusoidal,hard_mld,3.0,conditional_miscorrection_rate,0.19800000,0.02774887,0.16363298,0.23236702,5,100
reed_solomon_binary_16_8,sinusoidal,hard_mld,3.0,ambiguous_rate,0.11600000,0.00547723,0.10921645,0.12278355,5,100
reed_solomon_binary_16_8,sinusoidal,hard_mld,3.0,average_decoding_time_ms,0.01205680,0.00051696,0.01141654,0.01269706,5,100
reed_solomon_binary_16_8,sinusoidal,hard_mld,4.0,ber,0.06275000,0.01356120,0.04595443,0.07954557,5,100
reed_solomon_binary_16_8,sinusoidal,hard_mld,4.0,frame_error_rate,0.14200000,0.02167948,0.11514993,0.16885007,5,100
reed_solomon_binary_16_8,sinusoidal,hard_mld,4.0,failure_rate,0.00000000,0.00000000,0.00000000,0.00000000,5,100
reed_solomon_binary_16_8,sinusoidal,hard_mld,4.0,miscorrection_rate,0.14200000,0.02167948,0.11514993,0.16885007,5,100
reed_solomon_binary_16_8,sinusoidal,hard_mld,4.0,conditional_miscorrection_rate,0.14200000,0.02167948,0.11514993,0.16885007,5,100
reed_solomon_binary_16_8,sinusoidal,hard_mld,4.0,ambiguous_rate,0.08400000,0.02408319,0.05417294,0.11382706,5,100
reed_solomon_binary_16_8,sinusoidal,hard_mld,4.0,average_decoding_time_ms,0.01203500,0.00091536,0.01090132,0.01316868,5,100
reed_solomon_binary_16_8,sinusoidal,hard_mld,5.0,ber,0.03375000,0.00852386,0.02319318,0.04430682,5,100
reed_solomon_binary_16_8,sinusoidal,hard_mld,5.0,frame_error_rate,0.08000000,0.02000000,0.05522997,0.10477003,5,100
reed_solomon_binary_16_8,sinusoidal,hard_mld,5.0,failure_rate,0.00000000,0.00000000,0.00000000,0.00000000,5,100
reed_solomon_binary_16_8,sinusoidal,hard_mld,5.0,miscorrection_rate,0.08000000,0.02000000,0.05522997,0.10477003,5,100
reed_solomon_binary_16_8,sinusoidal,hard_mld,5.0,conditional_miscorrection_rate,0.08000000,0.02000000,0.05522997,0.10477003,5,100
reed_solomon_binary_16_8,sinusoidal,hard_mld,5.0,ambiguous_rate,0.04400000,0.01816590,0.02150151,0.06649849,5,100
reed_solomon_binary_16_8,sinusoidal,hard_mld,5.0,average_decoding_time_ms,0.01199860,0.00042851,0.01146788,0.01252932,5,100
reed_solomon_binary_16_8,sinusoidal,hard_mld,6.0,ber,0.01650000,0.00575543,0.00937189,0.02362811,5,100
reed_solomon_binary_16_8,sinusoidal,hard_mld,6.0,frame_error_rate,0.03800000,0.01095445,0.02443290,0.05156710,5,100
reed_solomon_binary_16_8,sinusoidal,hard_mld,6.0,failure_rate,0.00000000,0.00000000,0.00000000,0.00000000,5,100
reed_solomon_binary_16_8,sinusoidal,hard_mld,6.0,miscorrection_rate,0.03800000,0.01095445,0.02443290,0.05156710,5,100
reed_solomon_binary_16_8,sinusoidal,hard_mld,6.0,conditional_miscorrection_rate,0.03800000,0.01095445,0.02443290,0.05156710,5,100
reed_solomon_binary_16_8,sinusoidal,hard_mld,6.0,ambiguous_rate,0.02600000,0.01816590,0.00350151,0.04849849,5,100
reed_solomon_binary_16_8,sinusoidal,hard_mld,6.0,average_decoding_time_ms,0.01099100,0.00288220,0.00742140,0.01456060,5,100
reed_solomon_binary_16_8,sinusoidal,soft_mld,0.0,ber,0.13750000,0.02255202,0.10956929,0.16543071,5,100
reed_solomon_binary_16_8,sinusoidal,soft_mld,0.0,frame_error_rate,0.30200000,0.02683282,0.26876752,0.33523248,5,100
reed_solomon_binary_16_8,sinusoidal,soft_mld,0.0,failure_rate,0.00000000,0.00000000,0.00000000,0.00000000,5,100
reed_solomon_binary_16_8,sinusoidal,soft_mld,0.0,miscorrection_rate,0.30200000,0.02683282,0.26876752,0.33523248,5,100
reed_solomon_binary_16_8,sinusoidal,soft_mld,0.0,conditional_miscorrection_rate,0.30200000,0.02683282,0.26876752,0.33523248,5,100
reed_solomon_binary_16_8,sinusoidal,soft_mld,0.0,ambiguous_rate,0.00000000,0.00000000,0.00000000,0.00000000,5,100
reed_solomon_binary_16_8,sinusoidal,soft_mld,0.0,average_decoding_time_ms,0.00412800,0.00119674,0.00264583,0.00561017,5,100
reed_solomon_binary_16_8,sinusoidal,soft_mld,1.0,ber,0.09325000,0.01294821,0.07721362,0.10928638,5,100
reed_solomon_binary_16_8,sinusoidal,soft_mld,1.0,frame_error_rate,0.21200000,0.02280351,0.18375782,0.24024218,5,100
reed_solomon_binary_16_8,sinusoidal,soft_mld,1.0,failure_rate,0.00000000,0.00000000,0.00000000,0.00000000,5,100
reed_solomon_binary_16_8,sinusoidal,soft_mld,1.0,miscorrection_rate,0.21200000,0.02280351,0.18375782,0.24024218,5,100
reed_solomon_binary_16_8,sinusoidal,soft_mld,1.0,conditional_miscorrection_rate,0.21200000,0.02280351,0.18375782,0.24024218,5,100
reed_solomon_binary_16_8,sinusoidal,soft_mld,1.0,ambiguous_rate,0.00000000,0.00000000,0.00000000,0.00000000,5,100
reed_solomon_binary_16_8,sinusoidal,soft_mld,1.0,average_decoding_time_ms,0.00369520,0.00042499,0.00316885,0.00422155,5,100
reed_solomon_binary_16_8,sinusoidal,soft_mld,2.0,ber,0.05325000,0.00549147,0.04644881,0.06005119,5,100
reed_solomon_binary_16_8,sinusoidal,soft_mld,2.0,frame_error_rate,0.12600000,0.01140175,0.11187891,0.14012109,5,100
reed_solomon_binary_16_8,sinusoidal,soft_mld,2.0,failure_rate,0.00000000,0.00000000,0.00000000,0.00000000,5,100
reed_solomon_binary_16_8,sinusoidal,soft_mld,2.0,miscorrection_rate,0.12600000,0.01140175,0.11187891,0.14012109,5,100
reed_solomon_binary_16_8,sinusoidal,soft_mld,2.0,conditional_miscorrection_rate,0.12600000,0.01140175,0.11187891,0.14012109,5,100
reed_solomon_binary_16_8,sinusoidal,soft_mld,2.0,ambiguous_rate,0.00000000,0.00000000,0.00000000,0.00000000,5,100
reed_solomon_binary_16_8,sinusoidal,soft_mld,2.0,average_decoding_time_ms,0.00356540,0.00031508,0.00317518,0.00395562,5,100
reed_solomon_binary_16_8,sinusoidal,soft_mld,3.0,ber,0.02775000,0.00547723,0.02096645,0.03453355,5,100
reed_solomon_binary_16_8,sinusoidal,soft_mld,3.0,frame_error_rate,0.06400000,0.00894427,0.05292251,0.07507749,5,100
reed_solomon_binary_16_8,sinusoidal,soft_mld,3.0,failure_rate,0.00000000,0.00000000,0.00000000,0.00000000,5,100
reed_solomon_binary_16_8,sinusoidal,soft_mld,3.0,miscorrection_rate,0.06400000,0.00894427,0.05292251,0.07507749,5,100
reed_solomon_binary_16_8,sinusoidal,soft_mld,3.0,conditional_miscorrection_rate,0.06400000,0.00894427,0.05292251,0.07507749,5,100
reed_solomon_binary_16_8,sinusoidal,soft_mld,3.0,ambiguous_rate,0.00000000,0.00000000,0.00000000,0.00000000,5,100
reed_solomon_binary_16_8,sinusoidal,soft_mld,3.0,average_decoding_time_ms,0.00409020,0.00069632,0.00322781,0.00495259,5,100
reed_solomon_binary_16_8,sinusoidal,soft_mld,4.0,ber,0.01750000,0.00927025,0.00601879,0.02898121,5,100
reed_solomon_binary_16_8,sinusoidal,soft_mld,4.0,frame_error_rate,0.04000000,0.01870829,0.01682976,0.06317024,5,100
reed_solomon_binary_16_8,sinusoidal,soft_mld,4.0,failure_rate,0.00000000,0.00000000,0.00000000,0.00000000,5,100
reed_solomon_binary_16_8,sinusoidal,soft_mld,4.0,miscorrection_rate,0.04000000,0.01870829,0.01682976,0.06317024,5,100
reed_solomon_binary_16_8,sinusoidal,soft_mld,4.0,conditional_miscorrection_rate,0.04000000,0.01870829,0.01682976,0.06317024,5,100
reed_solomon_binary_16_8,sinusoidal,soft_mld,4.0,ambiguous_rate,0.00000000,0.00000000,0.00000000,0.00000000,5,100
reed_solomon_binary_16_8,sinusoidal,soft_mld,4.0,average_decoding_time_ms,0.00346300,0.00008716,0.00335505,0.00357095,5,100
reed_solomon_binary_16_8,sinusoidal,soft_mld,5.0,ber,0.00725000,0.00602080,0.00000000,0.01470677,5,100
reed_solomon_binary_16_8,sinusoidal,soft_mld,5.0,frame_error_rate,0.01600000,0.01140175,0.00187891,0.03012109,5,100
reed_solomon_binary_16_8,sinusoidal,soft_mld,5.0,failure_rate,0.00000000,0.00000000,0.00000000,0.00000000,5,100
reed_solomon_binary_16_8,sinusoidal,soft_mld,5.0,miscorrection_rate,0.01600000,0.01140175,0.00187891,0.03012109,5,100
reed_solomon_binary_16_8,sinusoidal,soft_mld,5.0,conditional_miscorrection_rate,0.01600000,0.01140175,0.00187891,0.03012109,5,100
reed_solomon_binary_16_8,sinusoidal,soft_mld,5.0,ambiguous_rate,0.00000000,0.00000000,0.00000000,0.00000000,5,100
reed_solomon_binary_16_8,sinusoidal,soft_mld,5.0,average_decoding_time_ms,0.00366580,0.00020969,0.00340609,0.00392551,5,100
reed_solomon_binary_16_8,sinusoidal,soft_mld,6.0,ber,0.00275000,0.00285044,0.00000000,0.00628027,5,100
reed_solomon_binary_16_8,sinusoidal,soft_mld,6.0,frame_error_rate,0.00600000,0.00547723,0.00000000,0.01278355,5,100
reed_solomon_binary_16_8,sinusoidal,soft_mld,6.0,failure_rate,0.00000000,0.00000000,0.00000000,0.00000000,5,100
reed_solomon_binary_16_8,sinusoidal,soft_mld,6.0,miscorrection_rate,0.00600000,0.00547723,0.00000000,0.01278355,5,100
reed_solomon_binary_16_8,sinusoidal,soft_mld,6.0,conditional_miscorrection_rate,0.00600000,0.00547723,0.00000000,0.01278355,5,100
reed_solomon_binary_16_8,sinusoidal,soft_mld,6.0,ambiguous_rate,0.00000000,0.00000000,0.00000000,0.00000000,5,100
reed_solomon_binary_16_8,sinusoidal,soft_mld,6.0,average_decoding_time_ms,0.00379100,0.00047778,0.00319927,0.00438273,5,100
ldpc_16_8,rayleigh_awgn,syndrome,0.0,ber,0.49200000,0.04068361,0.44161329,0.54238671,5,100
ldpc_16_8,rayleigh_awgn,syndrome,0.0,frame_error_rate,0.70400000,0.02073644,0.67831789,0.72968211,5,100
ldpc_16_8,rayleigh_awgn,syndrome,0.0,failure_rate,0.38200000,0.05630275,0.31226897,0.45173103,5,100
ldpc_16_8,rayleigh_awgn,syndrome,0.0,miscorrection_rate,0.32200000,0.05890671,0.24904397,0.39495603,5,100
ldpc_16_8,rayleigh_awgn,syndrome,0.0,conditional_miscorrection_rate,0.51770585,0.05642093,0.44782846,0.58758324,5,100
ldpc_16_8,rayleigh_awgn,syndrome,0.0,ambiguous_rate,0.00000000,0.00000000,0.00000000,0.00000000,5,100
ldpc_16_8,rayleigh_awgn,syndrome,0.0,average_decoding_time_ms,0.02323700,0.00123279,0.02171019,0.02476381,5,100
ldpc_16_8,rayleigh_awgn,syndrome,1.0,ber,0.40500000,0.05017158,0.34286243,0.46713757,5,100
ldpc_16_8,rayleigh_awgn,syndrome,1.0,frame_error_rate,0.61000000,0.04062019,0.55969184,0.66030816,5,100
ldpc_16_8,rayleigh_awgn,syndrome,1.0,failure_rate,0.30000000,0.05338539,0.23388212,0.36611788,5,100
ldpc_16_8,rayleigh_awgn,syndrome,1.0,miscorrection_rate,0.31000000,0.04123106,0.25893528,0.36106472,5,100
ldpc_16_8,rayleigh_awgn,syndrome,1.0,conditional_miscorrection_rate,0.44238314,0.04697768,0.38420122,0.50056505,5,100
ldpc_16_8,rayleigh_awgn,syndrome,1.0,ambiguous_rate,0.00000000,0.00000000,0.00000000,0.00000000,5,100
ldpc_16_8,rayleigh_awgn,syndrome,1.0,average_decoding_time_ms,0.02319660,0.00542229,0.01648108,0.02991212,5,100
ldpc_16_8,rayleigh_awgn,syndrome,2.0,ber,0.34225000,0.03736852,0.29596904,0.38853096,5,100
ldpc_16_8,rayleigh_awgn,syndrome,2.0,frame_error_rate,0.52800000,0.02949576,0.49146946,0.56453054,5,100
ldpc_16_8,rayleigh_awgn,syndrome,2.0,failure_rate,0.25000000,0.03741657,0.20365952,0.29634048,5,100
ldpc_16_8,rayleigh_awgn,syndrome,2.0,miscorrection_rate,0.27800000,0.01303840,0.26185192,0.29414808,5,100
ldpc_16_8,rayleigh_awgn,syndrome,2.0,conditional_miscorrection_rate,0.37091992,0.01405023,0.35351868,0.38832115,5,100
ldpc_16_8,rayleigh_awgn,syndrome,2.0,ambiguous_rate,0.00000000,0.00000000,0.00000000,0.00000000,5,100
ldpc_16_8,rayleigh_awgn,syndrome,2.0,average_decoding_time_ms,0.02407280,0.00235277,0.02115889,0.02698671,5,100
ldpc_16_8,rayleigh_awgn,syndrome,3.0,ber,0.29900000,0.04555560,0.24257933,0.35542067,5,100
ldpc_16_8,rayleigh_awgn,syndrome,3.0,frame_error_rate,0.44400000,0.04335897,0.39029986,0.49770014,5,100
ldpc_16_8,rayleigh_awgn,syndrome,3.0,failure_rate,0.23000000,0.04743416,0.17125272,0.28874728,5,100
ldpc_16_8,rayleigh_awgn,syndrome,3.0,miscorrection_rate,0.21400000,0.03209361,0.17425202,0.25374798,5,100
ldpc_16_8,rayleigh_awgn,syndrome,3.0,conditional_miscorrection_rate,0.27782471,0.03863848,0.22997091,0.32567851,5,100
ldpc_16_8,rayleigh_awgn,syndrome,3.0,ambiguous_rate,0.00000000,0.00000000,0.00000000,0.00000000,5,100
ldpc_16_8,rayleigh_awgn,syndrome,3.0,average_decoding_time_ms,0.02470740,0.00283303,0.02119869,0.02821611,5,100
ldpc_16_8,rayleigh_awgn,syndrome,4.0,ber,0.25250000,0.05138701,0.18885712,0.31614288,5,100
ldpc_16_8,rayleigh_awgn,syndrome,4.0,frame_error_rate,0.34800000,0.05805170,0.27610289,0.41989711,5,100
ldpc_16_8,rayleigh_awgn,syndrome,4.0,failure_rate,0.20400000,0.04827007,0.14421745,0.26378255,5,100
ldpc_16_8,rayleigh_awgn,syndrome,4.0,miscorrection_rate,0.14400000,0.03847077,0.09635390,0.19164610,5,100
ldpc_16_8,rayleigh_awgn,syndrome,4.0,conditional_miscorrection_rate,0.18109456,0.04895222,0.12046716,0.24172195,5,100
ldpc_16_8,rayleigh_awgn,syndrome,4.0,ambiguous_rate,0.00000000,0.00000000,0.00000000,0.00000000,5,100
ldpc_16_8,rayleigh_awgn,syndrome,4.0,average_decoding_time_ms,0.02511560,0.00281074,0.02163450,0.02859670,5,100
ldpc_16_8,rayleigh_awgn,syndrome,5.0,ber,0.17575000,0.02072137,0.15008656,0.20141344,5,100
ldpc_16_8,rayleigh_awgn,syndrome,5.0,frame_error_rate,0.24600000,0.03209361,0.20625202,0.28574798,5,100
ldpc_16_8,rayleigh_awgn,syndrome,5.0,failure_rate,0.14000000,0.02000000,0.11522997,0.16477003,5,100
ldpc_16_8,rayleigh_awgn,syndrome,5.0,miscorrection_rate,0.10600000,0.02607681,0.07370384,0.13829616,5,100
ldpc_16_8,rayleigh_awgn,syndrome,5.0,conditional_miscorrection_rate,0.12328149,0.03006356,0.08604773,0.16051525,5,100
ldpc_16_8,rayleigh_awgn,syndrome,5.0,ambiguous_rate,0.00000000,0.00000000,0.00000000,0.00000000,5,100
ldpc_16_8,rayleigh_awgn,syndrome,5.0,average_decoding_time_ms,0.02565860,0.00381078,0.02093894,0.03037826,5,100
ldpc_16_8,rayleigh_awgn,syndrome,6.0,ber,0.14000000,0.02186607,0.11291884,0.16708116,5,100
ldpc_16_8,rayleigh_awgn,syndrome,6.0,frame_error_rate,0.18000000,0.01732051,0.15854853,0.20145147,5,100
ldpc_16_8,rayleigh_awgn,syndrome,6.0,failure_rate,0.11800000,0.02683282,0.08476752,0.15123248,5,100
ldpc_16_8,rayleigh_awgn,syndrome,6.0,miscorrection_rate,0.06200000,0.01923538,0.03817695,0.08582305,5,100
ldpc_16_8,rayleigh_awgn,syndrome,6.0,conditional_miscorrection_rate,0.06994073,0.02018959,0.04493590,0.09494556,5,100
ldpc_16_8,rayleigh_awgn,syndrome,6.0,ambiguous_rate,0.00000000,0.00000000,0.00000000,0.00000000,5,100
ldpc_16_8,rayleigh_awgn,syndrome,6.0,average_decoding_time_ms,0.02484440,0.00106995,0.02351927,0.02616953,5,100
ldpc_16_8,rayleigh_awgn,chase,0.0,ber,0.16575000,0.01777903,0.14373065,0.18776935,5,100
ldpc_16_8,rayleigh_awgn,chase,0.0,frame_error_rate,0.45600000,0.03646917,0.41083289,0.50116711,5,100
ldpc_16_8,rayleigh_awgn,chase,0.0,failure_rate,0.00000000,0.00000000,0.00000000,0.00000000,5,100
ldpc_16_8,rayleigh_awgn,chase,0.0,miscorrection_rate,0.45600000,0.03646917,0.41083289,0.50116711,5,100
ldpc_16_8,rayleigh_awgn,chase,0.0,conditional_miscorrection_rate,0.45600000,0.03646917,0.41083289,0.50116711,5,100
ldpc_16_8,rayleigh_awgn,chase,0.0,ambiguous_rate,0.00000000,0.00000000,0.00000000,0.00000000,5,100
ldpc_16_8,rayleigh_awgn,chase,0.0,average_decoding_time_ms,0.15730920,0.00585748,0.15005471,0.16456369,5,100
ldpc_16_8,rayleigh_awgn,chase,1.0,ber,0.12200000,0.01472668,0.10376099,0.14023901,5,100
ldpc_16_8,rayleigh_awgn,chase,1.0,frame_error_rate,0.33600000,0.03435113,0.29345608,0.37854392,5,100
ldpc_16_8,rayleigh_awgn,chase,1.0,failure_rate,0.00000000,0.00000000,0.00000000,0.00000000,5,100
ldpc_16_8,rayleigh_awgn,chase,1.0,miscorrection_rate,0.33600000,0.03435113,0.29345608,0.37854392,5,100
ldpc_16_8,rayleigh_awgn,chase,1.0,conditional_miscorrection_rate,0.33600000,0.03435113,0.29345608,0.37854392,5,100
ldpc_16_8,rayleigh_awgn,chase,1.0,ambiguous_rate,0.00000000,0.00000000,0.00000000,0.00000000,5,100
ldpc_16_8,rayleigh_awgn,chase,1.0,average_decoding_time_ms,0.16295160,0.00146373,0.16113877,0.16476443,5,100
ldpc_16_8,rayleigh_awgn,chase,2.0,ber,0.10075000,0.01580150,0.08117982,0.12032018,5,100
ldpc_16_8,rayleigh_awgn,chase,2.0,frame_error_rate,0.27000000,0.03741657,0.22365952,0.31634048,5,100
ldpc_16_8,rayleigh_awgn,chase,2.0,failure_rate,0.00000000,0.00000000,0.00000000,0.00000000,5,100
ldpc_16_8,rayleigh_awgn,chase,2.0,miscorrection_rate,0.27000000,0.03741657,0.22365952,0.31634048,5,100
ldpc_16_8,rayleigh_awgn,chase,2.0,conditional_miscorrection_rate,0.27000000,0.03741657,0.22365952,0.31634048,5,100
ldpc_16_8,rayleigh_awgn,chase,2.0,ambiguous_rate,0.00000000,0.00000000,0.00000000,0.00000000,5,100
ldpc_16_8,rayleigh_awgn,chase,2.0,average_decoding_time_ms,0.16787100,0.00815134,0.15777556,0.17796644,5,100
ldpc_16_8,rayleigh_awgn,chase,3.0,ber,0.07425000,0.01264293,0.05859171,0.08990829,5,100
ldpc_16_8,rayleigh_awgn,chase,3.0,frame_error_rate,0.20200000,0.03768289,0.15532969,0.24867031,5,100
ldpc_16_8,rayleigh_awgn,chase,3.0,failure_rate,0.00000000,0.00000000,0.00000000,0.00000000,5,100
ldpc_16_8,rayleigh_awgn,chase,3.0,miscorrection_rate,0.20200000,0.03768289,0.15532969,0.24867031,5,100
ldpc_16_8,rayleigh_awgn,chase,3.0,conditional_miscorrection_rate,0.20200000,0.03768289,0.15532969,0.24867031,5,100
ldpc_16_8,rayleigh_awgn,chase,3.0,ambiguous_rate,0.00000000,0.00000000,0.00000000,0.00000000,5,100
ldpc_16_8,rayleigh_awgn,chase,3.0,average_decoding_time_ms,0.17086940,0.00707608,0.16210566,0.17963314,5,100
ldpc_16_8,rayleigh_awgn,chase,4.0,ber,0.04175000,0.00817771,0.03162189,0.05187811,5,100
ldpc_16_8,rayleigh_awgn,chase,4.0,frame_error_rate,0.11200000,0.02774887,0.07763298,0.14636702,5,100
ldpc_16_8,rayleigh_awgn,chase,4.0,failure_rate,0.00000000,0.00000000,0.00000000,0.00000000,5,100
ldpc_16_8,rayleigh_awgn,chase,4.0,miscorrection_rate,0.11200000,0.02774887,0.07763298,0.14636702,5,100
ldpc_16_8,rayleigh_awgn,chase,4.0,conditional_miscorrection_rate,0.11200000,0.02774887,0.07763298,0.14636702,5,100
ldpc_16_8,rayleigh_awgn,chase,4.0,ambiguous_rate,0.00000000,0.00000000,0.00000000,0.00000000,5,100
ldpc_16_8,rayleigh_awgn,chase,4.0,average_decoding_time_ms,0.17685100,0.01792717,0.15464818,0.19905382,5,100
ldpc_16_8,rayleigh_awgn,chase,5.0,ber,0.02025000,0.00335410,0.01609594,0.02440406,5,100
ldpc_16_8,rayleigh_awgn,chase,5.0,frame_error_rate,0.05800000,0.01095445,0.04443290,0.07156710,5,100
ldpc_16_8,rayleigh_awgn,chase,5.0,failure_rate,0.00000000,0.00000000,0.00000000,0.00000000,5,100
ldpc_16_8,rayleigh_awgn,chase,5.0,miscorrection_rate,0.05800000,0.01095445,0.04443290,0.07156710,5,100
ldpc_16_8,rayleigh_awgn,chase,5.0,conditional_miscorrection_rate,0.05800000,0.01095445,0.04443290,0.07156710,5,100
ldpc_16_8,rayleigh_awgn,chase,5.0,ambiguous_rate,0.00000000,0.00000000,0.00000000,0.00000000,5,100
ldpc_16_8,rayleigh_awgn,chase,5.0,average_decoding_time_ms,0.17073260,0.00756393,0.16136467,0.18010053,5,100
ldpc_16_8,rayleigh_awgn,chase,6.0,ber,0.01150000,0.00205396,0.00895617,0.01404383,5,100
ldpc_16_8,rayleigh_awgn,chase,6.0,frame_error_rate,0.03200000,0.00836660,0.02163795,0.04236205,5,100
ldpc_16_8,rayleigh_awgn,chase,6.0,failure_rate,0.00000000,0.00000000,0.00000000,0.00000000,5,100
ldpc_16_8,rayleigh_awgn,chase,6.0,miscorrection_rate,0.03200000,0.00836660,0.02163795,0.04236205,5,100
ldpc_16_8,rayleigh_awgn,chase,6.0,conditional_miscorrection_rate,0.03200000,0.00836660,0.02163795,0.04236205,5,100
ldpc_16_8,rayleigh_awgn,chase,6.0,ambiguous_rate,0.00000000,0.00000000,0.00000000,0.00000000,5,100
ldpc_16_8,rayleigh_awgn,chase,6.0,average_decoding_time_ms,0.16718180,0.00691559,0.15861684,0.17574676,5,100
ldpc_16_8,rayleigh_awgn,hard_mld,0.0,ber,0.22775000,0.02342541,0.19873759,0.25676241,5,100
ldpc_16_8,rayleigh_awgn,hard_mld,0.0,frame_error_rate,0.63800000,0.03633180,0.59300301,0.68299699,5,100
ldpc_16_8,rayleigh_awgn,hard_mld,0.0,failure_rate,0.00000000,0.00000000,0.00000000,0.00000000,5,100
ldpc_16_8,rayleigh_awgn,hard_mld,0.0,miscorrection_rate,0.63800000,0.03633180,0.59300301,0.68299699,5,100
ldpc_16_8,rayleigh_awgn,hard_mld,0.0,conditional_miscorrection_rate,0.63800000,0.03633180,0.59300301,0.68299699,5,100
ldpc_16_8,rayleigh_awgn,hard_mld,0.0,ambiguous_rate,0.38200000,0.05630275,0.31226897,0.45173103,5,100
ldpc_16_8,rayleigh_awgn,hard_mld,0.0,average_decoding_time_ms,0.01160920,0.00048460,0.01100902,0.01220938,5,100
ldpc_16_8,rayleigh_awgn,hard_mld,1.0,ber,0.19625000,0.02694033,0.16288437,0.22961563,5,100
ldpc_16_8,rayleigh_awgn,hard_mld,1.0,frame_error_rate,0.54800000,0.04494441,0.49233629,0.60366371,5,100
ldpc_16_8,rayleigh_awgn,hard_mld,1.0,failure_rate,0.00000000,0.00000000,0.00000000,0.00000000,5,100
ldpc_16_8,rayleigh_awgn,hard_mld,1.0,miscorrection_rate,0.54800000,0.04494441,0.49233629,0.60366371,5,100
ldpc_16_8,rayleigh_awgn,hard_mld,1.0,conditional_miscorrection_rate,0.54800000,0.04494441,0.49233629,0.60366371,5,100
ldpc_16_8,rayleigh_awgn,hard_mld,1.0,ambiguous_rate,0.30000000,0.05338539,0.23388212,0.36611788,5,100
ldpc_16_8,rayleigh_awgn,hard_mld,1.0,average_decoding_time_ms,0.01198440,0.00263522,0.00872068,0.01524812,5,100
ldpc_16_8,rayleigh_awgn,hard_mld,2.0,ber,0.16450000,0.01923538,0.14067695,0.18832305,5,100
ldpc_16_8,rayleigh_awgn,hard_mld,2.0,frame_error_rate,0.47200000,0.02949576,0.43546946,0.50853054,5,100
ldpc_16_8,rayleigh_awgn,hard_mld,2.0,failure_rate,0.00000000,0.00000000,0.00000000,0.00000000,5,100
ldpc_16_8,rayleigh_awgn,hard_mld,2.0,miscorrection_rate,0.47200000,0.02949576,0.43546946,0.50853054,5,100
ldpc_16_8,rayleigh_awgn,hard_mld,2.0,conditional_miscorrection_rate,0.47200000,0.02949576,0.43546946,0.50853054,5,100
ldpc_16_8,rayleigh_awgn,hard_mld,2.0,ambiguous_rate,0.25000000,0.03741657,0.20365952,0.29634048,5,100
ldpc_16_8,rayleigh_awgn,hard_mld,2.0,average_decoding_time_ms,0.01205740,0.00076700,0.01110747,0.01300733,5,100
ldpc_16_8,rayleigh_awgn,hard_mld,3.0,ber,0.13400000,0.02364120,0.10472035,0.16327965,5,100
ldpc_16_8,rayleigh_awgn,hard_mld,3.0,frame_error_rate,0.39000000,0.04062019,0.33969184,0.44030816,5,100
ldpc_16_8,rayleigh_awgn,hard_mld,3.0,failure_rate,0.00000000,0.00000000,0.00000000,0.00000000,5,100
ldpc_16_8,rayleigh_awgn,hard_mld,3.0,miscorrection_rate,0.39000000,0.04062019,0.33969184,0.44030816,5,100
ldpc_16_8,rayleigh_awgn,hard_mld,3.0,conditional_miscorrection_rate,0.39000000,0.04062019,0.33969184,0.44030816,5,100
ldpc_16_8,rayleigh_awgn,hard_mld,3.0,ambiguous_rate,0.23000000,0.04743416,0.17125272,0.28874728,5,100
ldpc_16_8,rayleigh_awgn,hard_mld,3.0,average_decoding_time_ms,0.01256000,0.00207955,0.00998447,0.01513553,5,100
ldpc_16_8,rayleigh_awgn,hard_mld,4.0,ber,0.10500000,0.02853178,0.06966335,0.14033665,5,100
ldpc_16_8,rayleigh_awgn,hard_mld,4.0,frame_error_rate,0.29800000,0.05674504,0.22772119,0.36827881,5,100
ldpc_16_8,rayleigh_awgn,hard_mld,4.0,failure_rate,0.00000000,0.00000000,0.00000000,0.00000000,5,100
ldpc_16_8,rayleigh_awgn,hard_mld,4.0,miscorrection_rate,0.29800000,0.05674504,0.22772119,0.36827881,5,100
ldpc_16_8,rayleigh_awgn,hard_mld,4.0,conditional_miscorrection_rate,0.29800000,0.05674504,0.22772119,0.36827881,5,100
ldpc_16_8,rayleigh_awgn,hard_mld,4.0,ambiguous_rate,0.20400000,0.04827007,0.14421745,0.26378255,5,100
ldpc_16_8,rayleigh_awgn,hard_mld,4.0,average_decoding_time_ms,0.01320400,0.00177149,0.01101001,0.01539799,5,100
ldpc_16_8,rayleigh_awgn,hard_mld,5.0,ber,0.07575000,0.01989425,0.05111094,0.10038906,5,100
ldpc_16_8,rayleigh_awgn,hard_mld,5.0,frame_error_rate,0.21800000,0.04816638,0.15834588,0.27765412,5,100
ldpc_16_8,rayleigh_awgn,hard_mld,5.0,failure_rate,0.00000000,0.00000000,0.00000000,0.00000000,5,100
ldpc_16_8,rayleigh_awgn,hard_mld,5.0,miscorrection_rate,0.21800000,0.04816638,0.15834588,0.27765412,5,100
ldpc_16_8,rayleigh_awgn,hard_mld,5.0,conditional_miscorrection_rate,0.21800000,0.04816638,0.15834588,0.27765412,5,100
ldpc_16_8,rayleigh_awgn,hard_mld,5.0,ambiguous_rate,0.14000000,0.02000000,0.11522997,0.16477003,5,100
ldpc_16_8,rayleigh_awgn,hard_mld,5.0,average_decoding_time_ms,0.01378000,0.00397521,0.00885670,0.01870330,5,100
ldpc_16_8,rayleigh_awgn,hard_mld,6.0,ber,0.05400000,0.01222830,0.03885524,0.06914476,5,100
ldpc_16_8,rayleigh_awgn,hard_mld,6.0,frame_error_rate,0.14800000,0.03271085,0.10748756,0.18851244,5,100
ldpc_16_8,rayleigh_awgn,hard_mld,6.0,failure_rate,0.00000000,0.00000000,0.00000000,0.00000000,5,100
ldpc_16_8,rayleigh_awgn,hard_mld,6.0,miscorrection_rate,0.14800000,0.03271085,0.10748756,0.18851244,5,100
ldpc_16_8,rayleigh_awgn,hard_mld,6.0,conditional_miscorrection_rate,0.14800000,0.03271085,0.10748756,0.18851244,5,100
ldpc_16_8,rayleigh_awgn,hard_mld,6.0,ambiguous_rate,0.11800000,0.02683282,0.08476752,0.15123248,5,100
ldpc_16_8,rayleigh_awgn,hard_mld,6.0,average_decoding_time_ms,0.01313580,0.00191312,0.01076639,0.01550521,5,100
ldpc_16_8,rayleigh_awgn,soft_mld,0.0,ber,0.16325000,0.01570231,0.14380267,0.18269733,5,100
ldpc_16_8,rayleigh_awgn,soft_mld,0.0,frame_error_rate,0.44800000,0.03701351,0.40215872,0.49384128,5,100
ldpc_16_8,rayleigh_awgn,soft_mld,0.0,failure_rate,0.00000000,0.00000000,0.00000000,0.00000000,5,100
ldpc_16_8,rayleigh_awgn,soft_mld,0.0,miscorrection_rate,0.44800000,0.03701351,0.40215872,0.49384128,5,100
ldpc_16_8,rayleigh_awgn,soft_mld,0.0,conditional_miscorrection_rate,0.44800000,0.03701351,0.40215872,0.49384128,5,100
ldpc_16_8,rayleigh_awgn,soft_mld,0.0,ambiguous_rate,0.00000000,0.00000000,0.00000000,0.00000000,5,100
ldpc_16_8,rayleigh_awgn,soft_mld,0.0,average_decoding_time_ms,0.00425380,0.00087562,0.00316934,0.00533826,5,100
ldpc_16_8,rayleigh_awgn,soft_mld,1.0,ber,0.12225000,0.01318143,0.10592479,0.13857521,5,100
ldpc_16_8,rayleigh_awgn,soft_mld,1.0,frame_error_rate,0.33600000,0.03361547,0.29436719,0.37763281,5,100
ldpc_16_8,rayleigh_awgn,soft_mld,1.0,failure_rate,0.00000000,0.00000000,0.00000000,0.00000000,5,100
ldpc_16_8,rayleigh_awgn,soft_mld,1.0,miscorrection_rate,0.33600000,0.03361547,0.29436719,0.37763281,5,100
ldpc_16_8,rayleigh_awgn,soft_mld,1.0,conditional_miscorrection_rate,0.33600000,0.03361547,0.29436719,0.37763281,5,100
ldpc_16_8,rayleigh_awgn,soft_mld,1.0,ambiguous_rate,0.00000000,0.00000000,0.00000000,0.00000000,5,100
ldpc_16_8,rayleigh_awgn,soft_mld,1.0,average_decoding_time_ms,0.00442360,0.00205923,0.00187324,0.00697396,5,100
ldpc_16_8,rayleigh_awgn,soft_mld,2.0,ber,0.09975000,0.01448059,0.08181577,0.11768423,5,100
ldpc_16_8,rayleigh_awgn,soft_mld,2.0,frame_error_rate,0.26800000,0.03271085,0.22748756,0.30851244,5,100
ldpc_16_8,rayleigh_awgn,soft_mld,2.0,failure_rate,0.00000000,0.00000000,0.00000000,0.00000000,5,100
ldpc_16_8,rayleigh_awgn,soft_mld,2.0,miscorrection_rate,0.26800000,0.03271085,0.22748756,0.30851244,5,100
ldpc_16_8,rayleigh_awgn,soft_mld,2.0,conditional_miscorrection_rate,0.26800000,0.03271085,0.22748756,0.30851244,5,100
ldpc_16_8,rayleigh_awgn,soft_mld,2.0,ambiguous_rate,0.00000000,0.00000000,0.00000000,0.00000000,5,100
ldpc_16_8,rayleigh_awgn,soft_mld,2.0,average_decoding_time_ms,0.00364100,0.00033556,0.00322541,0.00405659,5,100
ldpc_16_8,rayleigh_awgn,soft_mld,3.0,ber,0.06925000,0.01432328,0.05151060,0.08698940,5,100
ldpc_16_8,rayleigh_awgn,soft_mld,3.0,frame_error_rate,0.19400000,0.04098780,0.14323655,0.24476345,5,100
ldpc_16_8,rayleigh_awgn,soft_mld,3.0,failure_rate,0.00000000,0.00000000,0.00000000,0.00000000,5,100
ldpc_16_8,rayleigh_awgn,soft_mld,3.0,miscorrection_rate,0.19400000,0.04098780,0.14323655,0.24476345,5,100
ldpc_16_8,rayleigh_awgn,soft_mld,3.0,conditional_miscorrection_rate,0.19400000,0.04098780,0.14323655,0.24476345,5,100
ldpc_16_8,rayleigh_awgn,soft_mld,3.0,ambiguous_rate,0.00000000,0.00000000,0.00000000,0.00000000,5,100
ldpc_16_8,rayleigh_awgn,soft_mld,3.0,average_decoding_time_ms,0.00442320,0.00080896,0.00342130,0.00542510,5,100
ldpc_16_8,rayleigh_awgn,soft_mld,4.0,ber,0.04175000,0.00504666,0.03549971,0.04800029,5,100
ldpc_16_8,rayleigh_awgn,soft_mld,4.0,frame_error_rate,0.11400000,0.02073644,0.08831789,0.13968211,5,100
ldpc_16_8,rayleigh_awgn,soft_mld,4.0,failure_rate,0.00000000,0.00000000,0.00000000,0.00000000,5,100
ldpc_16_8,rayleigh_awgn,soft_mld,4.0,miscorrection_rate,0.11400000,0.02073644,0.08831789,0.13968211,5,100
ldpc_16_8,rayleigh_awgn,soft_mld,4.0,conditional_miscorrection_rate,0.11400000,0.02073644,0.08831789,0.13968211,5,100
ldpc_16_8,rayleigh_awgn,soft_mld,4.0,ambiguous_rate,0.00000000,0.00000000,0.00000000,0.00000000,5,100
ldpc_16_8,rayleigh_awgn,soft_mld,4.0,average_decoding_time_ms,0.00485900,0.00136454,0.00316901,0.00654899,5,100
ldpc_16_8,rayleigh_awgn,soft_mld,5.0,ber,0.02200000,0.00420193,0.01679590,0.02720410,5,100
ldpc_16_8,rayleigh_awgn,soft_mld,5.0,frame_error_rate,0.06000000,0.01224745,0.04483152,0.07516848,5,100
ldpc_16_8,rayleigh_awgn,soft_mld,5.0,failure_rate,0.00000000,0.00000000,0.00000000,0.00000000,5,100
ldpc_16_8,rayleigh_awgn,soft_mld,5.0,miscorrection_rate,0.06000000,0.01224745,0.04483152,0.07516848,5,100
ldpc_16_8,rayleigh_awgn,soft_mld,5.0,conditional_miscorrection_rate,0.06000000,0.01224745,0.04483152,0.07516848,5,100
ldpc_16_8,rayleigh_awgn,soft_mld,5.0,ambiguous_rate,0.00000000,0.00000000,0.00000000,0.00000000,5,100
ldpc_16_8,rayleigh_awgn,soft_mld,5.0,average_decoding_time_ms,0.00383100,0.00065456,0.00302033,0.00464167,5,100
ldpc_16_8,rayleigh_awgn,soft_mld,6.0,ber,0.01150000,0.00205396,0.00895617,0.01404383,5,100
ldpc_16_8,rayleigh_awgn,soft_mld,6.0,frame_error_rate,0.03200000,0.00836660,0.02163795,0.04236205,5,100
ldpc_16_8,rayleigh_awgn,soft_mld,6.0,failure_rate,0.00000000,0.00000000,0.00000000,0.00000000,5,100
ldpc_16_8,rayleigh_awgn,soft_mld,6.0,miscorrection_rate,0.03200000,0.00836660,0.02163795,0.04236205,5,100
ldpc_16_8,rayleigh_awgn,soft_mld,6.0,conditional_miscorrection_rate,0.03200000,0.00836660,0.02163795,0.04236205,5,100
ldpc_16_8,rayleigh_awgn,soft_mld,6.0,ambiguous_rate,0.00000000,0.00000000,0.00000000,0.00000000,5,100
ldpc_16_8,rayleigh_awgn,soft_mld,6.0,average_decoding_time_ms,0.00479600,0.00107443,0.00346532,0.00612668,5,100
ldpc_16_8,rayleigh,syndrome,0.0,ber,0.43125000,0.03960745,0.38219612,0.48030388,5,100
ldpc_16_8,rayleigh,syndrome,0.0,frame_error_rate,0.60200000,0.03346640,0.56055182,0.64344818,5,100
ldpc_16_8,rayleigh,syndrome,0.0,failure_rate,0.32200000,0.05974948,0.24800019,0.39599981,5,100
ldpc_16_8,rayleigh,syndrome,0.0,miscorrection_rate,0.28000000,0.06204837,0.20315302,0.35684698,5,100
ldpc_16_8,rayleigh,syndrome,0.0,conditional_miscorrection_rate,0.40992709,0.06408071,0.33056304,0.48929113,5,100
ldpc_16_8,rayleigh,syndrome,0.0,ambiguous_rate,0.00000000,0.00000000,0.00000000,0.00000000,5,100
ldpc_16_8,rayleigh,syndrome,0.0,average_decoding_time_ms,0.02056240,0.00630246,0.01275679,0.02836801,5,100
ldpc_16_8,rayleigh,syndrome,1.0,ber,0.38250000,0.04722784,0.32400826,0.44099174,5,100
ldpc_16_8,rayleigh,syndrome,1.0,frame_error_rate,0.53800000,0.03114482,0.49942710,0.57657290,5,100
ldpc_16_8,rayleigh,syndrome,1.0,failure_rate,0.28200000,0.07155418,0.19338006,0.37061994,5,100
ldpc_16_8,rayleigh,syndrome,1.0,miscorrection_rate,0.25600000,0.07231874,0.16643315,0.34556685,5,100
ldpc_16_8,rayleigh,syndrome,1.0,conditional_miscorrection_rate,0.35161729,0.07610614,0.25735973,0.44587484,5,100
ldpc_16_8,rayleigh,syndrome,1.0,ambiguous_rate,0.00000000,0.00000000,0.00000000,0.00000000,5,100
ldpc_16_8,rayleigh,syndrome,1.0,average_decoding_time_ms,0.02160300,0.00635630,0.01373072,0.02947528,5,100
ldpc_16_8,rayleigh,syndrome,2.0,ber,0.33300000,0.02411885,0.30312878,0.36287122,5,100
ldpc_16_8,rayleigh,syndrome,2.0,frame_error_rate,0.47200000,0.02167948,0.44514993,0.49885007,5,100
ldpc_16_8,rayleigh,syndrome,2.0,failure_rate,0.24400000,0.03361547,0.20236719,0.28563281,5,100
ldpc_16_8,rayleigh,syndrome,2.0,miscorrection_rate,0.22800000,0.03701351,0.18215872,0.27384128,5,100
ldpc_16_8,rayleigh,syndrome,2.0,conditional_miscorrection_rate,0.30063573,0.03912288,0.25218199,0.34908948,5,100
ldpc_16_8,rayleigh,syndrome,2.0,ambiguous_rate,0.00000000,0.00000000,0.00000000,0.00000000,5,100
ldpc_16_8,rayleigh,syndrome,2.0,average_decoding_time_ms,0.02177060,0.00665282,0.01353107,0.03001013,5,100
ldpc_16_8,rayleigh,syndrome,3.0,ber,0.27825000,0.01935685,0.25427652,0.30222348,5,100
ldpc_16_8,rayleigh,syndrome,3.0,frame_error_rate,0.39600000,0.01140175,0.38187891,0.41012109,5,100
ldpc_16_8,rayleigh,syndrome,3.0,failure_rate,0.20200000,0.02949576,0.16546946,0.23853054,5,100
ldpc_16_8,rayleigh,syndrome,3.0,miscorrection_rate,0.19400000,0.03049590,0.15623079,0.23176921,5,100
ldpc_16_8,rayleigh,syndrome,3.0,conditional_miscorrection_rate,0.24229952,0.03060490,0.20439531,0.28020373,5,100
ldpc_16_8,rayleigh,syndrome,3.0,ambiguous_rate,0.00000000,0.00000000,0.00000000,0.00000000,5,100
ldpc_16_8,rayleigh,syndrome,3.0,average_decoding_time_ms,0.02388640,0.01085724,0.01043969,0.03733311,5,100
ldpc_16_8,rayleigh,syndrome,4.0,ber,0.24075000,0.03033150,0.20318440,0.27831560,5,100
ldpc_16_8,rayleigh,syndrome,4.0,frame_error_rate,0.34400000,0.03646917,0.29883289,0.38916711,5,100
ldpc_16_8,rayleigh,syndrome,4.0,failure_rate,0.17400000,0.02880972,0.13831912,0.20968088,5,100
ldpc_16_8,rayleigh,syndrome,4.0,miscorrection_rate,0.17000000,0.02345208,0.14095457,0.19904543,5,100
ldpc_16_8,rayleigh,syndrome,4.0,conditional_miscorrection_rate,0.20595283,0.02883210,0.17024423,0.24166143,5,100
ldpc_16_8,rayleigh,syndrome,4.0,ambiguous_rate,0.00000000,0.00000000,0.00000000,0.00000000,5,100
ldpc_16_8,rayleigh,syndrome,4.0,average_decoding_time_ms,0.02189540,0.00787417,0.01214323,0.03164757,5,100
ldpc_16_8,rayleigh,syndrome,5.0,ber,0.19825000,0.02762189,0.16404025,0.23245975,5,100
ldpc_16_8,rayleigh,syndrome,5.0,frame_error_rate,0.28800000,0.02588436,0.25594219,0.32005781,5,100
ldpc_16_8,rayleigh,syndrome,5.0,failure_rate,0.14400000,0.03286335,0.10329869,0.18470131,5,100
ldpc_16_8,rayleigh,syndrome,5.0,miscorrection_rate,0.14400000,0.03209361,0.10425202,0.18374798,5,100
ldpc_16_8,rayleigh,syndrome,5.0,conditional_miscorrection_rate,0.16760042,0.03400856,0.12548078,0.20972007,5,100
ldpc_16_8,rayleigh,syndrome,5.0,ambiguous_rate,0.00000000,0.00000000,0.00000000,0.00000000,5,100
ldpc_16_8,rayleigh,syndrome,5.0,average_decoding_time_ms,0.02022900,0.00559003,0.01330574,0.02715226,5,100
ldpc_16_8,rayleigh,syndrome,6.0,ber,0.17425000,0.03007283,0.13700476,0.21149524,5,100
ldpc_16_8,rayleigh,syndrome,6.0,frame_error_rate,0.25200000,0.02588436,0.21994219,0.28405781,5,100
ldpc_16_8,rayleigh,syndrome,6.0,failure_rate,0.13000000,0.03391165,0.08800038,0.17199962,5,100
ldpc_16_8,rayleigh,syndrome,6.0,miscorrection_rate,0.12200000,0.02774887,0.08763298,0.15636702,5,100
ldpc_16_8,rayleigh,syndrome,6.0,conditional_miscorrection_rate,0.13975381,0.02837685,0.10460905,0.17489857,5,100
ldpc_16_8,rayleigh,syndrome,6.0,ambiguous_rate,0.00000000,0.00000000,0.00000000,0.00000000,5,100
ldpc_16_8,rayleigh,syndrome,6.0,average_decoding_time_ms,0.02094200,0.00486779,0.01491324,0.02697076,5,100
ldpc_16_8,rayleigh,chase,0.0,ber,0.18600000,0.02242000,0.15823280,0.21376720,5,100
ldpc_16_8,rayleigh,chase,0.0,frame_error_rate,0.45600000,0.05899152,0.38293892,0.52906108,5,100
ldpc_16_8,rayleigh,chase,0.0,failure_rate,0.00000000,0.00000000,0.00000000,0.00000000,5,100
ldpc_16_8,rayleigh,chase,0.0,miscorrection_rate,0.45600000,0.05899152,0.38293892,0.52906108,5,100
ldpc_16_8,rayleigh,chase,0.0,conditional_miscorrection_rate,0.45600000,0.05899152,0.38293892,0.52906108,5,100
ldpc_16_8,rayleigh,chase,0.0,ambiguous_rate,0.00000000,0.00000000,0.00000000,0.00000000,5,100
ldpc_16_8,rayleigh,chase,0.0,average_decoding_time_ms,0.14644640,0.03638772,0.10138016,0.19151264,5,100
ldpc_16_8,rayleigh,chase,1.0,ber,0.16200000,0.01501562,0.14340314,0.18059686,5,100
ldpc_16_8,rayleigh,chase,1.0,frame_error_rate,0.40000000,0.03674235,0.35449456,0.44550544,5,100
ldpc_16_8,rayleigh,chase,1.0,failure_rate,0.00000000,0.00000000,0.00000000,0.00000000,5,100
ldpc_16_8,rayleigh,chase,1.0,miscorrection_rate,0.40000000,0.03674235,0.35449456,0.44550544,5,100
ldpc_16_8,rayleigh,chase,1.0,conditional_miscorrection_rate,0.40000000,0.03674235,0.35449456,0.44550544,5,100
ldpc_16_8,rayleigh,chase,1.0,ambiguous_rate,0.00000000,0.00000000,0.00000000,0.00000000,5,100
ldpc_16_8,rayleigh,chase,1.0,average_decoding_time_ms,0.14990600,0.03762307,0.10330978,0.19650222,5,100
ldpc_16_8,rayleigh,chase,2.0,ber,0.13575000,0.01519663,0.11692896,0.15457104,5,100
ldpc_16_8,rayleigh,chase,2.0,frame_error_rate,0.34400000,0.03209361,0.30425202,0.38374798,5,100
ldpc_16_8,rayleigh,chase,2.0,failure_rate,0.00000000,0.00000000,0.00000000,0.00000000,5,100
ldpc_16_8,rayleigh,chase,2.0,miscorrection_rate,0.34400000,0.03209361,0.30425202,0.38374798,5,100
ldpc_16_8,rayleigh,chase,2.0,conditional_miscorrection_rate,0.34400000,0.03209361,0.30425202,0.38374798,5,100
ldpc_16_8,rayleigh,chase,2.0,ambiguous_rate,0.00000000,0.00000000,0.00000000,0.00000000,5,100
ldpc_16_8,rayleigh,chase,2.0,average_decoding_time_ms,0.14962060,0.03558352,0.10555037,0.19369083,5,100
ldpc_16_8,rayleigh,chase,3.0,ber,0.10900000,0.01604194,0.08913204,0.12886796,5,100
ldpc_16_8,rayleigh,chase,3.0,frame_error_rate,0.28400000,0.04037326,0.23399767,0.33400233,5,100
ldpc_16_8,rayleigh,chase,3.0,failure_rate,0.00000000,0.00000000,0.00000000,0.00000000,5,100
ldpc_16_8,rayleigh,chase,3.0,miscorrection_rate,0.28400000,0.04037326,0.23399767,0.33400233,5,100
ldpc_16_8,rayleigh,chase,3.0,conditional_miscorrection_rate,0.28400000,0.04037326,0.23399767,0.33400233,5,100
ldpc_16_8,rayleigh,chase,3.0,ambiguous_rate,0.00000000,0.00000000,0.00000000,0.00000000,5,100
ldpc_16_8,rayleigh,chase,3.0,average_decoding_time_ms,0.15046520,0.03838261,0.10292829,0.19800211,5,100
ldpc_16_8,rayleigh,chase,4.0,ber,0.09325000,0.02120584,0.06698654,0.11951346,5,100
ldpc_16_8,rayleigh,chase,4.0,frame_error_rate,0.24600000,0.05683309,0.17561215,0.31638785,5,100
ldpc_16_8,rayleigh,chase,4.0,failure_rate,0.00000000,0.00000000,0.00000000,0.00000000,5,100
ldpc_16_8,rayleigh,chase,4.0,miscorrection_rate,0.24600000,0.05683309,0.17561215,0.31638785,5,100
ldpc_16_8,rayleigh,chase,4.0,conditional_miscorrection_rate,0.24600000,0.05683309,0.17561215,0.31638785,5,100
ldpc_16_8,rayleigh,chase,4.0,ambiguous_rate,0.00000000,0.00000000,0.00000000,0.00000000,5,100
ldpc_16_8,rayleigh,chase,4.0,average_decoding_time_ms,0.15133800,0.03934581,0.10260817,0.20006783,5,100
ldpc_16_8,rayleigh,chase,5.0,ber,0.08175000,0.01791037,0.05956799,0.10393201,5,100
ldpc_16_8,rayleigh,chase,5.0,frame_error_rate,0.21000000,0.04415880,0.15530926,0.26469074,5,100
ldpc_16_8,rayleigh,chase,5.0,failure_rate,0.00000000,0.00000000,0.00000000,0.00000000,5,100
ldpc_16_8,rayleigh,chase,5.0,miscorrection_rate,0.21000000,0.04415880,0.15530926,0.26469074,5,100
ldpc_16_8,rayleigh,chase,5.0,conditional_miscorrection_rate,0.21000000,0.04415880,0.15530926,0.26469074,5,100
ldpc_16_8,rayleigh,chase,5.0,ambiguous_rate,0.00000000,0.00000000,0.00000000,0.00000000,5,100
ldpc_16_8,rayleigh,chase,5.0,average_decoding_time_ms,0.15093980,0.04337183,0.09722374,0.20465586,5,100
ldpc_16_8,rayleigh,chase,6.0,ber,0.06575000,0.01733403,0.04428178,0.08721822,5,100
ldpc_16_8,rayleigh,chase,6.0,frame_error_rate,0.16800000,0.04207137,0.11589456,0.22010544,5,100
ldpc_16_8,rayleigh,chase,6.0,failure_rate,0.00000000,0.00000000,0.00000000,0.00000000,5,100
ldpc_16_8,rayleigh,chase,6.0,miscorrection_rate,0.16800000,0.04207137,0.11589456,0.22010544,5,100
ldpc_16_8,rayleigh,chase,6.0,conditional_miscorrection_rate,0.16800000,0.04207137,0.11589456,0.22010544,5,100
ldpc_16_8,rayleigh,chase,6.0,ambiguous_rate,0.00000000,0.00000000,0.00000000,0.00000000,5,100
ldpc_16_8,rayleigh,chase,6.0,average_decoding_time_ms,0.15118640,0.04357687,0.09721640,0.20515640,5,100
ldpc_16_8,rayleigh,hard_mld,0.0,ber,0.22700000,0.01088290,0.21352151,0.24047849,5,100
ldpc_16_8,rayleigh,hard_mld,0.0,frame_error_rate,0.56400000,0.03911521,0.51555576,0.61244424,5,100
ldpc_16_8,rayleigh,hard_mld,0.0,failure_rate,0.00000000,0.00000000,0.00000000,0.00000000,5,100
ldpc_16_8,rayleigh,hard_mld,0.0,miscorrection_rate,0.56400000,0.03911521,0.51555576,0.61244424,5,100
ldpc_16_8,rayleigh,hard_mld,0.0,conditional_miscorrection_rate,0.56400000,0.03911521,0.51555576,0.61244424,5,100
ldpc_16_8,rayleigh,hard_mld,0.0,ambiguous_rate,0.32200000,0.05974948,0.24800019,0.39599981,5,100
ldpc_16_8,rayleigh,hard_mld,0.0,average_decoding_time_ms,0.01102920,0.00265772,0.00773762,0.01432078,5,100
ldpc_16_8,rayleigh,hard_mld,1.0,ber,0.20675000,0.01154475,0.19245181,0.22104819,5,100
ldpc_16_8,rayleigh,hard_mld,1.0,frame_error_rate,0.50800000,0.02863564,0.47253472,0.54346528,5,100
ldpc_16_8,rayleigh,hard_mld,1.0,failure_rate,0.00000000,0.00000000,0.00000000,0.00000000,5,100
ldpc_16_8,rayleigh,hard_mld,1.0,miscorrection_rate,0.50800000,0.02863564,0.47253472,0.54346528,5,100
ldpc_16_8,rayleigh,hard_mld,1.0,conditional_miscorrection_rate,0.50800000,0.02863564,0.47253472,0.54346528,5,100
ldpc_16_8,rayleigh,hard_mld,1.0,ambiguous_rate,0.28200000,0.07155418,0.19338006,0.37061994,5,100
ldpc_16_8,rayleigh,hard_mld,1.0,average_decoding_time_ms,0.01205640,0.00362404,0.00756803,0.01654477,5,100
ldpc_16_8,rayleigh,hard_mld,2.0,ber,0.17450000,0.00778621,0.16485677,0.18414323,5,100
ldpc_16_8,rayleigh,hard_mld,2.0,frame_error_rate,0.44000000,0.03162278,0.40083515,0.47916485,5,100
ldpc_16_8,rayleigh,hard_mld,2.0,failure_rate,0.00000000,0.00000000,0.00000000,0.00000000,5,100
ldpc_16_8,rayleigh,hard_mld,2.0,miscorrection_rate,0.44000000,0.03162278,0.40083515,0.47916485,5,100
ldpc_16_8,rayleigh,hard_mld,2.0,conditional_miscorrection_rate,0.44000000,0.03162278,0.40083515,0.47916485,5,100
ldpc_16_8,rayleigh,hard_mld,2.0,ambiguous_rate,0.24400000,0.03361547,0.20236719,0.28563281,5,100
ldpc_16_8,rayleigh,hard_mld,2.0,average_decoding_time_ms,0.01177500,0.00283104,0.00826875,0.01528125,5,100
ldpc_16_8,rayleigh,hard_mld,3.0,ber,0.14900000,0.00961769,0.13708848,0.16091152,5,100
ldpc_16_8,rayleigh,hard_mld,3.0,frame_error_rate,0.37400000,0.01949359,0.34985716,0.39814284,5,100
ldpc_16_8,rayleigh,hard_mld,3.0,failure_rate,0.00000000,0.00000000,0.00000000,0.00000000,5,100
ldpc_16_8,rayleigh,hard_mld,3.0,miscorrection_rate,0.37400000,0.01949359,0.34985716,0.39814284,5,100
ldpc_16_8,rayleigh,hard_mld,3.0,conditional_miscorrection_rate,0.37400000,0.01949359,0.34985716,0.39814284,5,100
ldpc_16_8,rayleigh,hard_mld,3.0,ambiguous_rate,0.20200000,0.02949576,0.16546946,0.23853054,5,100
ldpc_16_8,rayleigh,hard_mld,3.0,average_decoding_time_ms,0.01085200,0.00251546,0.00773660,0.01396740,5,100
ldpc_16_8,rayleigh,hard_mld,4.0,ber,0.13050000,0.01614388,0.11050578,0.15049422,5,100
ldpc_16_8,rayleigh,hard_mld,4.0,frame_error_rate,0.32600000,0.03507136,0.28256408,0.36943592,5,100
ldpc_16_8,rayleigh,hard_mld,4.0,failure_rate,0.00000000,0.00000000,0.00000000,0.00000000,5,100
ldpc_16_8,rayleigh,hard_mld,4.0,miscorrection_rate,0.32600000,0.03507136,0.28256408,0.36943592,5,100
ldpc_16_8,rayleigh,hard_mld,4.0,conditional_miscorrection_rate,0.32600000,0.03507136,0.28256408,0.36943592,5,100
ldpc_16_8,rayleigh,hard_mld,4.0,ambiguous_rate,0.17400000,0.02880972,0.13831912,0.20968088,5,100
ldpc_16_8,rayleigh,hard_mld,4.0,average_decoding_time_ms,0.01075500,0.00254099,0.00760798,0.01390202,5,100
ldpc_16_8,rayleigh,hard_mld,5.0,ber,0.10475000,0.01373294,0.08774173,0.12175827,5,100
ldpc_16_8,rayleigh,hard_mld,5.0,frame_error_rate,0.26800000,0.02280351,0.23975782,0.29624218,5,100
ldpc_16_8,rayleigh,hard_mld,5.0,failure_rate,0.00000000,0.00000000,0.00000000,0.00000000,5,100
ldpc_16_8,rayleigh,hard_mld,5.0,miscorrection_rate,0.26800000,0.02280351,0.23975782,0.29624218,5,100
ldpc_16_8,rayleigh,hard_mld,5.0,conditional_miscorrection_rate,0.26800000,0.02280351,0.23975782,0.29624218,5,100
ldpc_16_8,rayleigh,hard_mld,5.0,ambiguous_rate,0.14400000,0.03286335,0.10329869,0.18470131,5,100
ldpc_16_8,rayleigh,hard_mld,5.0,average_decoding_time_ms,0.01178100,0.00284757,0.00825429,0.01530771,5,100
ldpc_16_8,rayleigh,hard_mld,6.0,ber,0.09225000,0.01398660,0.07492758,0.10957242,5,100
ldpc_16_8,rayleigh,hard_mld,6.0,frame_error_rate,0.23800000,0.02949576,0.20146946,0.27453054,5,100
ldpc_16_8,rayleigh,hard_mld,6.0,failure_rate,0.00000000,0.00000000,0.00000000,0.00000000,5,100
ldpc_16_8,rayleigh,hard_mld,6.0,miscorrection_rate,0.23800000,0.02949576,0.20146946,0.27453054,5,100
ldpc_16_8,rayleigh,hard_mld,6.0,conditional_miscorrection_rate,0.23800000,0.02949576,0.20146946,0.27453054,5,100
ldpc_16_8,rayleigh,hard_mld,6.0,ambiguous_rate,0.13000000,0.03391165,0.08800038,0.17199962,5,100
ldpc_16_8,rayleigh,hard_mld,6.0,average_decoding_time_ms,0.01124020,0.00234430,0.00833678,0.01414362,5,100
ldpc_16_8,rayleigh,soft_mld,0.0,ber,0.18850000,0.02314020,0.15984083,0.21715917,5,100
ldpc_16_8,rayleigh,soft_mld,0.0,frame_error_rate,0.46200000,0.05357238,0.39565054,0.52834946,5,100
ldpc_16_8,rayleigh,soft_mld,0.0,failure_rate,0.00000000,0.00000000,0.00000000,0.00000000,5,100
ldpc_16_8,rayleigh,soft_mld,0.0,miscorrection_rate,0.46200000,0.05357238,0.39565054,0.52834946,5,100
ldpc_16_8,rayleigh,soft_mld,0.0,conditional_miscorrection_rate,0.46200000,0.05357238,0.39565054,0.52834946,5,100
ldpc_16_8,rayleigh,soft_mld,0.0,ambiguous_rate,0.00000000,0.00000000,0.00000000,0.00000000,5,100
ldpc_16_8,rayleigh,soft_mld,0.0,average_decoding_time_ms,0.00368340,0.00032370,0.00328250,0.00408430,5,100
ldpc_16_8,rayleigh,soft_mld,1.0,ber,0.16175000,0.01896955,0.13825619,0.18524381,5,100
ldpc_16_8,rayleigh,soft_mld,1.0,frame_error_rate,0.40200000,0.03962323,0.35292658,0.45107342,5,100
ldpc_16_8,rayleigh,soft_mld,1.0,failure_rate,0.00000000,0.00000000,0.00000000,0.00000000,5,100
ldpc_16_8,rayleigh,soft_mld,1.0,miscorrection_rate,0.40200000,0.03962323,0.35292658,0.45107342,5,100
ldpc_16_8,rayleigh,soft_mld,1.0,conditional_miscorrection_rate,0.40200000,0.03962323,0.35292658,0.45107342,5,100
ldpc_16_8,rayleigh,soft_mld,1.0,ambiguous_rate,0.00000000,0.00000000,0.00000000,0.00000000,5,100
ldpc_16_8,rayleigh,soft_mld,1.0,average_decoding_time_ms,0.00347040,0.00055261,0.00278599,0.00415481,5,100
ldpc_16_8,rayleigh,soft_mld,2.0,ber,0.13625000,0.02157835,0.10952519,0.16297481,5,100
ldpc_16_8,rayleigh,soft_mld,2.0,frame_error_rate,0.34400000,0.04393177,0.28959045,0.39840955,5,100
ldpc_16_8,rayleigh,soft_mld,2.0,failure_rate,0.00000000,0.00000000,0.00000000,0.00000000,5,100
ldpc_16_8,rayleigh,soft_mld,2.0,miscorrection_rate,0.34400000,0.04393177,0.28959045,0.39840955,5,100
ldpc_16_8,rayleigh,soft_mld,2.0,conditional_miscorrection_rate,0.34400000,0.04393177,0.28959045,0.39840955,5,100
ldpc_16_8,rayleigh,soft_mld,2.0,ambiguous_rate,0.00000000,0.00000000,0.00000000,0.00000000,5,100
ldpc_16_8,rayleigh,soft_mld,2.0,average_decoding_time_ms,0.00378320,0.00020609,0.00352796,0.00403844,5,100
ldpc_16_8,rayleigh,soft_mld,3.0,ber,0.10975000,0.01877914,0.08649201,0.13300799,5,100
ldpc_16_8,rayleigh,soft_mld,3.0,frame_error_rate,0.28000000,0.04358899,0.22601498,0.33398502,5,100
ldpc_16_8,rayleigh,soft_mld,3.0,failure_rate,0.00000000,0.00000000,0.00000000,0.00000000,5,100
ldpc_16_8,rayleigh,soft_mld,3.0,miscorrection_rate,0.28000000,0.04358899,0.22601498,0.33398502,5,100
ldpc_16_8,rayleigh,soft_mld,3.0,conditional_miscorrection_rate,0.28000000,0.04358899,0.22601498,0.33398502,5,100
ldpc_16_8,rayleigh,soft_mld,3.0,ambiguous_rate,0.00000000,0.00000000,0.00000000,0.00000000,5,100
ldpc_16_8,rayleigh,soft_mld,3.0,average_decoding_time_ms,0.00357200,0.00059133,0.00283964,0.00430436,5,100
ldpc_16_8,rayleigh,soft_mld,4.0,ber,0.09475000,0.02231521,0.06711258,0.12238742,5,100
ldpc_16_8,rayleigh,soft_mld,4.0,frame_error_rate,0.24600000,0.05683309,0.17561215,0.31638785,5,100
ldpc_16_8,rayleigh,soft_mld,4.0,failure_rate,0.00000000,0.00000000,0.00000000,0.00000000,5,100
ldpc_16_8,rayleigh,soft_mld,4.0,miscorrection_rate,0.24600000,0.05683309,0.17561215,0.31638785,5,100
ldpc_16_8,rayleigh,soft_mld,4.0,conditional_miscorrection_rate,0.24600000,0.05683309,0.17561215,0.31638785,5,100
ldpc_16_8,rayleigh,soft_mld,4.0,ambiguous_rate,0.00000000,0.00000000,0.00000000,0.00000000,5,100
ldpc_16_8,rayleigh,soft_mld,4.0,average_decoding_time_ms,0.00503320,0.00174810,0.00286818,0.00719822,5,100
ldpc_16_8,rayleigh,soft_mld,5.0,ber,0.08000000,0.01769975,0.05807883,0.10192117,5,100
ldpc_16_8,rayleigh,soft_mld,5.0,frame_error_rate,0.20800000,0.04324350,0.15444287,0.26155713,5,100
ldpc_16_8,rayleigh,soft_mld,5.0,failure_rate,0.00000000,0.00000000,0.00000000,0.00000000,5,100
ldpc_16_8,rayleigh,soft_mld,5.0,miscorrection_rate,0.20800000,0.04324350,0.15444287,0.26155713,5,100
ldpc_16_8,rayleigh,soft_mld,5.0,conditional_miscorrection_rate,0.20800000,0.04324350,0.15444287,0.26155713,5,100
ldpc_16_8,rayleigh,soft_mld,5.0,ambiguous_rate,0.00000000,0.00000000,0.00000000,0.00000000,5,100
ldpc_16_8,rayleigh,soft_mld,5.0,average_decoding_time_ms,0.00359460,0.00071568,0.00270823,0.00448097,5,100
ldpc_16_8,rayleigh,soft_mld,6.0,ber,0.06525000,0.01748660,0.04359282,0.08690718,5,100
ldpc_16_8,rayleigh,soft_mld,6.0,frame_error_rate,0.16800000,0.04207137,0.11589456,0.22010544,5,100
ldpc_16_8,rayleigh,soft_mld,6.0,failure_rate,0.00000000,0.00000000,0.00000000,0.00000000,5,100
ldpc_16_8,rayleigh,soft_mld,6.0,miscorrection_rate,0.16800000,0.04207137,0.11589456,0.22010544,5,100
ldpc_16_8,rayleigh,soft_mld,6.0,conditional_miscorrection_rate,0.16800000,0.04207137,0.11589456,0.22010544,5,100
ldpc_16_8,rayleigh,soft_mld,6.0,ambiguous_rate,0.00000000,0.00000000,0.00000000,0.00000000,5,100
ldpc_16_8,rayleigh,soft_mld,6.0,average_decoding_time_ms,0.00370580,0.00085597,0.00264568,0.00476592,5,100
ldpc_16_8,sinusoidal,syndrome,0.0,ber,0.34425000,0.04159515,0.29273436,0.39576564,5,100
ldpc_16_8,sinusoidal,syndrome,0.0,frame_error_rate,0.50800000,0.05932959,0.43452023,0.58147977,5,100
ldpc_16_8,sinusoidal,syndrome,0.0,failure_rate,0.25400000,0.03646917,0.20883289,0.29916711,5,100
ldpc_16_8,sinusoidal,syndrome,0.0,miscorrection_rate,0.25400000,0.05079370,0.19109194,0.31690806,5,100
ldpc_16_8,sinusoidal,syndrome,0.0,conditional_miscorrection_rate,0.34088455,0.06691793,0.25800661,0.42376250,5,100
ldpc_16_8,sinusoidal,syndrome,0.0,ambiguous_rate,0.00000000,0.00000000,0.00000000,0.00000000,5,100
ldpc_16_8,sinusoidal,syndrome,0.0,average_decoding_time_ms,0.02366860,0.00085525,0.02260937,0.02472783,5,100
ldpc_16_8,sinusoidal,syndrome,1.0,ber,0.29600000,0.01744187,0.27439822,0.31760178,5,100
ldpc_16_8,sinusoidal,syndrome,1.0,frame_error_rate,0.42400000,0.03974921,0.37477055,0.47322945,5,100
ldpc_16_8,sinusoidal,syndrome,1.0,failure_rate,0.22400000,0.02073644,0.19831789,0.24968211,5,100
ldpc_16_8,sinusoidal,syndrome,1.0,miscorrection_rate,0.20000000,0.05000000,0.13807493,0.26192507,5,100
ldpc_16_8,sinusoidal,syndrome,1.0,conditional_miscorrection_rate,0.25697582,0.05988725,0.18280539,0.33114625,5,100
ldpc_16_8,sinusoidal,syndrome,1.0,ambiguous_rate,0.00000000,0.00000000,0.00000000,0.00000000,5,100
ldpc_16_8,sinusoidal,syndrome,1.0,average_decoding_time_ms,0.02340720,0.00188764,0.02106936,0.02574504,5,100
ldpc_16_8,sinusoidal,syndrome,2.0,ber,0.23075000,0.01692354,0.20979017,0.25170983,5,100
ldpc_16_8,sinusoidal,syndrome,2.0,frame_error_rate,0.32000000,0.03741657,0.27365952,0.36634048,5,100
ldpc_16_8,sinusoidal,syndrome,2.0,failure_rate,0.18000000,0.02000000,0.15522997,0.20477003,5,100
ldpc_16_8,sinusoidal,syndrome,2.0,miscorrection_rate,0.14000000,0.04000000,0.09045995,0.18954005,5,100
ldpc_16_8,sinusoidal,syndrome,2.0,conditional_miscorrection_rate,0.17045877,0.04705680,0.11217886,0.22873868,5,100
ldpc_16_8,sinusoidal,syndrome,2.0,ambiguous_rate,0.00000000,0.00000000,0.00000000,0.00000000,5,100
ldpc_16_8,sinusoidal,syndrome,2.0,average_decoding_time_ms,0.02403940,0.00101224,0.02278574,0.02529306,5,100
ldpc_16_8,sinusoidal,syndrome,3.0,ber,0.15375000,0.02560212,0.12204174,0.18545826,5,100
ldpc_16_8,sinusoidal,syndrome,3.0,frame_error_rate,0.21800000,0.03114482,0.17942710,0.25657290,5,100
ldpc_16_8,sinusoidal,syndrome,3.0,failure_rate,0.12000000,0.02828427,0.08496989,0.15503011,5,100
ldpc_16_8,sinusoidal,syndrome,3.0,miscorrection_rate,0.09800000,0.03114482,0.05942710,0.13657290,5,100
ldpc_16_8,sinusoidal,syndrome,3.0,conditional_miscorrection_rate,0.11104759,0.03319982,0.06992956,0.15216561,5,100
ldpc_16_8,sinusoidal,syndrome,3.0,ambiguous_rate,0.00000000,0.00000000,0.00000000,0.00000000,5,100
ldpc_16_8,sinusoidal,syndrome,3.0,average_decoding_time_ms,0.02446980,0.00115044,0.02304498,0.02589462,5,100
ldpc_16_8,sinusoidal,syndrome,4.0,ber,0.10175000,0.02545830,0.07021986,0.13328014,5,100
ldpc_16_8,sinusoidal,syndrome,4.0,frame_error_rate,0.15200000,0.02863564,0.11653472,0.18746528,5,100
ldpc_16_8,sinusoidal,syndrome,4.0,failure_rate,0.07400000,0.02880972,0.03831912,0.10968088,5,100
ldpc_16_8,sinusoidal,syndrome,4.0,miscorrection_rate,0.07800000,0.02167948,0.05114993,0.10485007,5,100
ldpc_16_8,sinusoidal,syndrome,4.0,conditional_miscorrection_rate,0.08408302,0.02219764,0.05659121,0.11157483,5,100
ldpc_16_8,sinusoidal,syndrome,4.0,ambiguous_rate,0.00000000,0.00000000,0.00000000,0.00000000,5,100
ldpc_16_8,sinusoidal,syndrome,4.0,average_decoding_time_ms,0.02493740,0.00183982,0.02265878,0.02721602,5,100
ldpc_16_8,sinusoidal,syndrome,5.0,ber,0.06925000,0.02278637,0.04102905,0.09747095,5,100
ldpc_16_8,sinusoidal,syndrome,5.0,frame_error_rate,0.09600000,0.03209361,0.05625202,0.13574798,5,100
ldpc_16_8,sinusoidal,syndrome,5.0,failure_rate,0.05400000,0.02073644,0.02831789,0.07968211,5,100
ldpc_16_8,sinusoidal,syndrome,5.0,miscorrection_rate,0.04200000,0.02280351,0.01375782,0.07024218,5,100
ldpc_16_8,sinusoidal,syndrome,5.0,conditional_miscorrection_rate,0.04444494,0.02423199,0.01443359,0.07445629,5,100
ldpc_16_8,sinusoidal,syndrome,5.0,ambiguous_rate,0.00000000,0.00000000,0.00000000,0.00000000,5,100
ldpc_16_8,sinusoidal,syndrome,5.0,average_decoding_time_ms,0.02379300,0.00074275,0.02287310,0.02471290,5,100
ldpc_16_8,sinusoidal,syndrome,6.0,ber,0.03875000,0.02115789,0.01254593,0.06495407,5,100
ldpc_16_8,sinusoidal,syndrome,6.0,frame_error_rate,0.05200000,0.02280351,0.02375782,0.08024218,5,100
ldpc_16_8,sinusoidal,syndrome,6.0,failure_rate,0.03000000,0.02000000,0.00522997,0.05477003,5,100
ldpc_16_8,sinusoidal,syndrome,6.0,miscorrection_rate,0.02200000,0.00836660,0.01163795,0.03236205,5,100
ldpc_16_8,sinusoidal,syndrome,6.0,conditional_miscorrection_rate,0.02270899,0.00866198,0.01198111,0.03343686,5,100
ldpc_16_8,sinusoidal,syndrome,6.0,ambiguous_rate,0.00000000,0.00000000,0.00000000,0.00000000,5,100
ldpc_16_8,sinusoidal,syndrome,6.0,average_decoding_time_ms,0.02384360,0.00128150,0.02225646,0.02543074,5,100
ldpc_16_8,sinusoidal,chase,0.0,ber,0.09325000,0.00337731,0.08906719,0.09743281,5,100
ldpc_16_8,sinusoidal,chase,0.0,frame_error_rate,0.26400000,0.01949359,0.23985716,0.28814284,5,100
ldpc_16_8,sinusoidal,chase,0.0,failure_rate,0.00000000,0.00000000,0.00000000,0.00000000,5,100
ldpc_16_8,sinusoidal,chase,0.0,miscorrection_rate,0.26400000,0.01949359,0.23985716,0.28814284,5,100
ldpc_16_8,sinusoidal,chase,0.0,conditional_miscorrection_rate,0.26400000,0.01949359,0.23985716,0.28814284,5,100
ldpc_16_8,sinusoidal,chase,0.0,ambiguous_rate,0.00000000,0.00000000,0.00000000,0.00000000,5,100
ldpc_16_8,sinusoidal,chase,0.0,average_decoding_time_ms,0.16481000,0.00572433,0.15772041,0.17189959,5,100
ldpc_16_8,sinusoidal,chase,1.0,ber,0.06750000,0.00459279,0.06181182,0.07318818,5,100
ldpc_16_8,sinusoidal,chase,1.0,frame_error_rate,0.19000000,0.00707107,0.18124247,0.19875753,5,100
ldpc_16_8,sinusoidal,chase,1.0,failure_rate,0.00000000,0.00000000,0.00000000,0.00000000,5,100
ldpc_16_8,sinusoidal,chase,1.0,miscorrection_rate,0.19000000,0.00707107,0.18124247,0.19875753,5,100
ldpc_16_8,sinusoidal,chase,1.0,conditional_miscorrection_rate,0.19000000,0.00707107,0.18124247,0.19875753,5,100
ldpc_16_8,sinusoidal,chase,1.0,ambiguous_rate,0.00000000,0.00000000,0.00000000,0.00000000,5,100
ldpc_16_8,sinusoidal,chase,1.0,average_decoding_time_ms,0.17007540,0.00585077,0.16282921,0.17732159,5,100
ldpc_16_8,sinusoidal,chase,2.0,ber,0.04125000,0.00551985,0.03441366,0.04808634,5,100
ldpc_16_8,sinusoidal,chase,2.0,frame_error_rate,0.11400000,0.01516575,0.09521720,0.13278280,5,100
ldpc_16_8,sinusoidal,chase,2.0,failure_rate,0.00000000,0.00000000,0.00000000,0.00000000,5,100
ldpc_16_8,sinusoidal,chase,2.0,miscorrection_rate,0.11400000,0.01516575,0.09521720,0.13278280,5,100
ldpc_16_8,sinusoidal,chase,2.0,conditional_miscorrection_rate,0.11400000,0.01516575,0.09521720,0.13278280,5,100
ldpc_16_8,sinusoidal,chase,2.0,ambiguous_rate,0.00000000,0.00000000,0.00000000,0.00000000,5,100
ldpc_16_8,sinusoidal,chase,2.0,average_decoding_time_ms,0.17162060,0.00343175,0.16737037,0.17587083,5,100
ldpc_16_8,sinusoidal,chase,3.0,ber,0.02550000,0.00337731,0.02131719,0.02968281,5,100
ldpc_16_8,sinusoidal,chase,3.0,frame_error_rate,0.07200000,0.01788854,0.04984502,0.09415498,5,100
ldpc_16_8,sinusoidal,chase,3.0,failure_rate,0.00000000,0.00000000,0.00000000,0.00000000,5,100
ldpc_16_8,sinusoidal,chase,3.0,miscorrection_rate,0.07200000,0.01788854,0.04984502,0.09415498,5,100
ldpc_16_8,sinusoidal,chase,3.0,conditional_miscorrection_rate,0.07200000,0.01788854,0.04984502,0.09415498,5,100
ldpc_16_8,sinusoidal,chase,3.0,ambiguous_rate,0.00000000,0.00000000,0.00000000,0.00000000,5,100
ldpc_16_8,sinusoidal,chase,3.0,average_decoding_time_ms,0.17464840,0.00439695,0.16920278,0.18009402,5,100
ldpc_16_8,sinusoidal,chase,4.0,ber,0.01200000,0.00243670,0.00898215,0.01501785,5,100
ldpc_16_8,sinusoidal,chase,4.0,frame_error_rate,0.03400000,0.00547723,0.02721645,0.04078355,5,100
ldpc_16_8,sinusoidal,chase,4.0,failure_rate,0.00000000,0.00000000,0.00000000,0.00000000,5,100
ldpc_16_8,sinusoidal,chase,4.0,miscorrection_rate,0.03400000,0.00547723,0.02721645,0.04078355,5,100
ldpc_16_8,sinusoidal,chase,4.0,conditional_miscorrection_rate,0.03400000,0.00547723,0.02721645,0.04078355,5,100
ldpc_16_8,sinusoidal,chase,4.0,ambiguous_rate,0.00000000,0.00000000,0.00000000,0.00000000,5,100
ldpc_16_8,sinusoidal,chase,4.0,average_decoding_time_ms,0.17496680,0.00278091,0.17152263,0.17841097,5,100
ldpc_16_8,sinusoidal,chase,5.0,ber,0.00500000,0.00459279,0.00000000,0.01068818,5,100
ldpc_16_8,sinusoidal,chase,5.0,frame_error_rate,0.01400000,0.01140175,0.00000000,0.02812109,5,100
ldpc_16_8,sinusoidal,chase,5.0,failure_rate,0.00000000,0.00000000,0.00000000,0.00000000,5,100
ldpc_16_8,sinusoidal,chase,5.0,miscorrection_rate,0.01400000,0.01140175,0.00000000,0.02812109,5,100
ldpc_16_8,sinusoidal,chase,5.0,conditional_miscorrection_rate,0.01400000,0.01140175,0.00000000,0.02812109,5,100
ldpc_16_8,sinusoidal,chase,5.0,ambiguous_rate,0.00000000,0.00000000,0.00000000,0.00000000,5,100
ldpc_16_8,sinusoidal,chase,5.0,average_decoding_time_ms,0.17567520,0.00665307,0.16743537,0.18391503,5,100
ldpc_16_8,sinusoidal,chase,6.0,ber,0.00225000,0.00311247,0.00000000,0.00610480,5,100
ldpc_16_8,sinusoidal,chase,6.0,frame_error_rate,0.00600000,0.00894427,0.00000000,0.01707749,5,100
ldpc_16_8,sinusoidal,chase,6.0,failure_rate,0.00000000,0.00000000,0.00000000,0.00000000,5,100
ldpc_16_8,sinusoidal,chase,6.0,miscorrection_rate,0.00600000,0.00894427,0.00000000,0.01707749,5,100
ldpc_16_8,sinusoidal,chase,6.0,conditional_miscorrection_rate,0.00600000,0.00894427,0.00000000,0.01707749,5,100
ldpc_16_8,sinusoidal,chase,6.0,ambiguous_rate,0.00000000,0.00000000,0.00000000,0.00000000,5,100
ldpc_16_8,sinusoidal,chase,6.0,average_decoding_time_ms,0.17949060,0.01377936,0.16242485,0.19655635,5,100
ldpc_16_8,sinusoidal,hard_mld,0.0,ber,0.18025000,0.02406696,0.15044303,0.21005697,5,100
ldpc_16_8,sinusoidal,hard_mld,0.0,frame_error_rate,0.48200000,0.06379655,0.40298789,0.56101211,5,100
ldpc_16_8,sinusoidal,hard_mld,0.0,failure_rate,0.00000000,0.00000000,0.00000000,0.00000000,5,100
ldpc_16_8,sinusoidal,hard_mld,0.0,miscorrection_rate,0.48200000,0.06379655,0.40298789,0.56101211,5,100
ldpc_16_8,sinusoidal,hard_mld,0.0,conditional_miscorrection_rate,0.48200000,0.06379655,0.40298789,0.56101211,5,100
ldpc_16_8,sinusoidal,hard_mld,0.0,ambiguous_rate,0.25400000,0.03646917,0.20883289,0.29916711,5,100
ldpc_16_8,sinusoidal,hard_mld,0.0,average_decoding_time_ms,0.01224560,0.00014009,0.01207210,0.01241910,5,100
ldpc_16_8,sinusoidal,hard_mld,1.0,ber,0.14825000,0.01673787,0.12752013,0.16897987,5,100
ldpc_16_8,sinusoidal,hard_mld,1.0,frame_error_rate,0.39200000,0.05263079,0.32681670,0.45718330,5,100
ldpc_16_8,sinusoidal,hard_mld,1.0,failure_rate,0.00000000,0.00000000,0.00000000,0.00000000,5,100
ldpc_16_8,sinusoidal,hard_mld,1.0,miscorrection_rate,0.39200000,0.05263079,0.32681670,0.45718330,5,100
ldpc_16_8,sinusoidal,hard_mld,1.0,conditional_miscorrection_rate,0.39200000,0.05263079,0.32681670,0.45718330,5,100
ldpc_16_8,sinusoidal,hard_mld,1.0,ambiguous_rate,0.22400000,0.02073644,0.19831789,0.24968211,5,100
ldpc_16_8,sinusoidal,hard_mld,1.0,average_decoding_time_ms,0.01235840,0.00116700,0.01091306,0.01380374,5,100
ldpc_16_8,sinusoidal,hard_mld,2.0,ber,0.10750000,0.00586302,0.10023864,0.11476136,5,100
ldpc_16_8,sinusoidal,hard_mld,2.0,frame_error_rate,0.28600000,0.02966479,0.24926011,0.32273989,5,100
ldpc_16_8,sinusoidal,hard_mld,2.0,failure_rate,0.00000000,0.00000000,0.00000000,0.00000000,5,100
ldpc_16_8,sinusoidal,hard_mld,2.0,miscorrection_rate,0.28600000,0.02966479,0.24926011,0.32273989,5,100
ldpc_16_8,sinusoidal,hard_mld,2.0,conditional_miscorrection_rate,0.28600000,0.02966479,0.24926011,0.32273989,5,100
ldpc_16_8,sinusoidal,hard_mld,2.0,ambiguous_rate,0.18000000,0.02000000,0.15522997,0.20477003,5,100
ldpc_16_8,sinusoidal,hard_mld,2.0,average_decoding_time_ms,0.01296900,0.00123309,0.01144181,0.01449619,5,100
ldpc_16_8,sinusoidal,hard_mld,3.0,ber,0.07200000,0.01229837,0.05676845,0.08723155,5,100
ldpc_16_8,sinusoidal,hard_mld,3.0,frame_error_rate,0.19600000,0.03209361,0.15625202,0.23574798,5,100
ldpc_16_8,sinusoidal,hard_mld,3.0,failure_rate,0.00000000,0.00000000,0.00000000,0.00000000,5,100
ldpc_16_8,sinusoidal,hard_mld,3.0,miscorrection_rate,0.19600000,0.03209361,0.15625202,0.23574798,5,100
ldpc_16_8,sinusoidal,hard_mld,3.0,conditional_miscorrection_rate,0.19600000,0.03209361,0.15625202,0.23574798,5,100
ldpc_16_8,sinusoidal,hard_mld,3.0,ambiguous_rate,0.12000000,0.02828427,0.08496989,0.15503011,5,100
ldpc_16_8,sinusoidal,hard_mld,3.0,average_decoding_time_ms,0.01218240,0.00054298,0.01150992,0.01285488,5,100
ldpc_16_8,sinusoidal,hard_mld,4.0,ber,0.05100000,0.01105385,0.03730980,0.06469020,5,100
ldpc_16_8,sinusoidal,hard_mld,4.0,frame_error_rate,0.13600000,0.03209361,0.09625202,0.17574798,5,100
ldpc_16_8,sinusoidal,hard_mld,4.0,failure_rate,0.00000000,0.00000000,0.00000000,0.00000000,5,100
ldpc_16_8,sinusoidal,hard_mld,4.0,miscorrection_rate,0.13600000,0.03209361,0.09625202,0.17574798,5,100
ldpc_16_8,sinusoidal,hard_mld,4.0,conditional_miscorrection_rate,0.13600000,0.03209361,0.09625202,0.17574798,5,100
ldpc_16_8,sinusoidal,hard_mld,4.0,ambiguous_rate,0.07400000,0.02880972,0.03831912,0.10968088,5,100
ldpc_16_8,sinusoidal,hard_mld,4.0,average_decoding_time_ms,0.01211760,0.00075411,0.01118363,0.01305157,5,100
ldpc_16_8,sinusoidal,hard_mld,5.0,ber,0.03050000,0.01161222,0.01611825,0.04488175,5,100
ldpc_16_8,sinusoidal,hard_mld,5.0,frame_error_rate,0.08400000,0.03049590,0.04623079,0.12176921,5,100
ldpc_16_8,sinusoidal,hard_mld,5.0,failure_rate,0.00000000,0.00000000,0.00000000,0.00000000,5,100
ldpc_16_8,sinusoidal,hard_mld,5.0,miscorrection_rate,0.08400000,0.03049590,0.04623079,0.12176921,5,100
ldpc_16_8,sinusoidal,hard_mld,5.0,conditional_miscorrection_rate,0.08400000,0.03049590,0.04623079,0.12176921,5,100
ldpc_16_8,sinusoidal,hard_mld,5.0,ambiguous_rate,0.05400000,0.02073644,0.02831789,0.07968211,5,100
ldpc_16_8,sinusoidal,hard_mld,5.0,average_decoding_time_ms,0.01235440,0.00072167,0.01146061,0.01324819,5,100
ldpc_16_8,sinusoidal,hard_mld,6.0,ber,0.01600000,0.00961769,0.00408848,0.02791152,5,100
ldpc_16_8,sinusoidal,hard_mld,6.0,frame_error_rate,0.03800000,0.02049390,0.01261828,0.06338172,5,100
ldpc_16_8,sinusoidal,hard_mld,6.0,failure_rate,0.00000000,0.00000000,0.00000000,0.00000000,5,100
ldpc_16_8,sinusoidal,hard_mld,6.0,miscorrection_rate,0.03800000,0.02049390,0.01261828,0.06338172,5,100
ldpc_16_8,sinusoidal,hard_mld,6.0,conditional_miscorrection_rate,0.03800000,0.02049390,0.01261828,0.06338172,5,100
ldpc_16_8,sinusoidal,hard_mld,6.0,ambiguous_rate,0.03000000,0.02000000,0.00522997,0.05477003,5,100
ldpc_16_8,sinusoidal,hard_mld,6.0,average_decoding_time_ms,0.01244480,0.00057895,0.01172777,0.01316183,5,100
ldpc_16_8,sinusoidal,soft_mld,0.0,ber,0.09275000,0.00510820,0.08642348,0.09907652,5,100
ldpc_16_8,sinusoidal,soft_mld,0.0,frame_error_rate,0.26200000,0.01095445,0.24843290,0.27556710,5,100
ldpc_16_8,sinusoidal,soft_mld,0.0,failure_rate,0.00000000,0.00000000,0.00000000,0.00000000,5,100
ldpc_16_8,sinusoidal,soft_mld,0.0,miscorrection_rate,0.26200000,0.01095445,0.24843290,0.27556710,5,100
ldpc_16_8,sinusoidal,soft_mld,0.0,conditional_miscorrection_rate,0.26200000,0.01095445,0.24843290,0.27556710,5,100
ldpc_16_8,sinusoidal,soft_mld,0.0,ambiguous_rate,0.00000000,0.00000000,0.00000000,0.00000000,5,100
ldpc_16_8,sinusoidal,soft_mld,0.0,average_decoding_time_ms,0.00402420,0.00036044,0.00357779,0.00447061,5,100
ldpc_16_8,sinusoidal,soft_mld,1.0,ber,0.06750000,0.00250000,0.06440375,0.07059625,5,100
ldpc_16_8,sinusoidal,soft_mld,1.0,frame_error_rate,0.19200000,0.00836660,0.18163795,0.20236205,5,100
ldpc_16_8,sinusoidal,soft_mld,1.0,failure_rate,0.00000000,0.00000000,0.00000000,0.00000000,5,100
ldpc_16_8,sinusoidal,soft_mld,1.0,miscorrection_rate,0.19200000,0.00836660,0.18163795,0.20236205,5,100
ldpc_16_8,sinusoidal,soft_mld,1.0,conditional_miscorrection_rate,0.19200000,0.00836660,0.18163795,0.20236205,5,100
ldpc_16_8,sinusoidal,soft_mld,1.0,ambiguous_rate,0.00000000,0.00000000,0.00000000,0.00000000,5,100
ldpc_16_8,sinusoidal,soft_mld,1.0,average_decoding_time_ms,0.00345640,0.00021913,0.00318500,0.00372780,5,100
ldpc_16_8,sinusoidal,soft_mld,2.0,ber,0.04150000,0.00510820,0.03517348,0.04782652,5,100
ldpc_16_8,sinusoidal,soft_mld,2.0,frame_error_rate,0.11400000,0.01516575,0.09521720,0.13278280,5,100
ldpc_16_8,sinusoidal,soft_mld,2.0,failure_rate,0.00000000,0.00000000,0.00000000,0.00000000,5,100
ldpc_16_8,sinusoidal,soft_mld,2.0,miscorrection_rate,0.11400000,0.01516575,0.09521720,0.13278280,5,100
ldpc_16_8,sinusoidal,soft_mld,2.0,conditional_miscorrection_rate,0.11400000,0.01516575,0.09521720,0.13278280,5,100
ldpc_16_8,sinusoidal,soft_mld,2.0,ambiguous_rate,0.00000000,0.00000000,0.00000000,0.00000000,5,100
ldpc_16_8,sinusoidal,soft_mld,2.0,average_decoding_time_ms,0.00393060,0.00061577,0.00316797,0.00469323,5,100
ldpc_16_8,sinusoidal,soft_mld,3.0,ber,0.02650000,0.00270994,0.02314374,0.02985626,5,100
ldpc_16_8,sinusoidal,soft_mld,3.0,frame_error_rate,0.07200000,0.01643168,0.05164935,0.09235065,5,100
ldpc_16_8,sinusoidal,soft_mld,3.0,failure_rate,0.00000000,0.00000000,0.00000000,0.00000000,5,100
ldpc_16_8,sinusoidal,soft_mld,3.0,miscorrection_rate,0.07200000,0.01643168,0.05164935,0.09235065,5,100
ldpc_16_8,sinusoidal,soft_mld,3.0,conditional_miscorrection_rate,0.07200000,0.01643168,0.05164935,0.09235065,5,100
ldpc_16_8,sinusoidal,soft_mld,3.0,ambiguous_rate,0.00000000,0.00000000,0.00000000,0.00000000,5,100
ldpc_16_8,sinusoidal,soft_mld,3.0,average_decoding_time_ms,0.00379840,0.00041445,0.00328510,0.00431170,5,100
ldpc_16_8,sinusoidal,soft_mld,4.0,ber,0.01125000,0.00385276,0.00647835,0.01602165,5,100
ldpc_16_8,sinusoidal,soft_mld,4.0,frame_error_rate,0.03200000,0.00836660,0.02163795,0.04236205,5,100
ldpc_16_8,sinusoidal,soft_mld,4.0,failure_rate,0.00000000,0.00000000,0.00000000,0.00000000,5,100
ldpc_16_8,sinusoidal,soft_mld,4.0,miscorrection_rate,0.03200000,0.00836660,0.02163795,0.04236205,5,100
ldpc_16_8,sinusoidal,soft_mld,4.0,conditional_miscorrection_rate,0.03200000,0.00836660,0.02163795,0.04236205,5,100
ldpc_16_8,sinusoidal,soft_mld,4.0,ambiguous_rate,0.00000000,0.00000000,0.00000000,0.00000000,5,100
ldpc_16_8,sinusoidal,soft_mld,4.0,average_decoding_time_ms,0.00384760,0.00059902,0.00310571,0.00458949,5,100
ldpc_16_8,sinusoidal,soft_mld,5.0,ber,0.00475000,0.00487340,0.00000000,0.01078571,5,100
ldpc_16_8,sinusoidal,soft_mld,5.0,frame_error_rate,0.01200000,0.01303840,0.00000000,0.02814808,5,100
ldpc_16_8,sinusoidal,soft_mld,5.0,failure_rate,0.00000000,0.00000000,0.00000000,0.00000000,5,100
ldpc_16_8,sinusoidal,soft_mld,5.0,miscorrection_rate,0.01200000,0.01303840,0.00000000,0.02814808,5,100
ldpc_16_8,sinusoidal,soft_mld,5.0,conditional_miscorrection_rate,0.01200000,0.01303840,0.00000000,0.02814808,5,100
ldpc_16_8,sinusoidal,soft_mld,5.0,ambiguous_rate,0.00000000,0.00000000,0.00000000,0.00000000,5,100
ldpc_16_8,sinusoidal,soft_mld,5.0,average_decoding_time_ms,0.00410440,0.00103733,0.00281966,0.00538914,5,100
ldpc_16_8,sinusoidal,soft_mld,6.0,ber,0.00225000,0.00311247,0.00000000,0.00610480,5,100
ldpc_16_8,sinusoidal,soft_mld,6.0,frame_error_rate,0.00600000,0.00894427,0.00000000,0.01707749,5,100
ldpc_16_8,sinusoidal,soft_mld,6.0,failure_rate,0.00000000,0.00000000,0.00000000,0.00000000,5,100
ldpc_16_8,sinusoidal,soft_mld,6.0,miscorrection_rate,0.00600000,0.00894427,0.00000000,0.01707749,5,100
ldpc_16_8,sinusoidal,soft_mld,6.0,conditional_miscorrection_rate,0.00600000,0.00894427,0.00000000,0.01707749,5,100
ldpc_16_8,sinusoidal,soft_mld,6.0,ambiguous_rate,0.00000000,0.00000000,0.00000000,0.00000000,5,100
ldpc_16_8,sinusoidal,soft_mld,6.0,average_decoding_time_ms,0.00382520,0.00042692,0.00329646,0.00435394,5,100
wavelet_32_16,rayleigh_awgn,syndrome,0.0,ber,0.90075000,0.04451869,0.84561354,0.95588646,5,100
wavelet_32_16,rayleigh_awgn,syndrome,0.0,frame_error_rate,0.93600000,0.02701851,0.90253754,0.96946246,5,100
wavelet_32_16,rayleigh_awgn,syndrome,0.0,failure_rate,0.86800000,0.05848077,0.79557149,0.94042851,5,100
wavelet_32_16,rayleigh_awgn,syndrome,0.0,miscorrection_rate,0.06800000,0.03898718,0.01971433,0.11628567,5,100
wavelet_32_16,rayleigh_awgn,syndrome,0.0,conditional_miscorrection_rate,0.51281385,0.10832446,0.37865387,0.64697383,5,100
wavelet_32_16,rayleigh_awgn,syndrome,0.0,ambiguous_rate,0.00000000,0.00000000,0.00000000,0.00000000,5,100
wavelet_32_16,rayleigh_awgn,syndrome,0.0,average_decoding_time_ms,0.09227040,0.00172780,0.09013052,0.09441028,5,100
wavelet_32_16,rayleigh_awgn,syndrome,1.0,ber,0.87162500,0.04860676,0.81142546,0.93182454,5,100
wavelet_32_16,rayleigh_awgn,syndrome,1.0,frame_error_rate,0.90400000,0.03974921,0.85477055,0.95322945,5,100
wavelet_32_16,rayleigh_awgn,syndrome,1.0,failure_rate,0.84400000,0.05770615,0.77253086,0.91546914,5,100
wavelet_32_16,rayleigh_awgn,syndrome,1.0,miscorrection_rate,0.06000000,0.02236068,0.03230627,0.08769373,5,100
wavelet_32_16,rayleigh_awgn,syndrome,1.0,conditional_miscorrection_rate,0.39904762,0.08042624,0.29943962,0.49865562,5,100
wavelet_32_16,rayleigh_awgn,syndrome,1.0,ambiguous_rate,0.00000000,0.00000000,0.00000000,0.00000000,5,100
wavelet_32_16,rayleigh_awgn,syndrome,1.0,average_decoding_time_ms,0.09140140,0.00308087,0.08758574,0.09521706,5,100
wavelet_32_16,rayleigh_awgn,syndrome,2.0,ber,0.80575000,0.04372857,0.75159211,0.85990789,5,100
wavelet_32_16,rayleigh_awgn,syndrome,2.0,frame_error_rate,0.83400000,0.04335897,0.78029986,0.88770014,5,100
wavelet_32_16,rayleigh_awgn,syndrome,2.0,failure_rate,0.78000000,0.04358899,0.72601498,0.83398502,5,100
wavelet_32_16,rayleigh_awgn,syndrome,2.0,miscorrection_rate,0.05400000,0.01516575,0.03521720,0.07278280,5,100
wavelet_32_16,rayleigh_awgn,syndrome,2.0,conditional_miscorrection_rate,0.25261309,0.07976209,0.15382763,0.35139854,5,100
wavelet_32_16,rayleigh_awgn,syndrome,2.0,ambiguous_rate,0.00000000,0.00000000,0.00000000,0.00000000,5,100
wavelet_32_16,rayleigh_awgn,syndrome,2.0,average_decoding_time_ms,0.09693420,0.01414753,0.07941247,0.11445593,5,100
wavelet_32_16,rayleigh_awgn,syndrome,3.0,ber,0.71075000,0.05067783,0.64798544,0.77351456,5,100
wavelet_32_16,rayleigh_awgn,syndrome,3.0,frame_error_rate,0.73400000,0.04878524,0.67357941,0.79442059,5,100
wavelet_32_16,rayleigh_awgn,syndrome,3.0,failure_rate,0.68800000,0.05167204,0.62400411,0.75199589,5,100
wavelet_32_16,rayleigh_awgn,syndrome,3.0,miscorrection_rate,0.04600000,0.01816590,0.02350151,0.06849849,5,100
wavelet_32_16,rayleigh_awgn,syndrome,3.0,conditional_miscorrection_rate,0.14802831,0.05308302,0.08228492,0.21377171,5,100
wavelet_32_16,rayleigh_awgn,syndrome,3.0,ambiguous_rate,0.00000000,0.00000000,0.00000000,0.00000000,5,100
wavelet_32_16,rayleigh_awgn,syndrome,3.0,average_decoding_time_ms,0.09895400,0.01497531,0.08040706,0.11750094,5,100
wavelet_32_16,rayleigh_awgn,syndrome,4.0,ber,0.62187500,0.06150616,0.54569954,0.69805046,5,100
wavelet_32_16,rayleigh_awgn,syndrome,4.0,frame_error_rate,0.64400000,0.05770615,0.57253086,0.71546914,5,100
wavelet_32_16,rayleigh_awgn,syndrome,4.0,failure_rate,0.60000000,0.06519202,0.51925959,0.68074041,5,100
wavelet_32_16,rayleigh_awgn,syndrome,4.0,miscorrection_rate,0.04400000,0.02302173,0.01548756,0.07251244,5,100
wavelet_32_16,rayleigh_awgn,syndrome,4.0,conditional_miscorrection_rate,0.10870709,0.05194797,0.04436945,0.17304472,5,100
wavelet_32_16,rayleigh_awgn,syndrome,4.0,ambiguous_rate,0.00000000,0.00000000,0.00000000,0.00000000,5,100
wavelet_32_16,rayleigh_awgn,syndrome,4.0,average_decoding_time_ms,0.09372180,0.00349541,0.08939273,0.09805087,5,100
wavelet_32_16,rayleigh_awgn,syndrome,5.0,ber,0.49187500,0.03727013,0.44571590,0.53803410,5,100
wavelet_32_16,rayleigh_awgn,syndrome,5.0,frame_error_rate,0.50400000,0.04929503,0.44294804,0.56505196,5,100
wavelet_32_16,rayleigh_awgn,syndrome,5.0,failure_rate,0.48000000,0.02915476,0.44389179,0.51610821,5,100
wavelet_32_16,rayleigh_awgn,syndrome,5.0,miscorrection_rate,0.02400000,0.02701851,0.00000000,0.05746246,5,100
wavelet_32_16,rayleigh_awgn,syndrome,5.0,conditional_miscorrection_rate,0.04762039,0.05696251,0.00000000,0.11816853,5,100
wavelet_32_16,rayleigh_awgn,syndrome,5.0,ambiguous_rate,0.00000000,0.00000000,0.00000000,0.00000000,5,100
wavelet_32_16,rayleigh_awgn,syndrome,5.0,average_decoding_time_ms,0.09472660,0.00434813,0.08934143,0.10011177,5,100
wavelet_32_16,rayleigh_awgn,syndrome,6.0,ber,0.37550000,0.04919945,0.31456642,0.43643358,5,100
wavelet_32_16,rayleigh_awgn,syndrome,6.0,frame_error_rate,0.38400000,0.04979960,0.32232313,0.44567687,5,100
wavelet_32_16,rayleigh_awgn,syndrome,6.0,failure_rate,0.36600000,0.04929503,0.30494804,0.42705196,5,100
wavelet_32_16,rayleigh_awgn,syndrome,6.0,miscorrection_rate,0.01800000,0.01643168,0.00000000,0.03835065,5,100
wavelet_32_16,rayleigh_awgn,syndrome,6.0,conditional_miscorrection_rate,0.02840818,0.02510460,0.00000000,0.05950026,5,100
wavelet_32_16,rayleigh_awgn,syndrome,6.0,ambiguous_rate,0.00000000,0.00000000,0.00000000,0.00000000,5,100
wavelet_32_16,rayleigh_awgn,syndrome,6.0,average_decoding_time_ms,0.10430660,0.01752036,0.08260761,0.12600559,5,100
wavelet_32_16,rayleigh_awgn,chase,0.0,ber,0.35825000,0.03352762,0.31672599,0.39977401,5,100
wavelet_32_16,rayleigh_awgn,chase,0.0,frame_error_rate,0.71000000,0.04472136,0.65461254,0.76538746,5,100
wavelet_32_16,rayleigh_awgn,chase,0.0,failure_rate,0.01800000,0.01483240,0.00000000,0.03636994,5,100
wavelet_32_16,rayleigh_awgn,chase,0.0,miscorrection_rate,0.69200000,0.03420526,0.64963674,0.73436326,5,100
wavelet_32_16,rayleigh_awgn,chase,0.0,conditional_miscorrection_rate,0.70506700,0.04205364,0.65298351,0.75715048,5,100
wavelet_32_16,rayleigh_awgn,chase,0.0,ambiguous_rate,0.00000000,0.00000000,0.00000000,0.00000000,5,100
wavelet_32_16,rayleigh_awgn,chase,0.0,average_decoding_time_ms,0.61814920,0.01342140,0.60152678,0.63477162,5,100
wavelet_32_16,rayleigh_awgn,chase,1.0,ber,0.28662500,0.03235726,0.24655049,0.32669951,5,100
wavelet_32_16,rayleigh_awgn,chase,1.0,frame_error_rate,0.58600000,0.04449719,0.53089017,0.64110983,5,100
wavelet_32_16,rayleigh_awgn,chase,1.0,failure_rate,0.00600000,0.01341641,0.00000000,0.02261624,5,100
wavelet_32_16,rayleigh_awgn,chase,1.0,miscorrection_rate,0.58000000,0.03674235,0.53449456,0.62550544,5,100
wavelet_32_16,rayleigh_awgn,chase,1.0,conditional_miscorrection_rate,0.58377320,0.04128165,0.53264582,0.63490057,5,100
wavelet_32_16,rayleigh_awgn,chase,1.0,ambiguous_rate,0.00000000,0.00000000,0.00000000,0.00000000,5,100
wavelet_32_16,rayleigh_awgn,chase,1.0,average_decoding_time_ms,0.63571800,0.05043243,0.57325737,0.69817863,5,100
wavelet_32_16,rayleigh_awgn,chase,2.0,ber,0.22562500,0.02020404,0.20060227,0.25064773,5,100
wavelet_32_16,rayleigh_awgn,chase,2.0,frame_error_rate,0.45600000,0.03361547,0.41436719,0.49763281,5,100
wavelet_32_16,rayleigh_awgn,chase,2.0,failure_rate,0.00400000,0.00547723,0.00000000,0.01078355,5,100
wavelet_32_16,rayleigh_awgn,chase,2.0,miscorrection_rate,0.45200000,0.03492850,0.40874101,0.49525899,5,100
wavelet_32_16,rayleigh_awgn,chase,2.0,conditional_miscorrection_rate,0.45377778,0.03437629,0.41120270,0.49635286,5,100
wavelet_32_16,rayleigh_awgn,chase,2.0,ambiguous_rate,0.00200000,0.00447214,0.00000000,0.00753875,5,100
wavelet_32_16,rayleigh_awgn,chase,2.0,average_decoding_time_ms,0.65203500,0.04253266,0.59935825,0.70471175,5,100
wavelet_32_16,rayleigh_awgn,chase,3.0,ber,0.14575000,0.02280351,0.11750782,0.17399218,5,100
wavelet_32_16,rayleigh_awgn,chase,3.0,frame_error_rate,0.29600000,0.04827007,0.23621745,0.35578255,5,100
wavelet_32_16,rayleigh_awgn,chase,3.0,failure_rate,0.00200000,0.00447214,0.00000000,0.00753875,5,100
wavelet_32_16,rayleigh_awgn,chase,3.0,miscorrection_rate,0.29400000,0.05128353,0.23048529,0.35751471,5,100
wavelet_32_16,rayleigh_awgn,chase,3.0,conditional_miscorrection_rate,0.29446465,0.05056418,0.23184085,0.35708845,5,100
wavelet_32_16,rayleigh_awgn,chase,3.0,ambiguous_rate,0.00000000,0.00000000,0.00000000,0.00000000,5,100
wavelet_32_16,rayleigh_awgn,chase,3.0,average_decoding_time_ms,0.64499080,0.01010262,0.63247869,0.65750291,5,100
wavelet_32_16,rayleigh_awgn,chase,4.0,ber,0.07987500,0.02228806,0.05227120,0.10747880,5,100
wavelet_32_16,rayleigh_awgn,chase,4.0,frame_error_rate,0.16000000,0.05099020,0.09684858,0.22315142,5,100
wavelet_32_16,rayleigh_awgn,chase,4.0,failure_rate,0.00200000,0.00447214,0.00000000,0.00753875,5,100
wavelet_32_16,rayleigh_awgn,chase,4.0,miscorrection_rate,0.15800000,0.05403702,0.09107507,0.22492493,5,100
wavelet_32_16,rayleigh_awgn,chase,4.0,conditional_miscorrection_rate,0.15818182,0.05375180,0.09161014,0.22475349,5,100
wavelet_32_16,rayleigh_awgn,chase,4.0,ambiguous_rate,0.00000000,0.00000000,0.00000000,0.00000000,5,100
wavelet_32_16,rayleigh_awgn,chase,4.0,average_decoding_time_ms,0.64490420,0.03681281,0.59931148,0.69049692,5,100
wavelet_32_16,rayleigh_awgn,chase,5.0,ber,0.03425000,0.01233010,0.01897916,0.04952084,5,100
wavelet_32_16,rayleigh_awgn,chase,5.0,frame_error_rate,0.06800000,0.02489980,0.03716157,0.09883843,5,100
wavelet_32_16,rayleigh_awgn,chase,5.0,failure_rate,0.00200000,0.00447214,0.00000000,0.00753875,5,100
wavelet_32_16,rayleigh_awgn,chase,5.0,miscorrection_rate,0.06600000,0.02701851,0.03253754,0.09946246,5,100
wavelet_32_16,rayleigh_awgn,chase,5.0,conditional_miscorrection_rate,0.06608081,0.02692174,0.03273820,0.09942342,5,100
wavelet_32_16,rayleigh_awgn,chase,5.0,ambiguous_rate,0.00000000,0.00000000,0.00000000,0.00000000,5,100
wavelet_32_16,rayleigh_awgn,chase,5.0,average_decoding_time_ms,0.70543000,0.02664704,0.67242761,0.73843239,5,100
wavelet_32_16,rayleigh_awgn,chase,6.0,ber,0.01287500,0.00522165,0.00640798,0.01934202,5,100
wavelet_32_16,rayleigh_awgn,chase,6.0,frame_error_rate,0.02600000,0.00894427,0.01492251,0.03707749,5,100
wavelet_32_16,rayleigh_awgn,chase,6.0,failure_rate,0.00200000,0.00447214,0.00000000,0.00753875,5,100
wavelet_32_16,rayleigh_awgn,chase,6.0,miscorrection_rate,0.02400000,0.00894427,0.01292251,0.03507749,5,100
wavelet_32_16,rayleigh_awgn,chase,6.0,conditional_miscorrection_rate,0.02404040,0.00892211,0.01299035,0.03509045,5,100
wavelet_32_16,rayleigh_awgn,chase,6.0,ambiguous_rate,0.00000000,0.00000000,0.00000000,0.00000000,5,100
wavelet_32_16,rayleigh_awgn,chase,6.0,average_decoding_time_ms,0.72967240,0.03216918,0.68983083,0.76951397,5,100
wavelet_32_16,rayleigh_awgn,hard_mld,0.0,ber,0.42775000,0.01225223,0.41257559,0.44292441,5,100
wavelet_32_16,rayleigh_awgn,hard_mld,0.0,frame_error_rate,0.87600000,0.02302173,0.84748756,0.90451244,5,100
wavelet_32_16,rayleigh_awgn,hard_mld,0.0,failure_rate,0.00000000,0.00000000,0.00000000,0.00000000,5,100
wavelet_32_16,rayleigh_awgn,hard_mld,0.0,miscorrection_rate,0.87600000,0.02302173,0.84748756,0.90451244,5,100
wavelet_32_16,rayleigh_awgn,hard_mld,0.0,conditional_miscorrection_rate,0.87600000,0.02302173,0.84748756,0.90451244,5,100
wavelet_32_16,rayleigh_awgn,hard_mld,0.0,ambiguous_rate,0.64200000,0.03834058,0.59451514,0.68948486,5,100
wavelet_32_16,rayleigh_awgn,hard_mld,0.0,average_decoding_time_ms,4.19440020,0.22766044,3.91244245,4.47635795,5,100
wavelet_32_16,rayleigh_awgn,hard_mld,1.0,ber,0.37287500,0.01540216,0.35379940,0.39195060,5,100
wavelet_32_16,rayleigh_awgn,hard_mld,1.0,frame_error_rate,0.78400000,0.04335897,0.73029986,0.83770014,5,100
wavelet_32_16,rayleigh_awgn,hard_mld,1.0,failure_rate,0.00000000,0.00000000,0.00000000,0.00000000,5,100
wavelet_32_16,rayleigh_awgn,hard_mld,1.0,miscorrection_rate,0.78400000,0.04335897,0.73029986,0.83770014,5,100
wavelet_32_16,rayleigh_awgn,hard_mld,1.0,conditional_miscorrection_rate,0.78400000,0.04335897,0.73029986,0.83770014,5,100
wavelet_32_16,rayleigh_awgn,hard_mld,1.0,ambiguous_rate,0.63600000,0.03847077,0.58835390,0.68364610,5,100
wavelet_32_16,rayleigh_awgn,hard_mld,1.0,average_decoding_time_ms,4.00693320,0.04296165,3.95372514,4.06014126,5,100
wavelet_32_16,rayleigh_awgn,hard_mld,2.0,ber,0.32975000,0.01879993,0.30646626,0.35303374,5,100
wavelet_32_16,rayleigh_awgn,hard_mld,2.0,frame_error_rate,0.68000000,0.05700877,0.60939456,0.75060544,5,100
wavelet_32_16,rayleigh_awgn,hard_mld,2.0,failure_rate,0.00000000,0.00000000,0.00000000,0.00000000,5,100
wavelet_32_16,rayleigh_awgn,hard_mld,2.0,miscorrection_rate,0.68000000,0.05700877,0.60939456,0.75060544,5,100
wavelet_32_16,rayleigh_awgn,hard_mld,2.0,conditional_miscorrection_rate,0.68000000,0.05700877,0.60939456,0.75060544,5,100
wavelet_32_16,rayleigh_awgn,hard_mld,2.0,ambiguous_rate,0.57800000,0.02489980,0.54716157,0.60883843,5,100
wavelet_32_16,rayleigh_awgn,hard_mld,2.0,average_decoding_time_ms,3.98709380,0.05950393,3.91339810,4.06078950,5,100
wavelet_32_16,rayleigh_awgn,hard_mld,3.0,ber,0.26712500,0.02066568,0.24153053,0.29271947,5,100
wavelet_32_16,rayleigh_awgn,hard_mld,3.0,frame_error_rate,0.55600000,0.04929503,0.49494804,0.61705196,5,100
wavelet_32_16,rayleigh_awgn,hard_mld,3.0,failure_rate,0.00000000,0.00000000,0.00000000,0.00000000,5,100
wavelet_32_16,rayleigh_awgn,hard_mld,3.0,miscorrection_rate,0.55600000,0.04929503,0.49494804,0.61705196,5,100
wavelet_32_16,rayleigh_awgn,hard_mld,3.0,conditional_miscorrection_rate,0.55600000,0.04929503,0.49494804,0.61705196,5,100
wavelet_32_16,rayleigh_awgn,hard_mld,3.0,ambiguous_rate,0.50600000,0.07436397,0.41390013,0.59809987,5,100
wavelet_32_16,rayleigh_awgn,hard_mld,3.0,average_decoding_time_ms,4.16228140,0.44395374,3.61244411,4.71211869,5,100
wavelet_32_16,rayleigh_awgn,hard_mld,4.0,ber,0.23512500,0.01786123,0.21300385,0.25724615,5,100
wavelet_32_16,rayleigh_awgn,hard_mld,4.0,frame_error_rate,0.48800000,0.03898718,0.43971433,0.53628567,5,100
wavelet_32_16,rayleigh_awgn,hard_mld,4.0,failure_rate,0.00000000,0.00000000,0.00000000,0.00000000,5,100
wavelet_32_16,rayleigh_awgn,hard_mld,4.0,miscorrection_rate,0.48800000,0.03898718,0.43971433,0.53628567,5,100
wavelet_32_16,rayleigh_awgn,hard_mld,4.0,conditional_miscorrection_rate,0.48800000,0.03898718,0.43971433,0.53628567,5,100
wavelet_32_16,rayleigh_awgn,hard_mld,4.0,ambiguous_rate,0.46400000,0.05319774,0.39811452,0.52988548,5,100
wavelet_32_16,rayleigh_awgn,hard_mld,4.0,average_decoding_time_ms,4.04895540,0.19399146,3.80869672,4.28921408,5,100
wavelet_32_16,rayleigh_awgn,hard_mld,5.0,ber,0.15700000,0.01520305,0.13817100,0.17582900,5,100
wavelet_32_16,rayleigh_awgn,hard_mld,5.0,frame_error_rate,0.33000000,0.03741657,0.28365952,0.37634048,5,100
wavelet_32_16,rayleigh_awgn,hard_mld,5.0,failure_rate,0.00000000,0.00000000,0.00000000,0.00000000,5,100
wavelet_32_16,rayleigh_awgn,hard_mld,5.0,miscorrection_rate,0.33000000,0.03741657,0.28365952,0.37634048,5,100
wavelet_32_16,rayleigh_awgn,hard_mld,5.0,conditional_miscorrection_rate,0.33000000,0.03741657,0.28365952,0.37634048,5,100
wavelet_32_16,rayleigh_awgn,hard_mld,5.0,ambiguous_rate,0.35000000,0.03391165,0.30800038,0.39199962,5,100
wavelet_32_16,rayleigh_awgn,hard_mld,5.0,average_decoding_time_ms,4.20841780,0.46392704,3.63384355,4.78299205,5,100
wavelet_32_16,rayleigh_awgn,hard_mld,6.0,ber,0.10500000,0.01610512,0.08505378,0.12494622,5,100
wavelet_32_16,rayleigh_awgn,hard_mld,6.0,frame_error_rate,0.22400000,0.04722288,0.16551441,0.28248559,5,100
wavelet_32_16,rayleigh_awgn,hard_mld,6.0,failure_rate,0.00000000,0.00000000,0.00000000,0.00000000,5,100
wavelet_32_16,rayleigh_awgn,hard_mld,6.0,miscorrection_rate,0.22400000,0.04722288,0.16551441,0.28248559,5,100
wavelet_32_16,rayleigh_awgn,hard_mld,6.0,conditional_miscorrection_rate,0.22400000,0.04722288,0.16551441,0.28248559,5,100
wavelet_32_16,rayleigh_awgn,hard_mld,6.0,ambiguous_rate,0.25400000,0.03847077,0.20635390,0.30164610,5,100
wavelet_32_16,rayleigh_awgn,hard_mld,6.0,average_decoding_time_ms,4.27503200,0.43821329,3.73230426,4.81775974,5,100
wavelet_32_16,rayleigh_awgn,soft_mld,0.0,ber,0.32125000,0.03261997,0.28085012,0.36164988,5,100
wavelet_32_16,rayleigh_awgn,soft_mld,0.0,frame_error_rate,0.65800000,0.04969909,0.59644761,0.71955239,5,100
wavelet_32_16,rayleigh_awgn,soft_mld,0.0,failure_rate,0.00000000,0.00000000,0.00000000,0.00000000,5,100
wavelet_32_16,rayleigh_awgn,soft_mld,0.0,miscorrection_rate,0.65800000,0.04969909,0.59644761,0.71955239,5,100
wavelet_32_16,rayleigh_awgn,soft_mld,0.0,conditional_miscorrection_rate,0.65800000,0.04969909,0.59644761,0.71955239,5,100
wavelet_32_16,rayleigh_awgn,soft_mld,0.0,ambiguous_rate,0.00000000,0.00000000,0.00000000,0.00000000,5,100
wavelet_32_16,rayleigh_awgn,soft_mld,0.0,average_decoding_time_ms,0.83109780,0.04409781,0.77648261,0.88571299,5,100
wavelet_32_16,rayleigh_awgn,soft_mld,1.0,ber,0.25325000,0.02111353,0.22710086,0.27939914,5,100
wavelet_32_16,rayleigh_awgn,soft_mld,1.0,frame_error_rate,0.52200000,0.03114482,0.48342710,0.56057290,5,100
wavelet_32_16,rayleigh_awgn,soft_mld,1.0,failure_rate,0.00000000,0.00000000,0.00000000,0.00000000,5,100
wavelet_32_16,rayleigh_awgn,soft_mld,1.0,miscorrection_rate,0.52200000,0.03114482,0.48342710,0.56057290,5,100
wavelet_32_16,rayleigh_awgn,soft_mld,1.0,conditional_miscorrection_rate,0.52200000,0.03114482,0.48342710,0.56057290,5,100
wavelet_32_16,rayleigh_awgn,soft_mld,1.0,ambiguous_rate,0.00000000,0.00000000,0.00000000,0.00000000,5,100
wavelet_32_16,rayleigh_awgn,soft_mld,1.0,average_decoding_time_ms,0.78345800,0.02722554,0.74973914,0.81717686,5,100
wavelet_32_16,rayleigh_awgn,soft_mld,2.0,ber,0.19400000,0.02171639,0.16710422,0.22089578,5,100
wavelet_32_16,rayleigh_awgn,soft_mld,2.0,frame_error_rate,0.40000000,0.03000000,0.36284496,0.43715504,5,100
wavelet_32_16,rayleigh_awgn,soft_mld,2.0,failure_rate,0.00000000,0.00000000,0.00000000,0.00000000,5,100
wavelet_32_16,rayleigh_awgn,soft_mld,2.0,miscorrection_rate,0.40000000,0.03000000,0.36284496,0.43715504,5,100
wavelet_32_16,rayleigh_awgn,soft_mld,2.0,conditional_miscorrection_rate,0.40000000,0.03000000,0.36284496,0.43715504,5,100
wavelet_32_16,rayleigh_awgn,soft_mld,2.0,ambiguous_rate,0.00200000,0.00447214,0.00000000,0.00753875,5,100
wavelet_32_16,rayleigh_awgn,soft_mld,2.0,average_decoding_time_ms,0.82797440,0.08485885,0.72287660,0.93307220,5,100
wavelet_32_16,rayleigh_awgn,soft_mld,3.0,ber,0.12637500,0.01450619,0.10840906,0.14434094,5,100
wavelet_32_16,rayleigh_awgn,soft_mld,3.0,frame_error_rate,0.25400000,0.03847077,0.20635390,0.30164610,5,100
wavelet_32_16,rayleigh_awgn,soft_mld,3.0,failure_rate,0.00000000,0.00000000,0.00000000,0.00000000,5,100
wavelet_32_16,rayleigh_awgn,soft_mld,3.0,miscorrection_rate,0.25400000,0.03847077,0.20635390,0.30164610,5,100
wavelet_32_16,rayleigh_awgn,soft_mld,3.0,conditional_miscorrection_rate,0.25400000,0.03847077,0.20635390,0.30164610,5,100
wavelet_32_16,rayleigh_awgn,soft_mld,3.0,ambiguous_rate,0.00000000,0.00000000,0.00000000,0.00000000,5,100
wavelet_32_16,rayleigh_awgn,soft_mld,3.0,average_decoding_time_ms,0.79461840,0.04470906,0.73924617,0.84999063,5,100
wavelet_32_16,rayleigh_awgn,soft_mld,4.0,ber,0.06150000,0.01044517,0.04856364,0.07443636,5,100
wavelet_32_16,rayleigh_awgn,soft_mld,4.0,frame_error_rate,0.12800000,0.02774887,0.09363298,0.16236702,5,100
wavelet_32_16,rayleigh_awgn,soft_mld,4.0,failure_rate,0.00000000,0.00000000,0.00000000,0.00000000,5,100
wavelet_32_16,rayleigh_awgn,soft_mld,4.0,miscorrection_rate,0.12800000,0.02774887,0.09363298,0.16236702,5,100
wavelet_32_16,rayleigh_awgn,soft_mld,4.0,conditional_miscorrection_rate,0.12800000,0.02774887,0.09363298,0.16236702,5,100
wavelet_32_16,rayleigh_awgn,soft_mld,4.0,ambiguous_rate,0.00000000,0.00000000,0.00000000,0.00000000,5,100
wavelet_32_16,rayleigh_awgn,soft_mld,4.0,average_decoding_time_ms,0.88143000,0.15150917,0.69378570,1.06907430,5,100
wavelet_32_16,rayleigh_awgn,soft_mld,5.0,ber,0.02787500,0.00753378,0.01854441,0.03720559,5,100
wavelet_32_16,rayleigh_awgn,soft_mld,5.0,frame_error_rate,0.05600000,0.01341641,0.03938376,0.07261624,5,100
wavelet_32_16,rayleigh_awgn,soft_mld,5.0,failure_rate,0.00000000,0.00000000,0.00000000,0.00000000,5,100
wavelet_32_16,rayleigh_awgn,soft_mld,5.0,miscorrection_rate,0.05600000,0.01341641,0.03938376,0.07261624,5,100
wavelet_32_16,rayleigh_awgn,soft_mld,5.0,conditional_miscorrection_rate,0.05600000,0.01341641,0.03938376,0.07261624,5,100
wavelet_32_16,rayleigh_awgn,soft_mld,5.0,ambiguous_rate,0.00000000,0.00000000,0.00000000,0.00000000,5,100
wavelet_32_16,rayleigh_awgn,soft_mld,5.0,average_decoding_time_ms,0.93598240,0.17360172,0.72097644,1.15098836,5,100
wavelet_32_16,rayleigh_awgn,soft_mld,6.0,ber,0.00462500,0.00363361,0.00012477,0.00912523,5,100
wavelet_32_16,rayleigh_awgn,soft_mld,6.0,frame_error_rate,0.01200000,0.00836660,0.00163795,0.02236205,5,100
wavelet_32_16,rayleigh_awgn,soft_mld,6.0,failure_rate,0.00000000,0.00000000,0.00000000,0.00000000,5,100
wavelet_32_16,rayleigh_awgn,soft_mld,6.0,miscorrection_rate,0.01200000,0.00836660,0.00163795,0.02236205,5,100
wavelet_32_16,rayleigh_awgn,soft_mld,6.0,conditional_miscorrection_rate,0.01200000,0.00836660,0.00163795,0.02236205,5,100
wavelet_32_16,rayleigh_awgn,soft_mld,6.0,ambiguous_rate,0.00000000,0.00000000,0.00000000,0.00000000,5,100
wavelet_32_16,rayleigh_awgn,soft_mld,6.0,average_decoding_time_ms,0.99495120,0.30095038,0.62222376,1.36767864,5,100
wavelet_32_16,rayleigh,syndrome,0.0,ber,0.74750000,0.05942925,0.67389679,0.82110321,5,100
wavelet_32_16,rayleigh,syndrome,0.0,frame_error_rate,0.78000000,0.06519202,0.69925959,0.86074041,5,100
wavelet_32_16,rayleigh,syndrome,0.0,failure_rate,0.71600000,0.06107373,0.64036011,0.79163989,5,100
wavelet_32_16,rayleigh,syndrome,0.0,miscorrection_rate,0.06400000,0.02408319,0.03417294,0.09382706,5,100
wavelet_32_16,rayleigh,syndrome,0.0,conditional_miscorrection_rate,0.23138031,0.09313505,0.11603243,0.34672818,5,100
wavelet_32_16,rayleigh,syndrome,0.0,ambiguous_rate,0.00000000,0.00000000,0.00000000,0.00000000,5,100
wavelet_32_16,rayleigh,syndrome,0.0,average_decoding_time_ms,0.08630900,0.02324343,0.05752199,0.11509601,5,100
wavelet_32_16,rayleigh,syndrome,1.0,ber,0.68450000,0.02322361,0.65573753,0.71326247,5,100
wavelet_32_16,rayleigh,syndrome,1.0,frame_error_rate,0.71400000,0.03286335,0.67329869,0.75470131,5,100
wavelet_32_16,rayleigh,syndrome,1.0,failure_rate,0.65400000,0.02607681,0.62170384,0.68629616,5,100
wavelet_32_16,rayleigh,syndrome,1.0,miscorrection_rate,0.06000000,0.03082207,0.02182683,0.09817317,5,100
wavelet_32_16,rayleigh,syndrome,1.0,conditional_miscorrection_rate,0.17240810,0.08285760,0.06978885,0.27502736,5,100
wavelet_32_16,rayleigh,syndrome,1.0,ambiguous_rate,0.00000000,0.00000000,0.00000000,0.00000000,5,100
wavelet_32_16,rayleigh,syndrome,1.0,average_decoding_time_ms,0.08171160,0.02594368,0.04958032,0.11384288,5,100
wavelet_32_16,rayleigh,syndrome,2.0,ber,0.59487500,0.05448875,0.52739062,0.66235938,5,100
wavelet_32_16,rayleigh,syndrome,2.0,frame_error_rate,0.61400000,0.06024948,0.53938094,0.68861906,5,100
wavelet_32_16,rayleigh,syndrome,2.0,failure_rate,0.57600000,0.05366563,0.50953505,0.64246495,5,100
wavelet_32_16,rayleigh,syndrome,2.0,miscorrection_rate,0.03800000,0.01303840,0.02185192,0.05414808,5,100
wavelet_32_16,rayleigh,syndrome,2.0,conditional_miscorrection_rate,0.09204391,0.03701535,0.04620035,0.13788748,5,100
wavelet_32_16,rayleigh,syndrome,2.0,ambiguous_rate,0.00000000,0.00000000,0.00000000,0.00000000,5,100
wavelet_32_16,rayleigh,syndrome,2.0,average_decoding_time_ms,0.08425660,0.02747429,0.05022966,0.11828354,5,100
wavelet_32_16,rayleigh,syndrome,3.0,ber,0.51275000,0.05756213,0.44145923,0.58404077,5,100
wavelet_32_16,rayleigh,syndrome,3.0,frame_error_rate,0.53600000,0.06024948,0.46138094,0.61061906,5,100
wavelet_32_16,rayleigh,syndrome,3.0,failure_rate,0.49200000,0.06180615,0.41545300,0.56854700,5,100
wavelet_32_16,rayleigh,syndrome,3.0,miscorrection_rate,0.04400000,0.01516575,0.02521720,0.06278280,5,100
wavelet_32_16,rayleigh,syndrome,3.0,conditional_miscorrection_rate,0.08679988,0.02899031,0.05089535,0.12270441,5,100
wavelet_32_16,rayleigh,syndrome,3.0,ambiguous_rate,0.00000000,0.00000000,0.00000000,0.00000000,5,100
wavelet_32_16,rayleigh,syndrome,3.0,average_decoding_time_ms,0.08127580,0.01852080,0.05833776,0.10421384,5,100
wavelet_32_16,rayleigh,syndrome,4.0,ber,0.45112500,0.04855812,0.39098571,0.51126429,5,100
wavelet_32_16,rayleigh,syndrome,4.0,frame_error_rate,0.47000000,0.05244044,0.40505244,0.53494756,5,100
wavelet_32_16,rayleigh,syndrome,4.0,failure_rate,0.43400000,0.05079370,0.37109194,0.49690806,5,100
wavelet_32_16,rayleigh,syndrome,4.0,miscorrection_rate,0.03600000,0.01341641,0.01938376,0.05261624,5,100
wavelet_32_16,rayleigh,syndrome,4.0,conditional_miscorrection_rate,0.06389947,0.02498594,0.03295435,0.09484459,5,100
wavelet_32_16,rayleigh,syndrome,4.0,ambiguous_rate,0.00000000,0.00000000,0.00000000,0.00000000,5,100
wavelet_32_16,rayleigh,syndrome,4.0,average_decoding_time_ms,0.08467840,0.01933066,0.06073735,0.10861945,5,100
wavelet_32_16,rayleigh,syndrome,5.0,ber,0.35437500,0.03840827,0.30680631,0.40194369,5,100
wavelet_32_16,rayleigh,syndrome,5.0,frame_error_rate,0.37600000,0.04615192,0.31884078,0.43315922,5,100
wavelet_32_16,rayleigh,syndrome,5.0,failure_rate,0.33400000,0.03577709,0.28969003,0.37830997,5,100
wavelet_32_16,rayleigh,syndrome,5.0,miscorrection_rate,0.04200000,0.01303840,0.02585192,0.05814808,5,100
wavelet_32_16,rayleigh,syndrome,5.0,conditional_miscorrection_rate,0.06383495,0.02255709,0.03589797,0.09177194,5,100
wavelet_32_16,rayleigh,syndrome,5.0,ambiguous_rate,0.00000000,0.00000000,0.00000000,0.00000000,5,100
wavelet_32_16,rayleigh,syndrome,5.0,average_decoding_time_ms,0.08300340,0.02131583,0.05660372,0.10940308,5,100
wavelet_32_16,rayleigh,syndrome,6.0,ber,0.28737500,0.03683101,0.24175974,0.33299026,5,100
wavelet_32_16,rayleigh,syndrome,6.0,frame_error_rate,0.30400000,0.04393177,0.24959045,0.35840955,5,100
wavelet_32_16,rayleigh,syndrome,6.0,failure_rate,0.27000000,0.03391165,0.22800038,0.31199962,5,100
wavelet_32_16,rayleigh,syndrome,6.0,miscorrection_rate,0.03400000,0.01673320,0.01327591,0.05472409,5,100
wavelet_32_16,rayleigh,syndrome,6.0,conditional_miscorrection_rate,0.04705033,0.02470250,0.01645626,0.07764441,5,100
wavelet_32_16,rayleigh,syndrome,6.0,ambiguous_rate,0.00000000,0.00000000,0.00000000,0.00000000,5,100
wavelet_32_16,rayleigh,syndrome,6.0,average_decoding_time_ms,0.08654180,0.01524044,0.06766650,0.10541710,5,100
wavelet_32_16,rayleigh,chase,0.0,ber,0.28825000,0.01021641,0.27559696,0.30090304,5,100
wavelet_32_16,rayleigh,chase,0.0,frame_error_rate,0.57800000,0.04147288,0.52663578,0.62936422,5,100
wavelet_32_16,rayleigh,chase,0.0,failure_rate,0.00800000,0.00836660,0.00000000,0.01836205,5,100
wavelet_32_16,rayleigh,chase,0.0,miscorrection_rate,0.57000000,0.04690416,0.51190914,0.62809086,5,100
wavelet_32_16,rayleigh,chase,0.0,conditional_miscorrection_rate,0.57440445,0.04430768,0.51952934,0.62927957,5,100
wavelet_32_16,rayleigh,chase,0.0,ambiguous_rate,0.00000000,0.00000000,0.00000000,0.00000000,5,100
wavelet_32_16,rayleigh,chase,0.0,average_decoding_time_ms,0.58005480,0.13060416,0.41830138,0.74180822,5,100
wavelet_32_16,rayleigh,chase,1.0,ber,0.24925000,0.01646730,0.22885523,0.26964477,5,100
wavelet_32_16,rayleigh,chase,1.0,frame_error_rate,0.49600000,0.06228965,0.41885419,0.57314581,5,100
wavelet_32_16,rayleigh,chase,1.0,failure_rate,0.01000000,0.00707107,0.00124247,0.01875753,5,100
wavelet_32_16,rayleigh,chase,1.0,miscorrection_rate,0.48600000,0.06503845,0.40544979,0.56655021,5,100
wavelet_32_16,rayleigh,chase,1.0,conditional_miscorrection_rate,0.49076355,0.06456778,0.41079627,0.57073084,5,100
wavelet_32_16,rayleigh,chase,1.0,ambiguous_rate,0.00000000,0.00000000,0.00000000,0.00000000,5,100
wavelet_32_16,rayleigh,chase,1.0,average_decoding_time_ms,0.58941140,0.13304459,0.42463551,0.75418729,5,100
wavelet_32_16,rayleigh,chase,2.0,ber,0.20325000,0.01580768,0.18367217,0.22282783,5,100
wavelet_32_16,rayleigh,chase,2.0,frame_error_rate,0.40800000,0.05495453,0.33993875,0.47606125,5,100
wavelet_32_16,rayleigh,chase,2.0,failure_rate,0.00800000,0.00836660,0.00000000,0.01836205,5,100
wavelet_32_16,rayleigh,chase,2.0,miscorrection_rate,0.40000000,0.05873670,0.32725452,0.47274548,5,100
wavelet_32_16,rayleigh,chase,2.0,conditional_miscorrection_rate,0.40304308,0.05789120,0.33134476,0.47474141,5,100
wavelet_32_16,rayleigh,chase,2.0,ambiguous_rate,0.00000000,0.00000000,0.00000000,0.00000000,5,100
wavelet_32_16,rayleigh,chase,2.0,average_decoding_time_ms,0.60061900,0.12526240,0.44548135,0.75575665,5,100
wavelet_32_16,rayleigh,chase,3.0,ber,0.17850000,0.01000586,0.16610773,0.19089227,5,100
wavelet_32_16,rayleigh,chase,3.0,frame_error_rate,0.36000000,0.03937004,0.31124015,0.40875985,5,100
wavelet_32_16,rayleigh,chase,3.0,failure_rate,0.00600000,0.00547723,0.00000000,0.01278355,5,100
wavelet_32_16,rayleigh,chase,3.0,miscorrection_rate,0.35400000,0.04037326,0.30399767,0.40400233,5,100
wavelet_32_16,rayleigh,chase,3.0,conditional_miscorrection_rate,0.35610101,0.04024753,0.30625440,0.40594762,5,100
wavelet_32_16,rayleigh,chase,3.0,ambiguous_rate,0.00000000,0.00000000,0.00000000,0.00000000,5,100
wavelet_32_16,rayleigh,chase,3.0,average_decoding_time_ms,0.64867020,0.09237419,0.53426465,0.76307575,5,100
wavelet_32_16,rayleigh,chase,4.0,ber,0.14212500,0.01395165,0.12484587,0.15940413,5,100
wavelet_32_16,rayleigh,chase,4.0,frame_error_rate,0.29400000,0.03911521,0.24555576,0.34244424,5,100
wavelet_32_16,rayleigh,chase,4.0,failure_rate,0.00600000,0.00894427,0.00000000,0.01707749,5,100
wavelet_32_16,rayleigh,chase,4.0,miscorrection_rate,0.28800000,0.03834058,0.24051514,0.33548486,5,100
wavelet_32_16,rayleigh,chase,4.0,conditional_miscorrection_rate,0.28975015,0.03858830,0.24195850,0.33754181,5,100
wavelet_32_16,rayleigh,chase,4.0,ambiguous_rate,0.00000000,0.00000000,0.00000000,0.00000000,5,100
wavelet_32_16,rayleigh,chase,4.0,average_decoding_time_ms,0.61952280,0.10458895,0.48998924,0.74905636,5,100
wavelet_32_16,rayleigh,chase,5.0,ber,0.11875000,0.01554354,0.09949931,0.13800069,5,100
wavelet_32_16,rayleigh,chase,5.0,frame_error_rate,0.23800000,0.03193744,0.19844544,0.27755456,5,100
wavelet_32_16,rayleigh,chase,5.0,failure_rate,0.00400000,0.00547723,0.00000000,0.01078355,5,100
wavelet_32_16,rayleigh,chase,5.0,miscorrection_rate,0.23400000,0.03209361,0.19425202,0.27374798,5,100
wavelet_32_16,rayleigh,chase,5.0,conditional_miscorrection_rate,0.23492929,0.03203728,0.19525108,0.27460750,5,100
wavelet_32_16,rayleigh,chase,5.0,ambiguous_rate,0.00000000,0.00000000,0.00000000,0.00000000,5,100
wavelet_32_16,rayleigh,chase,5.0,average_decoding_time_ms,0.73742500,0.09732858,0.61688342,0.85796658,5,100
wavelet_32_16,rayleigh,chase,6.0,ber,0.09462500,0.01163071,0.08022035,0.10902965,5,100
wavelet_32_16,rayleigh,chase,6.0,frame_error_rate,0.19200000,0.03346640,0.15055182,0.23344818,5,100
wavelet_32_16,rayleigh,chase,6.0,failure_rate,0.00400000,0.00547723,0.00000000,0.01078355,5,100
wavelet_32_16,rayleigh,chase,6.0,miscorrection_rate,0.18800000,0.03420526,0.14563674,0.23036326,5,100
wavelet_32_16,rayleigh,chase,6.0,conditional_miscorrection_rate,0.18872727,0.03424455,0.14631535,0.23113920,5,100
wavelet_32_16,rayleigh,chase,6.0,ambiguous_rate,0.00000000,0.00000000,0.00000000,0.00000000,5,100
wavelet_32_16,rayleigh,chase,6.0,average_decoding_time_ms,0.64782400,0.10403601,0.51897526,0.77667274,5,100
wavelet_32_16,rayleigh,hard_mld,0.0,ber,0.35125000,0.03556464,0.30720314,0.39529686,5,100
wavelet_32_16,rayleigh,hard_mld,0.0,frame_error_rate,0.71000000,0.07245688,0.62026205,0.79973795,5,100
wavelet_32_16,rayleigh,hard_mld,0.0,failure_rate,0.00000000,0.00000000,0.00000000,0.00000000,5,100
wavelet_32_16,rayleigh,hard_mld,0.0,miscorrection_rate,0.71000000,0.07245688,0.62026205,0.79973795,5,100
wavelet_32_16,rayleigh,hard_mld,0.0,conditional_miscorrection_rate,0.71000000,0.07245688,0.62026205,0.79973795,5,100
wavelet_32_16,rayleigh,hard_mld,0.0,ambiguous_rate,0.52400000,0.09208692,0.40995024,0.63804976,5,100
wavelet_32_16,rayleigh,hard_mld,0.0,average_decoding_time_ms,3.80691040,0.68081799,2.96371643,4.65010437,5,100
wavelet_32_16,rayleigh,hard_mld,1.0,ber,0.31125000,0.02623884,0.27875317,0.34374683,5,100
wavelet_32_16,rayleigh,hard_mld,1.0,frame_error_rate,0.63600000,0.05319774,0.57011452,0.70188548,5,100
wavelet_32_16,rayleigh,hard_mld,1.0,failure_rate,0.00000000,0.00000000,0.00000000,0.00000000,5,100
wavelet_32_16,rayleigh,hard_mld,1.0,miscorrection_rate,0.63600000,0.05319774,0.57011452,0.70188548,5,100
wavelet_32_16,rayleigh,hard_mld,1.0,conditional_miscorrection_rate,0.63600000,0.05319774,0.57011452,0.70188548,5,100
wavelet_32_16,rayleigh,hard_mld,1.0,ambiguous_rate,0.46400000,0.04878524,0.40357941,0.52442059,5,100
wavelet_32_16,rayleigh,hard_mld,1.0,average_decoding_time_ms,3.70183140,0.66951116,2.87264096,4.53102184,5,100
wavelet_32_16,rayleigh,hard_mld,2.0,ber,0.26600000,0.03395367,0.22394834,0.30805166,5,100
wavelet_32_16,rayleigh,hard_mld,2.0,frame_error_rate,0.53800000,0.06379655,0.45898789,0.61701211,5,100
wavelet_32_16,rayleigh,hard_mld,2.0,failure_rate,0.00000000,0.00000000,0.00000000,0.00000000,5,100
wavelet_32_16,rayleigh,hard_mld,2.0,miscorrection_rate,0.53800000,0.06379655,0.45898789,0.61701211,5,100
wavelet_32_16,rayleigh,hard_mld,2.0,conditional_miscorrection_rate,0.53800000,0.06379655,0.45898789,0.61701211,5,100
wavelet_32_16,rayleigh,hard_mld,2.0,ambiguous_rate,0.43000000,0.06855655,0.34509263,0.51490737,5,100
wavelet_32_16,rayleigh,hard_mld,2.0,average_decoding_time_ms,3.79094860,0.54334650,3.11801325,4.46388395,5,100
wavelet_32_16,rayleigh,hard_mld,3.0,ber,0.23187500,0.02395063,0.20221211,0.26153789,5,100
wavelet_32_16,rayleigh,hard_mld,3.0,frame_error_rate,0.46400000,0.05176872,0.39988438,0.52811562,5,100
wavelet_32_16,rayleigh,hard_mld,3.0,failure_rate,0.00000000,0.00000000,0.00000000,0.00000000,5,100
wavelet_32_16,rayleigh,hard_mld,3.0,miscorrection_rate,0.46400000,0.05176872,0.39988438,0.52811562,5,100
wavelet_32_16,rayleigh,hard_mld,3.0,conditional_miscorrection_rate,0.46400000,0.05176872,0.39988438,0.52811562,5,100
wavelet_32_16,rayleigh,hard_mld,3.0,ambiguous_rate,0.35400000,0.05176872,0.28988438,0.41811562,5,100
wavelet_32_16,rayleigh,hard_mld,3.0,average_decoding_time_ms,3.83553160,0.53020019,3.17887798,4.49218522,5,100
wavelet_32_16,rayleigh,hard_mld,4.0,ber,0.19375000,0.02081353,0.16797241,0.21952759,5,100
wavelet_32_16,rayleigh,hard_mld,4.0,frame_error_rate,0.39400000,0.04560702,0.33751565,0.45048435,5,100
wavelet_32_16,rayleigh,hard_mld,4.0,failure_rate,0.00000000,0.00000000,0.00000000,0.00000000,5,100
wavelet_32_16,rayleigh,hard_mld,4.0,miscorrection_rate,0.39400000,0.04560702,0.33751565,0.45048435,5,100
wavelet_32_16,rayleigh,hard_mld,4.0,conditional_miscorrection_rate,0.39400000,0.04560702,0.33751565,0.45048435,5,100
wavelet_32_16,rayleigh,hard_mld,4.0,ambiguous_rate,0.33000000,0.04949747,0.26869731,0.39130269,5,100
wavelet_32_16,rayleigh,hard_mld,4.0,average_decoding_time_ms,3.80555580,0.55418773,3.11919357,4.49191803,5,100
wavelet_32_16,rayleigh,hard_mld,5.0,ber,0.15887500,0.02382964,0.12936196,0.18838804,5,100
wavelet_32_16,rayleigh,hard_mld,5.0,frame_error_rate,0.32000000,0.05612486,0.25048929,0.38951071,5,100
wavelet_32_16,rayleigh,hard_mld,5.0,failure_rate,0.00000000,0.00000000,0.00000000,0.00000000,5,100
wavelet_32_16,rayleigh,hard_mld,5.0,miscorrection_rate,0.32000000,0.05612486,0.25048929,0.38951071,5,100
wavelet_32_16,rayleigh,hard_mld,5.0,conditional_miscorrection_rate,0.32000000,0.05612486,0.25048929,0.38951071,5,100
wavelet_32_16,rayleigh,hard_mld,5.0,ambiguous_rate,0.25400000,0.04722288,0.19551441,0.31248559,5,100
wavelet_32_16,rayleigh,hard_mld,5.0,average_decoding_time_ms,3.82476320,0.48688548,3.22175489,4.42777151,5,100
wavelet_32_16,rayleigh,hard_mld,6.0,ber,0.13037500,0.02121597,0.10409900,0.15665100,5,100
wavelet_32_16,rayleigh,hard_mld,6.0,frame_error_rate,0.26200000,0.04658326,0.20430657,0.31969343,5,100
wavelet_32_16,rayleigh,hard_mld,6.0,failure_rate,0.00000000,0.00000000,0.00000000,0.00000000,5,100
wavelet_32_16,rayleigh,hard_mld,6.0,miscorrection_rate,0.26200000,0.04658326,0.20430657,0.31969343,5,100
wavelet_32_16,rayleigh,hard_mld,6.0,conditional_miscorrection_rate,0.26200000,0.04658326,0.20430657,0.31969343,5,100
wavelet_32_16,rayleigh,hard_mld,6.0,ambiguous_rate,0.19200000,0.04086563,0.14138786,0.24261214,5,100
wavelet_32_16,rayleigh,hard_mld,6.0,average_decoding_time_ms,3.86042620,0.33328630,3.44765068,4.27320172,5,100
wavelet_32_16,rayleigh,soft_mld,0.0,ber,0.27525000,0.01665716,0.25462009,0.29587991,5,100
wavelet_32_16,rayleigh,soft_mld,0.0,frame_error_rate,0.55200000,0.05403702,0.48507507,0.61892493,5,100
wavelet_32_16,rayleigh,soft_mld,0.0,failure_rate,0.00000000,0.00000000,0.00000000,0.00000000,5,100
wavelet_32_16,rayleigh,soft_mld,0.0,miscorrection_rate,0.55200000,0.05403702,0.48507507,0.61892493,5,100
wavelet_32_16,rayleigh,soft_mld,0.0,conditional_miscorrection_rate,0.55200000,0.05403702,0.48507507,0.61892493,5,100
wavelet_32_16,rayleigh,soft_mld,0.0,ambiguous_rate,0.00000000,0.00000000,0.00000000,0.00000000,5,100
wavelet_32_16,rayleigh,soft_mld,0.0,average_decoding_time_ms,0.79347760,0.10799051,0.65973121,0.92722399,5,100
wavelet_32_16,rayleigh,soft_mld,1.0,ber,0.23650000,0.01956859,0.21226428,0.26073572,5,100
wavelet_32_16,rayleigh,soft_mld,1.0,frame_error_rate,0.47000000,0.05431390,0.40273216,0.53726784,5,100
wavelet_32_16,rayleigh,soft_mld,1.0,failure_rate,0.00000000,0.00000000,0.00000000,0.00000000,5,100
wavelet_32_16,rayleigh,soft_mld,1.0,miscorrection_rate,0.47000000,0.05431390,0.40273216,0.53726784,5,100
wavelet_32_16,rayleigh,soft_mld,1.0,conditional_miscorrection_rate,0.47000000,0.05431390,0.40273216,0.53726784,5,100
wavelet_32_16,rayleigh,soft_mld,1.0,ambiguous_rate,0.00200000,0.00447214,0.00000000,0.00753875,5,100
wavelet_32_16,rayleigh,soft_mld,1.0,average_decoding_time_ms,0.78721300,0.09062494,0.67497389,0.89945211,5,100
wavelet_32_16,rayleigh,soft_mld,2.0,ber,0.19375000,0.01928912,0.16986039,0.21763961,5,100
wavelet_32_16,rayleigh,soft_mld,2.0,frame_error_rate,0.39200000,0.05403702,0.32507507,0.45892493,5,100
wavelet_32_16,rayleigh,soft_mld,2.0,failure_rate,0.00000000,0.00000000,0.00000000,0.00000000,5,100
wavelet_32_16,rayleigh,soft_mld,2.0,miscorrection_rate,0.39200000,0.05403702,0.32507507,0.45892493,5,100
wavelet_32_16,rayleigh,soft_mld,2.0,conditional_miscorrection_rate,0.39200000,0.05403702,0.32507507,0.45892493,5,100
wavelet_32_16,rayleigh,soft_mld,2.0,ambiguous_rate,0.00000000,0.00000000,0.00000000,0.00000000,5,100
wavelet_32_16,rayleigh,soft_mld,2.0,average_decoding_time_ms,0.81725220,0.05599545,0.74790176,0.88660264,5,100
wavelet_32_16,rayleigh,soft_mld,3.0,ber,0.17150000,0.01118558,0.15764665,0.18535335,5,100
wavelet_32_16,rayleigh,soft_mld,3.0,frame_error_rate,0.34800000,0.04324350,0.29444287,0.40155713,5,100
wavelet_32_16,rayleigh,soft_mld,3.0,failure_rate,0.00000000,0.00000000,0.00000000,0.00000000,5,100
wavelet_32_16,rayleigh,soft_mld,3.0,miscorrection_rate,0.34800000,0.04324350,0.29444287,0.40155713,5,100
wavelet_32_16,rayleigh,soft_mld,3.0,conditional_miscorrection_rate,0.34800000,0.04324350,0.29444287,0.40155713,5,100
wavelet_32_16,rayleigh,soft_mld,3.0,ambiguous_rate,0.00000000,0.00000000,0.00000000,0.00000000,5,100
wavelet_32_16,rayleigh,soft_mld,3.0,average_decoding_time_ms,0.81676400,0.02654874,0.78388335,0.84964465,5,100
wavelet_32_16,rayleigh,soft_mld,4.0,ber,0.13325000,0.01127948,0.11928036,0.14721964,5,100
wavelet_32_16,rayleigh,soft_mld,4.0,frame_error_rate,0.28000000,0.04242641,0.22745484,0.33254516,5,100
wavelet_32_16,rayleigh,soft_mld,4.0,failure_rate,0.00000000,0.00000000,0.00000000,0.00000000,5,100
wavelet_32_16,rayleigh,soft_mld,4.0,miscorrection_rate,0.28000000,0.04242641,0.22745484,0.33254516,5,100
wavelet_32_16,rayleigh,soft_mld,4.0,conditional_miscorrection_rate,0.28000000,0.04242641,0.22745484,0.33254516,5,100
wavelet_32_16,rayleigh,soft_mld,4.0,ambiguous_rate,0.00000000,0.00000000,0.00000000,0.00000000,5,100
wavelet_32_16,rayleigh,soft_mld,4.0,average_decoding_time_ms,0.79738920,0.04950745,0.73607416,0.85870424,5,100
wavelet_32_16,rayleigh,soft_mld,5.0,ber,0.11475000,0.01008363,0.10226141,0.12723859,5,100
wavelet_32_16,rayleigh,soft_mld,5.0,frame_error_rate,0.23800000,0.03114482,0.19942710,0.27657290,5,100
wavelet_32_16,rayleigh,soft_mld,5.0,failure_rate,0.00000000,0.00000000,0.00000000,0.00000000,5,100
wavelet_32_16,rayleigh,soft_mld,5.0,miscorrection_rate,0.23800000,0.03114482,0.19942710,0.27657290,5,100
wavelet_32_16,rayleigh,soft_mld,5.0,conditional_miscorrection_rate,0.23800000,0.03114482,0.19942710,0.27657290,5,100
wavelet_32_16,rayleigh,soft_mld,5.0,ambiguous_rate,0.00000000,0.00000000,0.00000000,0.00000000,5,100
wavelet_32_16,rayleigh,soft_mld,5.0,average_decoding_time_ms,0.89730400,0.20947926,0.63786367,1.15674433,5,100
wavelet_32_16,rayleigh,soft_mld,6.0,ber,0.08987500,0.01546417,0.07072260,0.10902740,5,100
wavelet_32_16,rayleigh,soft_mld,6.0,frame_error_rate,0.19200000,0.03563706,0.14786346,0.23613654,5,100
wavelet_32_16,rayleigh,soft_mld,6.0,failure_rate,0.00000000,0.00000000,0.00000000,0.00000000,5,100
wavelet_32_16,rayleigh,soft_mld,6.0,miscorrection_rate,0.19200000,0.03563706,0.14786346,0.23613654,5,100
wavelet_32_16,rayleigh,soft_mld,6.0,conditional_miscorrection_rate,0.19200000,0.03563706,0.14786346,0.23613654,5,100
wavelet_32_16,rayleigh,soft_mld,6.0,ambiguous_rate,0.00000000,0.00000000,0.00000000,0.00000000,5,100
wavelet_32_16,rayleigh,soft_mld,6.0,average_decoding_time_ms,0.80481260,0.03417706,0.76248427,0.84714093,5,100
wavelet_32_16,sinusoidal,syndrome,0.0,ber,0.82187500,0.06388008,0.74275944,0.90099056,5,100
wavelet_32_16,sinusoidal,syndrome,0.0,frame_error_rate,0.85400000,0.05770615,0.78253086,0.92546914,5,100
wavelet_32_16,sinusoidal,syndrome,0.0,failure_rate,0.79800000,0.07259477,0.70809129,0.88790871,5,100
wavelet_32_16,sinusoidal,syndrome,0.0,miscorrection_rate,0.05600000,0.02509980,0.02491386,0.08708614,5,100
wavelet_32_16,sinusoidal,syndrome,0.0,conditional_miscorrection_rate,0.28426528,0.07770943,0.18802205,0.38050851,5,100
wavelet_32_16,sinusoidal,syndrome,0.0,ambiguous_rate,0.00000000,0.00000000,0.00000000,0.00000000,5,100
wavelet_32_16,sinusoidal,syndrome,0.0,average_decoding_time_ms,0.09530000,0.00305103,0.09152129,0.09907871,5,100
wavelet_32_16,sinusoidal,syndrome,1.0,ber,0.70250000,0.03096747,0.66414674,0.74085326,5,100
wavelet_32_16,sinusoidal,syndrome,1.0,frame_error_rate,0.72800000,0.03271085,0.68748756,0.76851244,5,100
wavelet_32_16,sinusoidal,syndrome,1.0,failure_rate,0.68400000,0.03286335,0.64329869,0.72470131,5,100
wavelet_32_16,sinusoidal,syndrome,1.0,miscorrection_rate,0.04400000,0.00547723,0.03721645,0.05078355,5,100
wavelet_32_16,sinusoidal,syndrome,1.0,conditional_miscorrection_rate,0.14021940,0.02004300,0.11539612,0.16504268,5,100
wavelet_32_16,sinusoidal,syndrome,1.0,ambiguous_rate,0.00000000,0.00000000,0.00000000,0.00000000,5,100
wavelet_32_16,sinusoidal,syndrome,1.0,average_decoding_time_ms,0.09386900,0.00024819,0.09356162,0.09417638,5,100
wavelet_32_16,sinusoidal,syndrome,2.0,ber,0.55750000,0.03108708,0.51899862,0.59600138,5,100
wavelet_32_16,sinusoidal,syndrome,2.0,frame_error_rate,0.57200000,0.03114482,0.53342710,0.61057290,5,100
wavelet_32_16,sinusoidal,syndrome,2.0,failure_rate,0.54600000,0.03361547,0.50436719,0.58763281,5,100
wavelet_32_16,sinusoidal,syndrome,2.0,miscorrection_rate,0.02600000,0.01516575,0.00721720,0.04478280,5,100
wavelet_32_16,sinusoidal,syndrome,2.0,conditional_miscorrection_rate,0.05672462,0.03213740,0.01692241,0.09652683,5,100
wavelet_32_16,sinusoidal,syndrome,2.0,ambiguous_rate,0.00000000,0.00000000,0.00000000,0.00000000,5,100
wavelet_32_16,sinusoidal,syndrome,2.0,average_decoding_time_ms,0.09140980,0.00441419,0.08594282,0.09687678,5,100
wavelet_32_16,sinusoidal,syndrome,3.0,ber,0.41450000,0.04537044,0.35830865,0.47069135,5,100
wavelet_32_16,sinusoidal,syndrome,3.0,frame_error_rate,0.42000000,0.04898979,0.35932608,0.48067392,5,100
wavelet_32_16,sinusoidal,syndrome,3.0,failure_rate,0.41000000,0.04123106,0.35893528,0.46106472,5,100
wavelet_32_16,sinusoidal,syndrome,3.0,miscorrection_rate,0.01000000,0.01000000,0.00000000,0.02238501,5,100
wavelet_32_16,sinusoidal,syndrome,3.0,conditional_miscorrection_rate,0.01774880,0.01804560,0.00000000,0.04009830,5,100
wavelet_32_16,sinusoidal,syndrome,3.0,ambiguous_rate,0.00000000,0.00000000,0.00000000,0.00000000,5,100
wavelet_32_16,sinusoidal,syndrome,3.0,average_decoding_time_ms,0.09448540,0.00495273,0.08835144,0.10061936,5,100
wavelet_32_16,sinusoidal,syndrome,4.0,ber,0.26437500,0.05631073,0.19463409,0.33411591,5,100
wavelet_32_16,sinusoidal,syndrome,4.0,frame_error_rate,0.26800000,0.05540758,0.19937764,0.33662236,5,100
wavelet_32_16,sinusoidal,syndrome,4.0,failure_rate,0.26200000,0.05718391,0.19117765,0.33282235,5,100
wavelet_32_16,sinusoidal,syndrome,4.0,miscorrection_rate,0.00600000,0.00547723,0.00000000,0.01278355,5,100
wavelet_32_16,sinusoidal,syndrome,4.0,conditional_miscorrection_rate,0.00800771,0.00736077,0.00000000,0.01712404,5,100
wavelet_32_16,sinusoidal,syndrome,4.0,ambiguous_rate,0.00000000,0.00000000,0.00000000,0.00000000,5,100
wavelet_32_16,sinusoidal,syndrome,4.0,average_decoding_time_ms,0.09413040,0.00192740,0.09174332,0.09651748,5,100
wavelet_32_16,sinusoidal,syndrome,5.0,ber,0.13087500,0.02611423,0.09853249,0.16321751,5,100
wavelet_32_16,sinusoidal,syndrome,5.0,frame_error_rate,0.13200000,0.02588436,0.09994219,0.16405781,5,100
wavelet_32_16,sinusoidal,syndrome,5.0,failure_rate,0.13000000,0.02645751,0.09723234,0.16276766,5,100
wavelet_32_16,sinusoidal,syndrome,5.0,miscorrection_rate,0.00200000,0.00447214,0.00000000,0.00753875,5,100
wavelet_32_16,sinusoidal,syndrome,5.0,conditional_miscorrection_rate,0.00227273,0.00508197,0.00000000,0.00856676,5,100
wavelet_32_16,sinusoidal,syndrome,5.0,ambiguous_rate,0.00000000,0.00000000,0.00000000,0.00000000,5,100
wavelet_32_16,sinusoidal,syndrome,5.0,average_decoding_time_ms,0.10272000,0.01122762,0.08881458,0.11662542,5,100
wavelet_32_16,sinusoidal,syndrome,6.0,ber,0.06512500,0.01802992,0.04279492,0.08745508,5,100
wavelet_32_16,sinusoidal,syndrome,6.0,frame_error_rate,0.06600000,0.01816590,0.04350151,0.08849849,5,100
wavelet_32_16,sinusoidal,syndrome,6.0,failure_rate,0.06400000,0.01816590,0.04150151,0.08649849,5,100
wavelet_32_16,sinusoidal,syndrome,6.0,miscorrection_rate,0.00200000,0.00447214,0.00000000,0.00753875,5,100
wavelet_32_16,sinusoidal,syndrome,6.0,conditional_miscorrection_rate,0.00212766,0.00475759,0.00000000,0.00801994,5,100
wavelet_32_16,sinusoidal,syndrome,6.0,ambiguous_rate,0.00000000,0.00000000,0.00000000,0.00000000,5,100
wavelet_32_16,sinusoidal,syndrome,6.0,average_decoding_time_ms,0.09680320,0.00282299,0.09330692,0.10029948,5,100
wavelet_32_16,sinusoidal,chase,0.0,ber,0.22175000,0.02168849,0.19488878,0.24861122,5,100
wavelet_32_16,sinusoidal,chase,0.0,frame_error_rate,0.44800000,0.04604346,0.39097512,0.50502488,5,100
wavelet_32_16,sinusoidal,chase,0.0,failure_rate,0.00200000,0.00447214,0.00000000,0.00753875,5,100
wavelet_32_16,sinusoidal,chase,0.0,miscorrection_rate,0.44600000,0.04878524,0.38557941,0.50642059,5,100
wavelet_32_16,sinusoidal,chase,0.0,conditional_miscorrection_rate,0.44678788,0.04767390,0.38774369,0.50583207,5,100
wavelet_32_16,sinusoidal,chase,0.0,ambiguous_rate,0.00000000,0.00000000,0.00000000,0.00000000,5,100
wavelet_32_16,sinusoidal,chase,0.0,average_decoding_time_ms,0.62310380,0.01335917,0.60655845,0.63964915,5,100
wavelet_32_16,sinusoidal,chase,1.0,ber,0.13062500,0.01567492,0.11121159,0.15003841,5,100
wavelet_32_16,sinusoidal,chase,1.0,frame_error_rate,0.27600000,0.02966479,0.23926011,0.31273989,5,100
wavelet_32_16,sinusoidal,chase,1.0,failure_rate,0.00000000,0.00000000,0.00000000,0.00000000,5,100
wavelet_32_16,sinusoidal,chase,1.0,miscorrection_rate,0.27600000,0.02966479,0.23926011,0.31273989,5,100
wavelet_32_16,sinusoidal,chase,1.0,conditional_miscorrection_rate,0.27600000,0.02966479,0.23926011,0.31273989,5,100
wavelet_32_16,sinusoidal,chase,1.0,ambiguous_rate,0.00000000,0.00000000,0.00000000,0.00000000,5,100
wavelet_32_16,sinusoidal,chase,1.0,average_decoding_time_ms,0.65183240,0.01231133,0.63658481,0.66707999,5,100
wavelet_32_16,sinusoidal,chase,2.0,ber,0.06025000,0.01036068,0.04741828,0.07308172,5,100
wavelet_32_16,sinusoidal,chase,2.0,frame_error_rate,0.12600000,0.01516575,0.10721720,0.14478280,5,100
wavelet_32_16,sinusoidal,chase,2.0,failure_rate,0.00000000,0.00000000,0.00000000,0.00000000,5,100
wavelet_32_16,sinusoidal,chase,2.0,miscorrection_rate,0.12600000,0.01516575,0.10721720,0.14478280,5,100
wavelet_32_16,sinusoidal,chase,2.0,conditional_miscorrection_rate,0.12600000,0.01516575,0.10721720,0.14478280,5,100
wavelet_32_16,sinusoidal,chase,2.0,ambiguous_rate,0.00000000,0.00000000,0.00000000,0.00000000,5,100
wavelet_32_16,sinusoidal,chase,2.0,average_decoding_time_ms,0.63053460,0.01997980,0.60578959,0.65527961,5,100
wavelet_32_16,sinusoidal,chase,3.0,ber,0.02662500,0.00949506,0.01486535,0.03838465,5,100
wavelet_32_16,sinusoidal,chase,3.0,frame_error_rate,0.05400000,0.01949359,0.02985716,0.07814284,5,100
wavelet_32_16,sinusoidal,chase,3.0,failure_rate,0.00000000,0.00000000,0.00000000,0.00000000,5,100
wavelet_32_16,sinusoidal,chase,3.0,miscorrection_rate,0.05400000,0.01949359,0.02985716,0.07814284,5,100
wavelet_32_16,sinusoidal,chase,3.0,conditional_miscorrection_rate,0.05400000,0.01949359,0.02985716,0.07814284,5,100
wavelet_32_16,sinusoidal,chase,3.0,ambiguous_rate,0.00000000,0.00000000,0.00000000,0.00000000,5,100
wavelet_32_16,sinusoidal,chase,3.0,average_decoding_time_ms,0.67610960,0.01074480,0.66280215,0.68941705,5,100
wavelet_32_16,sinusoidal,chase,4.0,ber,0.00662500,0.00422973,0.00138647,0.01186353,5,100
wavelet_32_16,sinusoidal,chase,4.0,frame_error_rate,0.01400000,0.00894427,0.00292251,0.02507749,5,100
wavelet_32_16,sinusoidal,chase,4.0,failure_rate,0.00000000,0.00000000,0.00000000,0.00000000,5,100
wavelet_32_16,sinusoidal,chase,4.0,miscorrection_rate,0.01400000,0.00894427,0.00292251,0.02507749,5,100
wavelet_32_16,sinusoidal,chase,4.0,conditional_miscorrection_rate,0.01400000,0.00894427,0.00292251,0.02507749,5,100
wavelet_32_16,sinusoidal,chase,4.0,ambiguous_rate,0.00000000,0.00000000,0.00000000,0.00000000,5,100
wavelet_32_16,sinusoidal,chase,4.0,average_decoding_time_ms,0.71049020,0.07160807,0.62180351,0.79917689,5,100
wavelet_32_16,sinusoidal,chase,5.0,ber,0.00112500,0.00251558,0.00000000,0.00424054,5,100
wavelet_32_16,sinusoidal,chase,5.0,frame_error_rate,0.00200000,0.00447214,0.00000000,0.00753875,5,100
wavelet_32_16,sinusoidal,chase,5.0,failure_rate,0.00000000,0.00000000,0.00000000,0.00000000,5,100
wavelet_32_16,sinusoidal,chase,5.0,miscorrection_rate,0.00200000,0.00447214,0.00000000,0.00753875,5,100
wavelet_32_16,sinusoidal,chase,5.0,conditional_miscorrection_rate,0.00200000,0.00447214,0.00000000,0.00753875,5,100
wavelet_32_16,sinusoidal,chase,5.0,ambiguous_rate,0.00000000,0.00000000,0.00000000,0.00000000,5,100
wavelet_32_16,sinusoidal,chase,5.0,average_decoding_time_ms,0.71748340,0.01547939,0.69831216,0.73665464,5,100
wavelet_32_16,sinusoidal,chase,6.0,ber,0.00000000,0.00000000,0.00000000,0.00000000,5,100
wavelet_32_16,sinusoidal,chase,6.0,frame_error_rate,0.00000000,0.00000000,0.00000000,0.00000000,5,100
wavelet_32_16,sinusoidal,chase,6.0,failure_rate,0.00000000,0.00000000,0.00000000,0.00000000,5,100
wavelet_32_16,sinusoidal,chase,6.0,miscorrection_rate,0.00000000,0.00000000,0.00000000,0.00000000,5,100
wavelet_32_16,sinusoidal,chase,6.0,conditional_miscorrection_rate,0.00000000,0.00000000,0.00000000,0.00000000,5,100
wavelet_32_16,sinusoidal,chase,6.0,ambiguous_rate,0.00000000,0.00000000,0.00000000,0.00000000,5,100
wavelet_32_16,sinusoidal,chase,6.0,average_decoding_time_ms,0.71201920,0.02726263,0.67825439,0.74578401,5,100
wavelet_32_16,sinusoidal,hard_mld,0.0,ber,0.33875000,0.01346291,0.32207617,0.35542383,5,100
wavelet_32_16,sinusoidal,hard_mld,0.0,frame_error_rate,0.69600000,0.02509980,0.66491386,0.72708614,5,100
wavelet_32_16,sinusoidal,hard_mld,0.0,failure_rate,0.00000000,0.00000000,0.00000000,0.00000000,5,100
wavelet_32_16,sinusoidal,hard_mld,0.0,miscorrection_rate,0.69600000,0.02509980,0.66491386,0.72708614,5,100
wavelet_32_16,sinusoidal,hard_mld,0.0,conditional_miscorrection_rate,0.69600000,0.02509980,0.66491386,0.72708614,5,100
wavelet_32_16,sinusoidal,hard_mld,0.0,ambiguous_rate,0.59800000,0.04919350,0.53707379,0.65892621,5,100
wavelet_32_16,sinusoidal,hard_mld,0.0,average_decoding_time_ms,4.24737200,0.31810616,3.85339710,4.64134690,5,100
wavelet_32_16,sinusoidal,hard_mld,1.0,ber,0.26037500,0.01475450,0.24210153,0.27864847,5,100
wavelet_32_16,sinusoidal,hard_mld,1.0,frame_error_rate,0.54800000,0.02167948,0.52114993,0.57485007,5,100
wavelet_32_16,sinusoidal,hard_mld,1.0,failure_rate,0.00000000,0.00000000,0.00000000,0.00000000,5,100
wavelet_32_16,sinusoidal,hard_mld,1.0,miscorrection_rate,0.54800000,0.02167948,0.52114993,0.57485007,5,100
wavelet_32_16,sinusoidal,hard_mld,1.0,conditional_miscorrection_rate,0.54800000,0.02167948,0.52114993,0.57485007,5,100
wavelet_32_16,sinusoidal,hard_mld,1.0,ambiguous_rate,0.50600000,0.01516575,0.48721720,0.52478280,5,100
wavelet_32_16,sinusoidal,hard_mld,1.0,average_decoding_time_ms,4.01912220,0.04531893,3.96299464,4.07524976,5,100
wavelet_32_16,sinusoidal,hard_mld,2.0,ber,0.18537500,0.01353237,0.16861514,0.20213486,5,100
wavelet_32_16,sinusoidal,hard_mld,2.0,frame_error_rate,0.39400000,0.04393177,0.33959045,0.44840955,5,100
wavelet_32_16,sinusoidal,hard_mld,2.0,failure_rate,0.00000000,0.00000000,0.00000000,0.00000000,5,100
wavelet_32_16,sinusoidal,hard_mld,2.0,miscorrection_rate,0.39400000,0.04393177,0.33959045,0.44840955,5,100
wavelet_32_16,sinusoidal,hard_mld,2.0,conditional_miscorrection_rate,0.39400000,0.04393177,0.33959045,0.44840955,5,100
wavelet_32_16,sinusoidal,hard_mld,2.0,ambiguous_rate,0.38400000,0.04505552,0.32819868,0.43980132,5,100
wavelet_32_16,sinusoidal,hard_mld,2.0,average_decoding_time_ms,3.99024920,0.10173839,3.86424607,4.11625233,5,100
wavelet_32_16,sinusoidal,hard_mld,3.0,ber,0.12925000,0.01482581,0.11088821,0.14761179,5,100
wavelet_32_16,sinusoidal,hard_mld,3.0,frame_error_rate,0.27600000,0.04774935,0.21686237,0.33513763,5,100
wavelet_32_16,sinusoidal,hard_mld,3.0,failure_rate,0.00000000,0.00000000,0.00000000,0.00000000,5,100
wavelet_32_16,sinusoidal,hard_mld,3.0,miscorrection_rate,0.27600000,0.04774935,0.21686237,0.33513763,5,100
wavelet_32_16,sinusoidal,hard_mld,3.0,conditional_miscorrection_rate,0.27600000,0.04774935,0.21686237,0.33513763,5,100
wavelet_32_16,sinusoidal,hard_mld,3.0,ambiguous_rate,0.28600000,0.02880972,0.25031912,0.32168088,5,100
wavelet_32_16,sinusoidal,hard_mld,3.0,average_decoding_time_ms,4.00655880,0.14323691,3.82915970,4.18395790,5,100
wavelet_32_16,sinusoidal,hard_mld,4.0,ber,0.07375000,0.00719429,0.06483986,0.08266014,5,100
wavelet_32_16,sinusoidal,hard_mld,4.0,frame_error_rate,0.15200000,0.02387467,0.12243119,0.18156881,5,100
wavelet_32_16,sinusoidal,hard_mld,4.0,failure_rate,0.00000000,0.00000000,0.00000000,0.00000000,5,100
wavelet_32_16,sinusoidal,hard_mld,4.0,miscorrection_rate,0.15200000,0.02387467,0.12243119,0.18156881,5,100
wavelet_32_16,sinusoidal,hard_mld,4.0,conditional_miscorrection_rate,0.15200000,0.02387467,0.12243119,0.18156881,5,100
wavelet_32_16,sinusoidal,hard_mld,4.0,ambiguous_rate,0.18200000,0.05069517,0.11921397,0.24478603,5,100
wavelet_32_16,sinusoidal,hard_mld,4.0,average_decoding_time_ms,4.02346640,0.10043825,3.89907350,4.14785930,5,100
wavelet_32_16,sinusoidal,hard_mld,5.0,ber,0.02950000,0.01235383,0.01419976,0.04480024,5,100
wavelet_32_16,sinusoidal,hard_mld,5.0,frame_error_rate,0.06600000,0.02701851,0.03253754,0.09946246,5,100
wavelet_32_16,sinusoidal,hard_mld,5.0,failure_rate,0.00000000,0.00000000,0.00000000,0.00000000,5,100
wavelet_32_16,sinusoidal,hard_mld,5.0,miscorrection_rate,0.06600000,0.02701851,0.03253754,0.09946246,5,100
wavelet_32_16,sinusoidal,hard_mld,5.0,conditional_miscorrection_rate,0.06600000,0.02701851,0.03253754,0.09946246,5,100
wavelet_32_16,sinusoidal,hard_mld,5.0,ambiguous_rate,0.09000000,0.03082207,0.05182683,0.12817317,5,100
wavelet_32_16,sinusoidal,hard_mld,5.0,average_decoding_time_ms,4.05800160,0.11775834,3.91215774,4.20384546,5,100
wavelet_32_16,sinusoidal,hard_mld,6.0,ber,0.01512500,0.00659071,0.00696239,0.02328761,5,100
wavelet_32_16,sinusoidal,hard_mld,6.0,frame_error_rate,0.03200000,0.01303840,0.01585192,0.04814808,5,100
wavelet_32_16,sinusoidal,hard_mld,6.0,failure_rate,0.00000000,0.00000000,0.00000000,0.00000000,5,100
wavelet_32_16,sinusoidal,hard_mld,6.0,miscorrection_rate,0.03200000,0.01303840,0.01585192,0.04814808,5,100
wavelet_32_16,sinusoidal,hard_mld,6.0,conditional_miscorrection_rate,0.03200000,0.01303840,0.01585192,0.04814808,5,100
wavelet_32_16,sinusoidal,hard_mld,6.0,ambiguous_rate,0.05400000,0.01341641,0.03738376,0.07061624,5,100
wavelet_32_16,sinusoidal,hard_mld,6.0,average_decoding_time_ms,4.07247280,0.06052855,3.99750811,4.14743749,5,100
wavelet_32_16,sinusoidal,soft_mld,0.0,ber,0.20875000,0.02251302,0.18086760,0.23663240,5,100
wavelet_32_16,sinusoidal,soft_mld,0.0,frame_error_rate,0.42800000,0.04086563,0.37738786,0.47861214,5,100
wavelet_32_16,sinusoidal,soft_mld,0.0,failure_rate,0.00000000,0.00000000,0.00000000,0.00000000,5,100
wavelet_32_16,sinusoidal,soft_mld,0.0,miscorrection_rate,0.42800000,0.04086563,0.37738786,0.47861214,5,100
wavelet_32_16,sinusoidal,soft_mld,0.0,conditional_miscorrection_rate,0.42800000,0.04086563,0.37738786,0.47861214,5,100
wavelet_32_16,sinusoidal,soft_mld,0.0,ambiguous_rate,0.00000000,0.00000000,0.00000000,0.00000000,5,100
wavelet_32_16,sinusoidal,soft_mld,0.0,average_decoding_time_ms,0.76962740,0.01764496,0.74777410,0.79148070,5,100
wavelet_32_16,sinusoidal,soft_mld,1.0,ber,0.12262500,0.01746313,0.10099689,0.14425311,5,100
wavelet_32_16,sinusoidal,soft_mld,1.0,frame_error_rate,0.25400000,0.02792848,0.21941054,0.28858946,5,100
wavelet_32_16,sinusoidal,soft_mld,1.0,failure_rate,0.00000000,0.00000000,0.00000000,0.00000000,5,100
wavelet_32_16,sinusoidal,soft_mld,1.0,miscorrection_rate,0.25400000,0.02792848,0.21941054,0.28858946,5,100
wavelet_32_16,sinusoidal,soft_mld,1.0,conditional_miscorrection_rate,0.25400000,0.02792848,0.21941054,0.28858946,5,100
wavelet_32_16,sinusoidal,soft_mld,1.0,ambiguous_rate,0.00000000,0.00000000,0.00000000,0.00000000,5,100
wavelet_32_16,sinusoidal,soft_mld,1.0,average_decoding_time_ms,0.82775500,0.06345201,0.74916961,0.90634039,5,100
wavelet_32_16,sinusoidal,soft_mld,2.0,ber,0.05250000,0.01244519,0.03708661,0.06791339,5,100
wavelet_32_16,sinusoidal,soft_mld,2.0,frame_error_rate,0.10800000,0.01643168,0.08764935,0.12835065,5,100
wavelet_32_16,sinusoidal,soft_mld,2.0,failure_rate,0.00000000,0.00000000,0.00000000,0.00000000,5,100
wavelet_32_16,sinusoidal,soft_mld,2.0,miscorrection_rate,0.10800000,0.01643168,0.08764935,0.12835065,5,100
wavelet_32_16,sinusoidal,soft_mld,2.0,conditional_miscorrection_rate,0.10800000,0.01643168,0.08764935,0.12835065,5,100
wavelet_32_16,sinusoidal,soft_mld,2.0,ambiguous_rate,0.00000000,0.00000000,0.00000000,0.00000000,5,100
wavelet_32_16,sinusoidal,soft_mld,2.0,average_decoding_time_ms,0.77873340,0.02992676,0.74166907,0.81579773,5,100
wavelet_32_16,sinusoidal,soft_mld,3.0,ber,0.01937500,0.00494106,0.01325549,0.02549451,5,100
wavelet_32_16,sinusoidal,soft_mld,3.0,frame_error_rate,0.04000000,0.01414214,0.02248495,0.05751505,5,100
wavelet_32_16,sinusoidal,soft_mld,3.0,failure_rate,0.00000000,0.00000000,0.00000000,0.00000000,5,100
wavelet_32_16,sinusoidal,soft_mld,3.0,miscorrection_rate,0.04000000,0.01414214,0.02248495,0.05751505,5,100
wavelet_32_16,sinusoidal,soft_mld,3.0,conditional_miscorrection_rate,0.04000000,0.01414214,0.02248495,0.05751505,5,100
wavelet_32_16,sinusoidal,soft_mld,3.0,ambiguous_rate,0.00000000,0.00000000,0.00000000,0.00000000,5,100
wavelet_32_16,sinusoidal,soft_mld,3.0,average_decoding_time_ms,0.80173840,0.03814502,0.75449574,0.84898106,5,100
wavelet_32_16,sinusoidal,soft_mld,4.0,ber,0.00650000,0.00501171,0.00029300,0.01270700,5,100
wavelet_32_16,sinusoidal,soft_mld,4.0,frame_error_rate,0.01400000,0.01140175,0.00000000,0.02812109,5,100
wavelet_32_16,sinusoidal,soft_mld,4.0,failure_rate,0.00000000,0.00000000,0.00000000,0.00000000,5,100
wavelet_32_16,sinusoidal,soft_mld,4.0,miscorrection_rate,0.01400000,0.01140175,0.00000000,0.02812109,5,100
wavelet_32_16,sinusoidal,soft_mld,4.0,conditional_miscorrection_rate,0.01400000,0.01140175,0.00000000,0.02812109,5,100
wavelet_32_16,sinusoidal,soft_mld,4.0,ambiguous_rate,0.00000000,0.00000000,0.00000000,0.00000000,5,100
wavelet_32_16,sinusoidal,soft_mld,4.0,average_decoding_time_ms,0.80275780,0.04460274,0.74751725,0.85799835,5,100
wavelet_32_16,sinusoidal,soft_mld,5.0,ber,0.00000000,0.00000000,0.00000000,0.00000000,5,100
wavelet_32_16,sinusoidal,soft_mld,5.0,frame_error_rate,0.00000000,0.00000000,0.00000000,0.00000000,5,100
wavelet_32_16,sinusoidal,soft_mld,5.0,failure_rate,0.00000000,0.00000000,0.00000000,0.00000000,5,100
wavelet_32_16,sinusoidal,soft_mld,5.0,miscorrection_rate,0.00000000,0.00000000,0.00000000,0.00000000,5,100
wavelet_32_16,sinusoidal,soft_mld,5.0,conditional_miscorrection_rate,0.00000000,0.00000000,0.00000000,0.00000000,5,100
wavelet_32_16,sinusoidal,soft_mld,5.0,ambiguous_rate,0.00000000,0.00000000,0.00000000,0.00000000,5,100
wavelet_32_16,sinusoidal,soft_mld,5.0,average_decoding_time_ms,0.78080440,0.04316734,0.72734160,0.83426720,5,100
wavelet_32_16,sinusoidal,soft_mld,6.0,ber,0.00000000,0.00000000,0.00000000,0.00000000,5,100
wavelet_32_16,sinusoidal,soft_mld,6.0,frame_error_rate,0.00000000,0.00000000,0.00000000,0.00000000,5,100
wavelet_32_16,sinusoidal,soft_mld,6.0,failure_rate,0.00000000,0.00000000,0.00000000,0.00000000,5,100
wavelet_32_16,sinusoidal,soft_mld,6.0,miscorrection_rate,0.00000000,0.00000000,0.00000000,0.00000000,5,100
wavelet_32_16,sinusoidal,soft_mld,6.0,conditional_miscorrection_rate,0.00000000,0.00000000,0.00000000,0.00000000,5,100
wavelet_32_16,sinusoidal,soft_mld,6.0,ambiguous_rate,0.00000000,0.00000000,0.00000000,0.00000000,5,100
wavelet_32_16,sinusoidal,soft_mld,6.0,average_decoding_time_ms,0.78541140,0.03723143,0.73930023,0.83152257,5,100
bch_derived_32_16,rayleigh_awgn,syndrome,0.0,ber,0.97625000,0.01173436,0.96171697,0.99078303,5,100
bch_derived_32_16,rayleigh_awgn,syndrome,0.0,frame_error_rate,0.98400000,0.01673320,0.96327591,1.00472409,5,100
bch_derived_32_16,rayleigh_awgn,syndrome,0.0,failure_rate,0.97400000,0.01140175,0.95987891,0.98812109,5,100
bch_derived_32_16,rayleigh_awgn,syndrome,0.0,miscorrection_rate,0.01000000,0.01224745,0.00000000,0.02516848,5,100
bch_derived_32_16,rayleigh_awgn,syndrome,0.0,conditional_miscorrection_rate,0.46666667,0.50552503,0.00000000,1.09276008,5,100
bch_derived_32_16,rayleigh_awgn,syndrome,0.0,ambiguous_rate,0.00000000,0.00000000,0.00000000,0.00000000,5,100
bch_derived_32_16,rayleigh_awgn,syndrome,0.0,average_decoding_time_ms,0.03855420,0.01171223,0.02404859,0.05305981,5,100
bch_derived_32_16,rayleigh_awgn,syndrome,1.0,ber,0.97187500,0.01210307,0.95688533,0.98686467,5,100
bch_derived_32_16,rayleigh_awgn,syndrome,1.0,frame_error_rate,0.97800000,0.01643168,0.95764935,0.99835065,5,100
bch_derived_32_16,rayleigh_awgn,syndrome,1.0,failure_rate,0.97000000,0.01224745,0.95483152,0.98516848,5,100
bch_derived_32_16,rayleigh_awgn,syndrome,1.0,miscorrection_rate,0.00800000,0.01303840,0.00000000,0.02414808,5,100
bch_derived_32_16,rayleigh_awgn,syndrome,1.0,conditional_miscorrection_rate,0.25000000,0.43301270,0.00000000,0.78628680,5,100
bch_derived_32_16,rayleigh_awgn,syndrome,1.0,ambiguous_rate,0.00000000,0.00000000,0.00000000,0.00000000,5,100
bch_derived_32_16,rayleigh_awgn,syndrome,1.0,average_decoding_time_ms,0.04564920,0.00456241,0.03999864,0.05129976,5,100
bch_derived_32_16,rayleigh_awgn,syndrome,2.0,ber,0.92537500,0.00955657,0.91353917,0.93721083,5,100
bch_derived_32_16,rayleigh_awgn,syndrome,2.0,frame_error_rate,0.93000000,0.01000000,0.91761499,0.94238501,5,100
bch_derived_32_16,rayleigh_awgn,syndrome,2.0,failure_rate,0.92400000,0.01140175,0.90987891,0.93812109,5,100
bch_derived_32_16,rayleigh_awgn,syndrome,2.0,miscorrection_rate,0.00600000,0.01341641,0.00000000,0.02261624,5,100
bch_derived_32_16,rayleigh_awgn,syndrome,2.0,conditional_miscorrection_rate,0.06666667,0.14907120,0.00000000,0.25129154,5,100
bch_derived_32_16,rayleigh_awgn,syndrome,2.0,ambiguous_rate,0.00000000,0.00000000,0.00000000,0.00000000,5,100
bch_derived_32_16,rayleigh_awgn,syndrome,2.0,average_decoding_time_ms,0.03951680,0.01199370,0.02466259,0.05437101,5,100
bch_derived_32_16,rayleigh_awgn,syndrome,3.0,ber,0.88687500,0.02103754,0.86081998,0.91293002,5,100
bch_derived_32_16,rayleigh_awgn,syndrome,3.0,frame_error_rate,0.88800000,0.02167948,0.86114993,0.91485007,5,100
bch_derived_32_16,rayleigh_awgn,syndrome,3.0,failure_rate,0.88600000,0.02073644,0.86031789,0.91168211,5,100
bch_derived_32_16,rayleigh_awgn,syndrome,3.0,miscorrection_rate,0.00200000,0.00447214,0.00000000,0.00753875,5,100
bch_derived_32_16,rayleigh_awgn,syndrome,3.0,conditional_miscorrection_rate,0.01818182,0.04065578,0.00000000,0.06853406,5,100
bch_derived_32_16,rayleigh_awgn,syndrome,3.0,ambiguous_rate,0.00000000,0.00000000,0.00000000,0.00000000,5,100
bch_derived_32_16,rayleigh_awgn,syndrome,3.0,average_decoding_time_ms,0.04163220,0.00142478,0.03986761,0.04339679,5,100
bch_derived_32_16,rayleigh_awgn,syndrome,4.0,ber,0.81250000,0.02248263,0.78465523,0.84034477,5,100
bch_derived_32_16,rayleigh_awgn,syndrome,4.0,frame_error_rate,0.81600000,0.02073644,0.79031789,0.84168211,5,100
bch_derived_32_16,rayleigh_awgn,syndrome,4.0,failure_rate,0.81200000,0.02280351,0.78375782,0.84024218,5,100
bch_derived_32_16,rayleigh_awgn,syndrome,4.0,miscorrection_rate,0.00400000,0.00547723,0.00000000,0.01078355,5,100
bch_derived_32_16,rayleigh_awgn,syndrome,4.0,conditional_miscorrection_rate,0.02020202,0.02789233,0.00000000,0.05474670,5,100
bch_derived_32_16,rayleigh_awgn,syndrome,4.0,ambiguous_rate,0.00000000,0.00000000,0.00000000,0.00000000,5,100
bch_derived_32_16,rayleigh_awgn,syndrome,4.0,average_decoding_time_ms,0.04389600,0.00299851,0.04018235,0.04760965,5,100
bch_derived_32_16,rayleigh_awgn,syndrome,5.0,ber,0.71075000,0.04029530,0.66084422,0.76065578,5,100
bch_derived_32_16,rayleigh_awgn,syndrome,5.0,frame_error_rate,0.71600000,0.03974921,0.66677055,0.76522945,5,100
bch_derived_32_16,rayleigh_awgn,syndrome,5.0,failure_rate,0.71000000,0.04062019,0.65969184,0.76030816,5,100
bch_derived_32_16,rayleigh_awgn,syndrome,5.0,miscorrection_rate,0.00600000,0.00894427,0.00000000,0.01707749,5,100
bch_derived_32_16,rayleigh_awgn,syndrome,5.0,conditional_miscorrection_rate,0.02004608,0.02927718,0.00000000,0.05630591,5,100
bch_derived_32_16,rayleigh_awgn,syndrome,5.0,ambiguous_rate,0.00000000,0.00000000,0.00000000,0.00000000,5,100
bch_derived_32_16,rayleigh_awgn,syndrome,5.0,average_decoding_time_ms,0.04923920,0.01768474,0.02733663,0.07114177,5,100
bch_derived_32_16,rayleigh_awgn,syndrome,6.0,ber,0.62262500,0.04264772,0.56980574,0.67544426,5,100
bch_derived_32_16,rayleigh_awgn,syndrome,6.0,frame_error_rate,0.62600000,0.04335897,0.57229986,0.67970014,5,100
bch_derived_32_16,rayleigh_awgn,syndrome,6.0,failure_rate,0.62200000,0.04266146,0.56916373,0.67483627,5,100
bch_derived_32_16,rayleigh_awgn,syndrome,6.0,miscorrection_rate,0.00400000,0.00894427,0.00000000,0.01507749,5,100
bch_derived_32_16,rayleigh_awgn,syndrome,6.0,conditional_miscorrection_rate,0.01052632,0.02353756,0.00000000,0.03967761,5,100
bch_derived_32_16,rayleigh_awgn,syndrome,6.0,ambiguous_rate,0.00000000,0.00000000,0.00000000,0.00000000,5,100
bch_derived_32_16,rayleigh_awgn,syndrome,6.0,average_decoding_time_ms,0.03825380,0.00979780,0.02611921,0.05038839,5,100
bch_derived_32_16,rayleigh_awgn,chase,0.0,ber,0.73537500,0.03614911,0.69060429,0.78014571,5,100
bch_derived_32_16,rayleigh_awgn,chase,0.0,frame_error_rate,0.86600000,0.01140175,0.85187891,0.88012109,5,100
bch_derived_32_16,rayleigh_awgn,chase,0.0,failure_rate,0.68400000,0.05029911,0.62170449,0.74629551,5,100
bch_derived_32_16,rayleigh_awgn,chase,0.0,miscorrection_rate,0.18200000,0.05215362,0.11740767,0.24659233,5,100
bch_derived_32_16,rayleigh_awgn,chase,0.0,conditional_miscorrection_rate,0.56777344,0.07338269,0.47688889,0.65865800,5,100
bch_derived_32_16,rayleigh_awgn,chase,0.0,ambiguous_rate,0.00000000,0.00000000,0.00000000,0.00000000,5,100
bch_derived_32_16,rayleigh_awgn,chase,0.0,average_decoding_time_ms,0.29266500,0.01260089,0.27705878,0.30827122,5,100
bch_derived_32_16,rayleigh_awgn,chase,1.0,ber,0.68137500,0.03108519,0.64287595,0.71987405,5,100
bch_derived_32_16,rayleigh_awgn,chase,1.0,frame_error_rate,0.79000000,0.03162278,0.75083515,0.82916485,5,100
bch_derived_32_16,rayleigh_awgn,chase,1.0,failure_rate,0.64000000,0.03937004,0.59124015,0.68875985,5,100
bch_derived_32_16,rayleigh_awgn,chase,1.0,miscorrection_rate,0.15000000,0.03535534,0.10621237,0.19378763,5,100
bch_derived_32_16,rayleigh_awgn,chase,1.0,conditional_miscorrection_rate,0.41545887,0.07454734,0.32313190,0.50778585,5,100
bch_derived_32_16,rayleigh_awgn,chase,1.0,ambiguous_rate,0.00000000,0.00000000,0.00000000,0.00000000,5,100
bch_derived_32_16,rayleigh_awgn,chase,1.0,average_decoding_time_ms,0.27717600,0.02041512,0.25189185,0.30246015,5,100
bch_derived_32_16,rayleigh_awgn,chase,2.0,ber,0.58025000,0.04761827,0.52127471,0.63922529,5,100
bch_derived_32_16,rayleigh_awgn,chase,2.0,frame_error_rate,0.66800000,0.06723095,0.58473439,0.75126561,5,100
bch_derived_32_16,rayleigh_awgn,chase,2.0,failure_rate,0.54800000,0.05310367,0.48223103,0.61376897,5,100
bch_derived_32_16,rayleigh_awgn,chase,2.0,miscorrection_rate,0.12000000,0.06324555,0.04167030,0.19832970,5,100
bch_derived_32_16,rayleigh_awgn,chase,2.0,conditional_miscorrection_rate,0.26496632,0.12619103,0.10867857,0.42125407,5,100
bch_derived_32_16,rayleigh_awgn,chase,2.0,ambiguous_rate,0.00000000,0.00000000,0.00000000,0.00000000,5,100
bch_derived_32_16,rayleigh_awgn,chase,2.0,average_decoding_time_ms,0.28629180,0.00442234,0.28081473,0.29176887,5,100
bch_derived_32_16,rayleigh_awgn,chase,3.0,ber,0.47787500,0.02551271,0.44627747,0.50947253,5,100
bch_derived_32_16,rayleigh_awgn,chase,3.0,frame_error_rate,0.55200000,0.04764452,0.49299220,0.61100780,5,100
bch_derived_32_16,rayleigh_awgn,chase,3.0,failure_rate,0.45200000,0.02387467,0.42243119,0.48156881,5,100
bch_derived_32_16,rayleigh_awgn,chase,3.0,miscorrection_rate,0.10000000,0.03000000,0.06284496,0.13715504,5,100
bch_derived_32_16,rayleigh_awgn,chase,3.0,conditional_miscorrection_rate,0.18383622,0.05926190,0.11044028,0.25723217,5,100
bch_derived_32_16,rayleigh_awgn,chase,3.0,ambiguous_rate,0.00000000,0.00000000,0.00000000,0.00000000,5,100
bch_derived_32_16,rayleigh_awgn,chase,3.0,average_decoding_time_ms,0.28680500,0.01249970,0.27132410,0.30228590,5,100
bch_derived_32_16,rayleigh_awgn,chase,4.0,ber,0.35725000,0.02217914,0.32978111,0.38471889,5,100
bch_derived_32_16,rayleigh_awgn,chase,4.0,frame_error_rate,0.42200000,0.04381780,0.36773159,0.47626841,5,100
bch_derived_32_16,rayleigh_awgn,chase,4.0,failure_rate,0.33800000,0.01923538,0.31417695,0.36182305,5,100
bch_derived_32_16,rayleigh_awgn,chase,4.0,miscorrection_rate,0.08400000,0.02701851,0.05053754,0.11746246,5,100
bch_derived_32_16,rayleigh_awgn,chase,4.0,conditional_miscorrection_rate,0.12775719,0.04541044,0.07151630,0.18399808,5,100
bch_derived_32_16,rayleigh_awgn,chase,4.0,ambiguous_rate,0.00000000,0.00000000,0.00000000,0.00000000,5,100
bch_derived_32_16,rayleigh_awgn,chase,4.0,average_decoding_time_ms,0.29112200,0.03393602,0.24909219,0.33315181,5,100
bch_derived_32_16,rayleigh_awgn,chase,5.0,ber,0.23737500,0.03176882,0.19802928,0.27672072,5,100
bch_derived_32_16,rayleigh_awgn,chase,5.0,frame_error_rate,0.28800000,0.04266146,0.23516373,0.34083627,5,100
bch_derived_32_16,rayleigh_awgn,chase,5.0,failure_rate,0.22400000,0.03049590,0.18623079,0.26176921,5,100
bch_derived_32_16,rayleigh_awgn,chase,5.0,miscorrection_rate,0.06400000,0.01516575,0.04521720,0.08278280,5,100
bch_derived_32_16,rayleigh_awgn,chase,5.0,conditional_miscorrection_rate,0.08302375,0.02256922,0.05507175,0.11097576,5,100
bch_derived_32_16,rayleigh_awgn,chase,5.0,ambiguous_rate,0.00000000,0.00000000,0.00000000,0.00000000,5,100
bch_derived_32_16,rayleigh_awgn,chase,5.0,average_decoding_time_ms,0.27681000,0.05660428,0.20670552,0.34691448,5,100
bch_derived_32_16,rayleigh_awgn,chase,6.0,ber,0.14100000,0.03680767,0.09541365,0.18658635,5,100
bch_derived_32_16,rayleigh_awgn,chase,6.0,frame_error_rate,0.17000000,0.04183300,0.11818977,0.22181023,5,100
bch_derived_32_16,rayleigh_awgn,chase,6.0,failure_rate,0.13200000,0.03563706,0.08786346,0.17613654,5,100
bch_derived_32_16,rayleigh_awgn,chase,6.0,miscorrection_rate,0.03800000,0.01923538,0.01417695,0.06182305,5,100
bch_derived_32_16,rayleigh_awgn,chase,6.0,conditional_miscorrection_rate,0.04392125,0.02291515,0.01554080,0.07230169,5,100
bch_derived_32_16,rayleigh_awgn,chase,6.0,ambiguous_rate,0.00000000,0.00000000,0.00000000,0.00000000,5,100
bch_derived_32_16,rayleigh_awgn,chase,6.0,average_decoding_time_ms,0.27961360,0.05983063,0.20551329,0.35371391,5,100
bch_derived_32_16,rayleigh_awgn,hard_mld,0.0,ber,0.26862500,0.01177093,0.25404669,0.28320331,5,100
bch_derived_32_16,rayleigh_awgn,hard_mld,0.0,frame_error_rate,0.87400000,0.00894427,0.86292251,0.88507749,5,100
bch_derived_32_16,rayleigh_awgn,hard_mld,0.0,failure_rate,0.00000000,0.00000000,0.00000000,0.00000000,5,100
bch_derived_32_16,rayleigh_awgn,hard_mld,0.0,miscorrection_rate,0.87400000,0.00894427,0.86292251,0.88507749,5,100
bch_derived_32_16,rayleigh_awgn,hard_mld,0.0,conditional_miscorrection_rate,0.87400000,0.00894427,0.86292251,0.88507749,5,100
bch_derived_32_16,rayleigh_awgn,hard_mld,0.0,ambiguous_rate,0.54800000,0.03768289,0.50132969,0.59467031,5,100
bch_derived_32_16,rayleigh_awgn,hard_mld,0.0,average_decoding_time_ms,4.40290380,0.47876686,3.80995042,4.99585718,5,100
bch_derived_32_16,rayleigh_awgn,hard_mld,1.0,ber,0.23275000,0.01324794,0.21634241,0.24915759,5,100
bch_derived_32_16,rayleigh_awgn,hard_mld,1.0,frame_error_rate,0.78800000,0.02387467,0.75843119,0.81756881,5,100
bch_derived_32_16,rayleigh_awgn,hard_mld,1.0,failure_rate,0.00000000,0.00000000,0.00000000,0.00000000,5,100
bch_derived_32_16,rayleigh_awgn,hard_mld,1.0,miscorrection_rate,0.78800000,0.02387467,0.75843119,0.81756881,5,100
bch_derived_32_16,rayleigh_awgn,hard_mld,1.0,conditional_miscorrection_rate,0.78800000,0.02387467,0.75843119,0.81756881,5,100
bch_derived_32_16,rayleigh_awgn,hard_mld,1.0,ambiguous_rate,0.51200000,0.02863564,0.47653472,0.54746528,5,100
bch_derived_32_16,rayleigh_awgn,hard_mld,1.0,average_decoding_time_ms,4.35790540,0.52946272,3.70216514,5.01364566,5,100
bch_derived_32_16,rayleigh_awgn,hard_mld,2.0,ber,0.19537500,0.01390256,0.17815666,0.21259334,5,100
bch_derived_32_16,rayleigh_awgn,hard_mld,2.0,frame_error_rate,0.68800000,0.04604346,0.63097512,0.74502488,5,100
bch_derived_32_16,rayleigh_awgn,hard_mld,2.0,failure_rate,0.00000000,0.00000000,0.00000000,0.00000000,5,100
bch_derived_32_16,rayleigh_awgn,hard_mld,2.0,miscorrection_rate,0.68800000,0.04604346,0.63097512,0.74502488,5,100
bch_derived_32_16,rayleigh_awgn,hard_mld,2.0,conditional_miscorrection_rate,0.68800000,0.04604346,0.63097512,0.74502488,5,100
bch_derived_32_16,rayleigh_awgn,hard_mld,2.0,ambiguous_rate,0.46800000,0.06058052,0.39297094,0.54302906,5,100
bch_derived_32_16,rayleigh_awgn,hard_mld,2.0,average_decoding_time_ms,4.11095480,0.22765950,3.82899821,4.39291139,5,100
bch_derived_32_16,rayleigh_awgn,hard_mld,3.0,ber,0.16275000,0.01209177,0.14777433,0.17772567,5,100
bch_derived_32_16,rayleigh_awgn,hard_mld,3.0,frame_error_rate,0.57800000,0.05069517,0.51521397,0.64078603,5,100
bch_derived_32_16,rayleigh_awgn,hard_mld,3.0,failure_rate,0.00000000,0.00000000,0.00000000,0.00000000,5,100
bch_derived_32_16,rayleigh_awgn,hard_mld,3.0,miscorrection_rate,0.57800000,0.05069517,0.51521397,0.64078603,5,100
bch_derived_32_16,rayleigh_awgn,hard_mld,3.0,conditional_miscorrection_rate,0.57800000,0.05069517,0.51521397,0.64078603,5,100
bch_derived_32_16,rayleigh_awgn,hard_mld,3.0,ambiguous_rate,0.40800000,0.02774887,0.37363298,0.44236702,5,100
bch_derived_32_16,rayleigh_awgn,hard_mld,3.0,average_decoding_time_ms,4.04021060,0.13035316,3.87876804,4.20165316,5,100
bch_derived_32_16,rayleigh_awgn,hard_mld,4.0,ber,0.12512500,0.01535008,0.10611390,0.14413610,5,100
bch_derived_32_16,rayleigh_awgn,hard_mld,4.0,frame_error_rate,0.44600000,0.05683309,0.37561215,0.51638785,5,100
bch_derived_32_16,rayleigh_awgn,hard_mld,4.0,failure_rate,0.00000000,0.00000000,0.00000000,0.00000000,5,100
bch_derived_32_16,rayleigh_awgn,hard_mld,4.0,miscorrection_rate,0.44600000,0.05683309,0.37561215,0.51638785,5,100
bch_derived_32_16,rayleigh_awgn,hard_mld,4.0,conditional_miscorrection_rate,0.44600000,0.05683309,0.37561215,0.51638785,5,100
bch_derived_32_16,rayleigh_awgn,hard_mld,4.0,ambiguous_rate,0.33600000,0.04159327,0.28448668,0.38751332,5,100
bch_derived_32_16,rayleigh_awgn,hard_mld,4.0,average_decoding_time_ms,3.98120780,0.19957729,3.73403107,4.22838453,5,100
bch_derived_32_16,rayleigh_awgn,hard_mld,5.0,ber,0.08925000,0.01159539,0.07488909,0.10361091,5,100
bch_derived_32_16,rayleigh_awgn,hard_mld,5.0,frame_error_rate,0.33400000,0.04979960,0.27232313,0.39567687,5,100
bch_derived_32_16,rayleigh_awgn,hard_mld,5.0,failure_rate,0.00000000,0.00000000,0.00000000,0.00000000,5,100
bch_derived_32_16,rayleigh_awgn,hard_mld,5.0,miscorrection_rate,0.33400000,0.04979960,0.27232313,0.39567687,5,100
bch_derived_32_16,rayleigh_awgn,hard_mld,5.0,conditional_miscorrection_rate,0.33400000,0.04979960,0.27232313,0.39567687,5,100
bch_derived_32_16,rayleigh_awgn,hard_mld,5.0,ambiguous_rate,0.23400000,0.04335897,0.18029986,0.28770014,5,100
bch_derived_32_16,rayleigh_awgn,hard_mld,5.0,average_decoding_time_ms,3.75147080,0.54074984,3.08175142,4.42119018,5,100
bch_derived_32_16,rayleigh_awgn,hard_mld,6.0,ber,0.05875000,0.01091516,0.04523157,0.07226843,5,100
bch_derived_32_16,rayleigh_awgn,hard_mld,6.0,frame_error_rate,0.23000000,0.05787918,0.15831655,0.30168345,5,100
bch_derived_32_16,rayleigh_awgn,hard_mld,6.0,failure_rate,0.00000000,0.00000000,0.00000000,0.00000000,5,100
bch_derived_32_16,rayleigh_awgn,hard_mld,6.0,miscorrection_rate,0.23000000,0.05787918,0.15831655,0.30168345,5,100
bch_derived_32_16,rayleigh_awgn,hard_mld,6.0,conditional_miscorrection_rate,0.23000000,0.05787918,0.15831655,0.30168345,5,100
bch_derived_32_16,rayleigh_awgn,hard_mld,6.0,ambiguous_rate,0.17200000,0.04438468,0.11702951,0.22697049,5,100
bch_derived_32_16,rayleigh_awgn,hard_mld,6.0,average_decoding_time_ms,3.72833720,0.65376948,2.91864285,4.53803155,5,100
bch_derived_32_16,rayleigh_awgn,soft_mld,0.0,ber,0.20225000,0.01413937,0.18473837,0.21976163,5,100
bch_derived_32_16,rayleigh_awgn,soft_mld,0.0,frame_error_rate,0.69600000,0.04037326,0.64599767,0.74600233,5,100
bch_derived_32_16,rayleigh_awgn,soft_mld,0.0,failure_rate,0.00000000,0.00000000,0.00000000,0.00000000,5,100
bch_derived_32_16,rayleigh_awgn,soft_mld,0.0,miscorrection_rate,0.69600000,0.04037326,0.64599767,0.74600233,5,100
bch_derived_32_16,rayleigh_awgn,soft_mld,0.0,conditional_miscorrection_rate,0.69600000,0.04037326,0.64599767,0.74600233,5,100
bch_derived_32_16,rayleigh_awgn,soft_mld,0.0,ambiguous_rate,0.00000000,0.00000000,0.00000000,0.00000000,5,100
bch_derived_32_16,rayleigh_awgn,soft_mld,0.0,average_decoding_time_ms,0.93122140,0.16197770,0.73061180,1.13183100,5,100
bch_derived_32_16,rayleigh_awgn,soft_mld,1.0,ber,0.16487500,0.01325383,0.14846011,0.18128989,5,100
bch_derived_32_16,rayleigh_awgn,soft_mld,1.0,frame_error_rate,0.57800000,0.04147288,0.52663578,0.62936422,5,100
bch_derived_32_16,rayleigh_awgn,soft_mld,1.0,failure_rate,0.00000000,0.00000000,0.00000000,0.00000000,5,100
bch_derived_32_16,rayleigh_awgn,soft_mld,1.0,miscorrection_rate,0.57800000,0.04147288,0.52663578,0.62936422,5,100
bch_derived_32_16,rayleigh_awgn,soft_mld,1.0,conditional_miscorrection_rate,0.57800000,0.04147288,0.52663578,0.62936422,5,100
bch_derived_32_16,rayleigh_awgn,soft_mld,1.0,ambiguous_rate,0.00000000,0.00000000,0.00000000,0.00000000,5,100
bch_derived_32_16,rayleigh_awgn,soft_mld,1.0,average_decoding_time_ms,0.88251460,0.21823583,0.61222923,1.15279997,5,100
bch_derived_32_16,rayleigh_awgn,soft_mld,2.0,ber,0.11100000,0.01388147,0.09380778,0.12819222,5,100
bch_derived_32_16,rayleigh_awgn,soft_mld,2.0,frame_error_rate,0.40200000,0.05310367,0.33623103,0.46776897,5,100
bch_derived_32_16,rayleigh_awgn,soft_mld,2.0,failure_rate,0.00000000,0.00000000,0.00000000,0.00000000,5,100
bch_derived_32_16,rayleigh_awgn,soft_mld,2.0,miscorrection_rate,0.40200000,0.05310367,0.33623103,0.46776897,5,100
bch_derived_32_16,rayleigh_awgn,soft_mld,2.0,conditional_miscorrection_rate,0.40200000,0.05310367,0.33623103,0.46776897,5,100
bch_derived_32_16,rayleigh_awgn,soft_mld,2.0,ambiguous_rate,0.00000000,0.00000000,0.00000000,0.00000000,5,100
bch_derived_32_16,rayleigh_awgn,soft_mld,2.0,average_decoding_time_ms,0.86567860,0.10245807,0.73878415,0.99257305,5,100
bch_derived_32_16,rayleigh_awgn,soft_mld,3.0,ber,0.07175000,0.01663252,0.05115061,0.09234939,5,100
bch_derived_32_16,rayleigh_awgn,soft_mld,3.0,frame_error_rate,0.27200000,0.06140033,0.19595562,0.34804438,5,100
bch_derived_32_16,rayleigh_awgn,soft_mld,3.0,failure_rate,0.00000000,0.00000000,0.00000000,0.00000000,5,100
bch_derived_32_16,rayleigh_awgn,soft_mld,3.0,miscorrection_rate,0.27200000,0.06140033,0.19595562,0.34804438,5,100
bch_derived_32_16,rayleigh_awgn,soft_mld,3.0,conditional_miscorrection_rate,0.27200000,0.06140033,0.19595562,0.34804438,5,100
bch_derived_32_16,rayleigh_awgn,soft_mld,3.0,ambiguous_rate,0.00000000,0.00000000,0.00000000,0.00000000,5,100
bch_derived_32_16,rayleigh_awgn,soft_mld,3.0,average_decoding_time_ms,0.80150940,0.06075423,0.72626520,0.87675360,5,100
bch_derived_32_16,rayleigh_awgn,soft_mld,4.0,ber,0.04150000,0.01345275,0.02483875,0.05816125,5,100
bch_derived_32_16,rayleigh_awgn,soft_mld,4.0,frame_error_rate,0.16200000,0.04764452,0.10299220,0.22100780,5,100
bch_derived_32_16,rayleigh_awgn,soft_mld,4.0,failure_rate,0.00000000,0.00000000,0.00000000,0.00000000,5,100
bch_derived_32_16,rayleigh_awgn,soft_mld,4.0,miscorrection_rate,0.16200000,0.04764452,0.10299220,0.22100780,5,100
bch_derived_32_16,rayleigh_awgn,soft_mld,4.0,conditional_miscorrection_rate,0.16200000,0.04764452,0.10299220,0.22100780,5,100
bch_derived_32_16,rayleigh_awgn,soft_mld,4.0,ambiguous_rate,0.00000000,0.00000000,0.00000000,0.00000000,5,100
bch_derived_32_16,rayleigh_awgn,soft_mld,4.0,average_decoding_time_ms,0.80553360,0.07640773,0.71090253,0.90016467,5,100
bch_derived_32_16,rayleigh_awgn,soft_mld,5.0,ber,0.02012500,0.00751821,0.01081369,0.02943631,5,100
bch_derived_32_16,rayleigh_awgn,soft_mld,5.0,frame_error_rate,0.08600000,0.02880972,0.05031912,0.12168088,5,100
bch_derived_32_16,rayleigh_awgn,soft_mld,5.0,failure_rate,0.00000000,0.00000000,0.00000000,0.00000000,5,100
bch_derived_32_16,rayleigh_awgn,soft_mld,5.0,miscorrection_rate,0.08600000,0.02880972,0.05031912,0.12168088,5,100
bch_derived_32_16,rayleigh_awgn,soft_mld,5.0,conditional_miscorrection_rate,0.08600000,0.02880972,0.05031912,0.12168088,5,100
bch_derived_32_16,rayleigh_awgn,soft_mld,5.0,ambiguous_rate,0.00000000,0.00000000,0.00000000,0.00000000,5,100
bch_derived_32_16,rayleigh_awgn,soft_mld,5.0,average_decoding_time_ms,0.81120160,0.10623126,0.67963404,0.94276916,5,100
bch_derived_32_16,rayleigh_awgn,soft_mld,6.0,ber,0.00850000,0.00240442,0.00552212,0.01147788,5,100
bch_derived_32_16,rayleigh_awgn,soft_mld,6.0,frame_error_rate,0.03000000,0.00707107,0.02124247,0.03875753,5,100
bch_derived_32_16,rayleigh_awgn,soft_mld,6.0,failure_rate,0.00000000,0.00000000,0.00000000,0.00000000,5,100
bch_derived_32_16,rayleigh_awgn,soft_mld,6.0,miscorrection_rate,0.03000000,0.00707107,0.02124247,0.03875753,5,100
bch_derived_32_16,rayleigh_awgn,soft_mld,6.0,conditional_miscorrection_rate,0.03000000,0.00707107,0.02124247,0.03875753,5,100
bch_derived_32_16,rayleigh_awgn,soft_mld,6.0,ambiguous_rate,0.00000000,0.00000000,0.00000000,0.00000000,5,100
bch_derived_32_16,rayleigh_awgn,soft_mld,6.0,average_decoding_time_ms,0.77493600,0.11735437,0.62959246,0.92027954,5,100
bch_derived_32_16,rayleigh,syndrome,0.0,ber,0.84062500,0.02531057,0.80927782,0.87197218,5,100
bch_derived_32_16,rayleigh,syndrome,0.0,frame_error_rate,0.84800000,0.02167948,0.82114993,0.87485007,5,100
bch_derived_32_16,rayleigh,syndrome,0.0,failure_rate,0.83800000,0.02774887,0.80363298,0.87236702,5,100
bch_derived_32_16,rayleigh,syndrome,0.0,miscorrection_rate,0.01000000,0.01732051,0.00000000,0.03145147,5,100
bch_derived_32_16,rayleigh,syndrome,0.0,conditional_miscorrection_rate,0.05386997,0.09120262,0.00000000,0.16682453,5,100
bch_derived_32_16,rayleigh,syndrome,0.0,ambiguous_rate,0.00000000,0.00000000,0.00000000,0.00000000,5,100
bch_derived_32_16,rayleigh,syndrome,0.0,average_decoding_time_ms,0.03807220,0.01060883,0.02493315,0.05121125,5,100
bch_derived_32_16,rayleigh,syndrome,1.0,ber,0.78137500,0.02866972,0.74586751,0.81688249,5,100
bch_derived_32_16,rayleigh,syndrome,1.0,frame_error_rate,0.78600000,0.02302173,0.75748756,0.81451244,5,100
bch_derived_32_16,rayleigh,syndrome,1.0,failure_rate,0.78000000,0.03082207,0.74182683,0.81817317,5,100
bch_derived_32_16,rayleigh,syndrome,1.0,miscorrection_rate,0.00600000,0.01341641,0.00000000,0.02261624,5,100
bch_derived_32_16,rayleigh,syndrome,1.0,conditional_miscorrection_rate,0.02307692,0.05160157,0.00000000,0.08698553,5,100
bch_derived_32_16,rayleigh,syndrome,1.0,ambiguous_rate,0.00000000,0.00000000,0.00000000,0.00000000,5,100
bch_derived_32_16,rayleigh,syndrome,1.0,average_decoding_time_ms,0.04601580,0.00913587,0.03470102,0.05733058,5,100
bch_derived_32_16,rayleigh,syndrome,2.0,ber,0.71537500,0.04247150,0.66277399,0.76797601,5,100
bch_derived_32_16,rayleigh,syndrome,2.0,frame_error_rate,0.72000000,0.04000000,0.67045995,0.76954005,5,100
bch_derived_32_16,rayleigh,syndrome,2.0,failure_rate,0.71200000,0.04438468,0.65702951,0.76697049,5,100
bch_derived_32_16,rayleigh,syndrome,2.0,miscorrection_rate,0.00800000,0.00836660,0.00000000,0.01836205,5,100
bch_derived_32_16,rayleigh,syndrome,2.0,conditional_miscorrection_rate,0.02596801,0.02657338,0.00000000,0.05887917,5,100
bch_derived_32_16,rayleigh,syndrome,2.0,ambiguous_rate,0.00000000,0.00000000,0.00000000,0.00000000,5,100
bch_derived_32_16,rayleigh,syndrome,2.0,average_decoding_time_ms,0.04357160,0.00332535,0.03945314,0.04769006,5,100
bch_derived_32_16,rayleigh,syndrome,3.0,ber,0.63875000,0.03493297,0.59548547,0.68201453,5,100
bch_derived_32_16,rayleigh,syndrome,3.0,frame_error_rate,0.64000000,0.03391165,0.59800038,0.68199962,5,100
bch_derived_32_16,rayleigh,syndrome,3.0,failure_rate,0.63800000,0.03563706,0.59386346,0.68213654,5,100
bch_derived_32_16,rayleigh,syndrome,3.0,miscorrection_rate,0.00200000,0.00447214,0.00000000,0.00753875,5,100
bch_derived_32_16,rayleigh,syndrome,3.0,conditional_miscorrection_rate,0.00512821,0.01146702,0.00000000,0.01933012,5,100
bch_derived_32_16,rayleigh,syndrome,3.0,ambiguous_rate,0.00000000,0.00000000,0.00000000,0.00000000,5,100
bch_derived_32_16,rayleigh,syndrome,3.0,average_decoding_time_ms,0.03617160,0.01693981,0.01519162,0.05715158,5,100
bch_derived_32_16,rayleigh,syndrome,4.0,ber,0.57162500,0.03819052,0.52432599,0.61892401,5,100
bch_derived_32_16,rayleigh,syndrome,4.0,frame_error_rate,0.57400000,0.04037326,0.52399767,0.62400233,5,100
bch_derived_32_16,rayleigh,syndrome,4.0,failure_rate,0.57000000,0.03741657,0.52365952,0.61634048,5,100
bch_derived_32_16,rayleigh,syndrome,4.0,miscorrection_rate,0.00400000,0.00547723,0.00000000,0.01078355,5,100
bch_derived_32_16,rayleigh,syndrome,4.0,conditional_miscorrection_rate,0.00980861,0.01349079,0.00000000,0.02651697,5,100
bch_derived_32_16,rayleigh,syndrome,4.0,ambiguous_rate,0.00000000,0.00000000,0.00000000,0.00000000,5,100
bch_derived_32_16,rayleigh,syndrome,4.0,average_decoding_time_ms,0.03546980,0.00963641,0.02353509,0.04740451,5,100
bch_derived_32_16,rayleigh,syndrome,5.0,ber,0.48975000,0.05654368,0.41972058,0.55977942,5,100
bch_derived_32_16,rayleigh,syndrome,5.0,frame_error_rate,0.49200000,0.05449771,0.42450452,0.55949548,5,100
bch_derived_32_16,rayleigh,syndrome,5.0,failure_rate,0.48800000,0.05805170,0.41610289,0.55989711,5,100
bch_derived_32_16,rayleigh,syndrome,5.0,miscorrection_rate,0.00400000,0.00547723,0.00000000,0.01078355,5,100
bch_derived_32_16,rayleigh,syndrome,5.0,conditional_miscorrection_rate,0.00721248,0.00988210,0.00000000,0.01945147,5,100
bch_derived_32_16,rayleigh,syndrome,5.0,ambiguous_rate,0.00000000,0.00000000,0.00000000,0.00000000,5,100
bch_derived_32_16,rayleigh,syndrome,5.0,average_decoding_time_ms,0.04179840,0.00187469,0.03947659,0.04412021,5,100
bch_derived_32_16,rayleigh,syndrome,6.0,ber,0.42400000,0.04774935,0.36486237,0.48313763,5,100
bch_derived_32_16,rayleigh,syndrome,6.0,frame_error_rate,0.42400000,0.04774935,0.36486237,0.48313763,5,100
bch_derived_32_16,rayleigh,syndrome,6.0,failure_rate,0.42400000,0.04774935,0.36486237,0.48313763,5,100
bch_derived_32_16,rayleigh,syndrome,6.0,miscorrection_rate,0.00000000,0.00000000,0.00000000,0.00000000,5,100
bch_derived_32_16,rayleigh,syndrome,6.0,conditional_miscorrection_rate,0.00000000,0.00000000,0.00000000,0.00000000,5,100
bch_derived_32_16,rayleigh,syndrome,6.0,ambiguous_rate,0.00000000,0.00000000,0.00000000,0.00000000,5,100
bch_derived_32_16,rayleigh,syndrome,6.0,average_decoding_time_ms,0.04293240,0.00225759,0.04013637,0.04572843,5,100
bch_derived_32_16,rayleigh,chase,0.0,ber,0.60137500,0.05141057,0.53770294,0.66504706,5,100
bch_derived_32_16,rayleigh,chase,0.0,frame_error_rate,0.69600000,0.03507136,0.65256408,0.73943592,5,100
bch_derived_32_16,rayleigh,chase,0.0,failure_rate,0.55200000,0.06016644,0.47748379,0.62651621,5,100
bch_derived_32_16,rayleigh,chase,0.0,miscorrection_rate,0.14400000,0.03209361,0.10425202,0.18374798,5,100
bch_derived_32_16,rayleigh,chase,0.0,conditional_miscorrection_rate,0.31903564,0.04046078,0.26892491,0.36914637,5,100
bch_derived_32_16,rayleigh,chase,0.0,ambiguous_rate,0.00000000,0.00000000,0.00000000,0.00000000,5,100
bch_derived_32_16,rayleigh,chase,0.0,average_decoding_time_ms,0.28360400,0.03696825,0.23781877,0.32938923,5,100
bch_derived_32_16,rayleigh,chase,1.0,ber,0.51650000,0.06454407,0.43656208,0.59643792,5,100
bch_derived_32_16,rayleigh,chase,1.0,frame_error_rate,0.60200000,0.04658326,0.54430657,0.65969343,5,100
bch_derived_32_16,rayleigh,chase,1.0,failure_rate,0.47200000,0.07854935,0.37471653,0.56928347,5,100
bch_derived_32_16,rayleigh,chase,1.0,miscorrection_rate,0.13000000,0.04847680,0.06996142,0.19003858,5,100
bch_derived_32_16,rayleigh,chase,1.0,conditional_miscorrection_rate,0.24035380,0.07479735,0.14771718,0.33299041,5,100
bch_derived_32_16,rayleigh,chase,1.0,ambiguous_rate,0.00000000,0.00000000,0.00000000,0.00000000,5,100
bch_derived_32_16,rayleigh,chase,1.0,average_decoding_time_ms,0.28687040,0.01425712,0.26921294,0.30452786,5,100
bch_derived_32_16,rayleigh,chase,2.0,ber,0.45812500,0.06401751,0.37883922,0.53741078,5,100
bch_derived_32_16,rayleigh,chase,2.0,frame_error_rate,0.53200000,0.04969909,0.47044761,0.59355239,5,100
bch_derived_32_16,rayleigh,chase,2.0,failure_rate,0.42200000,0.07259477,0.33209129,0.51190871,5,100
bch_derived_32_16,rayleigh,chase,2.0,miscorrection_rate,0.11000000,0.04123106,0.05893528,0.16106472,5,100
bch_derived_32_16,rayleigh,chase,2.0,conditional_miscorrection_rate,0.18700366,0.06263256,0.10943315,0.26457417,5,100
bch_derived_32_16,rayleigh,chase,2.0,ambiguous_rate,0.00000000,0.00000000,0.00000000,0.00000000,5,100
bch_derived_32_16,rayleigh,chase,2.0,average_decoding_time_ms,0.28330240,0.05197813,0.21892742,0.34767738,5,100
bch_derived_32_16,rayleigh,chase,3.0,ber,0.38962500,0.05483391,0.32171313,0.45753687,5,100
bch_derived_32_16,rayleigh,chase,3.0,frame_error_rate,0.45400000,0.04277850,0.40101877,0.50698123,5,100
bch_derived_32_16,rayleigh,chase,3.0,failure_rate,0.35800000,0.06016644,0.28348379,0.43251621,5,100
bch_derived_32_16,rayleigh,chase,3.0,miscorrection_rate,0.09600000,0.02701851,0.06253754,0.12946246,5,100
bch_derived_32_16,rayleigh,chase,3.0,conditional_miscorrection_rate,0.14796819,0.03547009,0.10403844,0.19189794,5,100
bch_derived_32_16,rayleigh,chase,3.0,ambiguous_rate,0.00000000,0.00000000,0.00000000,0.00000000,5,100
bch_derived_32_16,rayleigh,chase,3.0,average_decoding_time_ms,0.25995480,0.05953570,0.18621976,0.33368984,5,100
bch_derived_32_16,rayleigh,chase,4.0,ber,0.33100000,0.04621536,0.27376222,0.38823778,5,100
bch_derived_32_16,rayleigh,chase,4.0,frame_error_rate,0.38400000,0.04335897,0.33029986,0.43770014,5,100
bch_derived_32_16,rayleigh,chase,4.0,failure_rate,0.30600000,0.04929503,0.24494804,0.36705196,5,100
bch_derived_32_16,rayleigh,chase,4.0,miscorrection_rate,0.07800000,0.02167948,0.05114993,0.10485007,5,100
bch_derived_32_16,rayleigh,chase,4.0,conditional_miscorrection_rate,0.11194916,0.03013131,0.07463150,0.14926683,5,100
bch_derived_32_16,rayleigh,chase,4.0,ambiguous_rate,0.00000000,0.00000000,0.00000000,0.00000000,5,100
bch_derived_32_16,rayleigh,chase,4.0,average_decoding_time_ms,0.30342980,0.02957703,0.26679861,0.34006099,5,100
bch_derived_32_16,rayleigh,chase,5.0,ber,0.27400000,0.02528200,0.24268821,0.30531179,5,100
bch_derived_32_16,rayleigh,chase,5.0,frame_error_rate,0.32200000,0.03033150,0.28443440,0.35956560,5,100
bch_derived_32_16,rayleigh,chase,5.0,failure_rate,0.25200000,0.02774887,0.21763298,0.28636702,5,100
bch_derived_32_16,rayleigh,chase,5.0,miscorrection_rate,0.07000000,0.02121320,0.04372742,0.09627258,5,100
bch_derived_32_16,rayleigh,chase,5.0,conditional_miscorrection_rate,0.09345569,0.02867953,0.05793605,0.12897533,5,100
bch_derived_32_16,rayleigh,chase,5.0,ambiguous_rate,0.00000000,0.00000000,0.00000000,0.00000000,5,100
bch_derived_32_16,rayleigh,chase,5.0,average_decoding_time_ms,0.30145280,0.01922657,0.27764066,0.32526494,5,100
bch_derived_32_16,rayleigh,chase,6.0,ber,0.22900000,0.02227579,0.20141140,0.25658860,5,100
bch_derived_32_16,rayleigh,chase,6.0,frame_error_rate,0.26400000,0.02408319,0.23417294,0.29382706,5,100
bch_derived_32_16,rayleigh,chase,6.0,failure_rate,0.21200000,0.02588436,0.17994219,0.24405781,5,100
bch_derived_32_16,rayleigh,chase,6.0,miscorrection_rate,0.05200000,0.02280351,0.02375782,0.08024218,5,100
bch_derived_32_16,rayleigh,chase,6.0,conditional_miscorrection_rate,0.06564222,0.02785050,0.03114933,0.10013510,5,100
bch_derived_32_16,rayleigh,chase,6.0,ambiguous_rate,0.00000000,0.00000000,0.00000000,0.00000000,5,100
bch_derived_32_16,rayleigh,chase,6.0,average_decoding_time_ms,0.31305160,0.06160011,0.23675979,0.38934341,5,100
bch_derived_32_16,rayleigh,hard_mld,0.0,ber,0.24037500,0.01741385,0.21880792,0.26194208,5,100
bch_derived_32_16,rayleigh,hard_mld,0.0,frame_error_rate,0.71000000,0.03937004,0.66124015,0.75875985,5,100
bch_derived_32_16,rayleigh,hard_mld,0.0,failure_rate,0.00000000,0.00000000,0.00000000,0.00000000,5,100
bch_derived_32_16,rayleigh,hard_mld,0.0,miscorrection_rate,0.71000000,0.03937004,0.66124015,0.75875985,5,100
bch_derived_32_16,rayleigh,hard_mld,0.0,conditional_miscorrection_rate,0.71000000,0.03937004,0.66124015,0.75875985,5,100
bch_derived_32_16,rayleigh,hard_mld,0.0,ambiguous_rate,0.42000000,0.04847680,0.35996142,0.48003858,5,100
bch_derived_32_16,rayleigh,hard_mld,0.0,average_decoding_time_ms,3.90310280,0.27049520,3.56809415,4.23811145,5,100
bch_derived_32_16,rayleigh,hard_mld,1.0,ber,0.20950000,0.02294014,0.18108861,0.23791139,5,100
bch_derived_32_16,rayleigh,hard_mld,1.0,frame_error_rate,0.63000000,0.06324555,0.55167030,0.70832970,5,100
bch_derived_32_16,rayleigh,hard_mld,1.0,failure_rate,0.00000000,0.00000000,0.00000000,0.00000000,5,100
bch_derived_32_16,rayleigh,hard_mld,1.0,miscorrection_rate,0.63000000,0.06324555,0.55167030,0.70832970,5,100
bch_derived_32_16,rayleigh,hard_mld,1.0,conditional_miscorrection_rate,0.63000000,0.06324555,0.55167030,0.70832970,5,100
bch_derived_32_16,rayleigh,hard_mld,1.0,ambiguous_rate,0.39000000,0.03535534,0.34621237,0.43378763,5,100
bch_derived_32_16,rayleigh,hard_mld,1.0,average_decoding_time_ms,3.83371600,0.32849287,3.42687715,4.24055485,5,100
bch_derived_32_16,rayleigh,hard_mld,2.0,ber,0.18662500,0.02209974,0.15925445,0.21399555,5,100
bch_derived_32_16,rayleigh,hard_mld,2.0,frame_error_rate,0.55400000,0.04827007,0.49421745,0.61378255,5,100
bch_derived_32_16,rayleigh,hard_mld,2.0,failure_rate,0.00000000,0.00000000,0.00000000,0.00000000,5,100
bch_derived_32_16,rayleigh,hard_mld,2.0,miscorrection_rate,0.55400000,0.04827007,0.49421745,0.61378255,5,100
bch_derived_32_16,rayleigh,hard_mld,2.0,conditional_miscorrection_rate,0.55400000,0.04827007,0.49421745,0.61378255,5,100
bch_derived_32_16,rayleigh,hard_mld,2.0,ambiguous_rate,0.34000000,0.06557439,0.25878604,0.42121396,5,100
bch_derived_32_16,rayleigh,hard_mld,2.0,average_decoding_time_ms,3.97252460,0.14776832,3.78951334,4.15553586,5,100
bch_derived_32_16,rayleigh,hard_mld,3.0,ber,0.16000000,0.02217649,0.13253438,0.18746562,5,100
bch_derived_32_16,rayleigh,hard_mld,3.0,frame_error_rate,0.48000000,0.05196152,0.41564558,0.54435442,5,100
bch_derived_32_16,rayleigh,hard_mld,3.0,failure_rate,0.00000000,0.00000000,0.00000000,0.00000000,5,100
bch_derived_32_16,rayleigh,hard_mld,3.0,miscorrection_rate,0.48000000,0.05196152,0.41564558,0.54435442,5,100
bch_derived_32_16,rayleigh,hard_mld,3.0,conditional_miscorrection_rate,0.48000000,0.05196152,0.41564558,0.54435442,5,100
bch_derived_32_16,rayleigh,hard_mld,3.0,ambiguous_rate,0.31800000,0.04324350,0.26444287,0.37155713,5,100
bch_derived_32_16,rayleigh,hard_mld,3.0,average_decoding_time_ms,3.83821680,0.37523222,3.37349120,4.30294240,5,100
bch_derived_32_16,rayleigh,hard_mld,4.0,ber,0.13275000,0.02236767,0.10504762,0.16045238,5,100
bch_derived_32_16,rayleigh,hard_mld,4.0,frame_error_rate,0.40400000,0.04615192,0.34684078,0.46115922,5,100
bch_derived_32_16,rayleigh,hard_mld,4.0,failure_rate,0.00000000,0.00000000,0.00000000,0.00000000,5,100
bch_derived_32_16,rayleigh,hard_mld,4.0,miscorrection_rate,0.40400000,0.04615192,0.34684078,0.46115922,5,100
bch_derived_32_16,rayleigh,hard_mld,4.0,conditional_miscorrection_rate,0.40400000,0.04615192,0.34684078,0.46115922,5,100
bch_derived_32_16,rayleigh,hard_mld,4.0,ambiguous_rate,0.27200000,0.03033150,0.23443440,0.30956560,5,100
bch_derived_32_16,rayleigh,hard_mld,4.0,average_decoding_time_ms,3.98900240,0.13538664,3.82132587,4.15667893,5,100
bch_derived_32_16,rayleigh,hard_mld,5.0,ber,0.10737500,0.01454653,0.08935910,0.12539090,5,100
bch_derived_32_16,rayleigh,hard_mld,5.0,frame_error_rate,0.34000000,0.04062019,0.28969184,0.39030816,5,100
bch_derived_32_16,rayleigh,hard_mld,5.0,failure_rate,0.00000000,0.00000000,0.00000000,0.00000000,5,100
bch_derived_32_16,rayleigh,hard_mld,5.0,miscorrection_rate,0.34000000,0.04062019,0.28969184,0.39030816,5,100
bch_derived_32_16,rayleigh,hard_mld,5.0,conditional_miscorrection_rate,0.34000000,0.04062019,0.28969184,0.39030816,5,100
bch_derived_32_16,rayleigh,hard_mld,5.0,ambiguous_rate,0.23200000,0.04147288,0.18063578,0.28336422,5,100
bch_derived_32_16,rayleigh,hard_mld,5.0,average_decoding_time_ms,3.92578660,0.15541442,3.73330564,4.11826756,5,100
bch_derived_32_16,rayleigh,hard_mld,6.0,ber,0.08712500,0.01401450,0.06976802,0.10448198,5,100
bch_derived_32_16,rayleigh,hard_mld,6.0,frame_error_rate,0.28000000,0.04636809,0.22257306,0.33742694,5,100
bch_derived_32_16,rayleigh,hard_mld,6.0,failure_rate,0.00000000,0.00000000,0.00000000,0.00000000,5,100
bch_derived_32_16,rayleigh,hard_mld,6.0,miscorrection_rate,0.28000000,0.04636809,0.22257306,0.33742694,5,100
bch_derived_32_16,rayleigh,hard_mld,6.0,conditional_miscorrection_rate,0.28000000,0.04636809,0.22257306,0.33742694,5,100
bch_derived_32_16,rayleigh,hard_mld,6.0,ambiguous_rate,0.21200000,0.04764452,0.15299220,0.27100780,5,100
bch_derived_32_16,rayleigh,hard_mld,6.0,average_decoding_time_ms,3.96057520,0.30320693,3.58505302,4.33609738,5,100
bch_derived_32_16,rayleigh,soft_mld,0.0,ber,0.20187500,0.01684024,0.18101834,0.22273166,5,100
bch_derived_32_16,rayleigh,soft_mld,0.0,frame_error_rate,0.59000000,0.03741657,0.54365952,0.63634048,5,100
bch_derived_32_16,rayleigh,soft_mld,0.0,failure_rate,0.00000000,0.00000000,0.00000000,0.00000000,5,100
bch_derived_32_16,rayleigh,soft_mld,0.0,miscorrection_rate,0.59000000,0.03741657,0.54365952,0.63634048,5,100
bch_derived_32_16,rayleigh,soft_mld,0.0,conditional_miscorrection_rate,0.59000000,0.03741657,0.54365952,0.63634048,5,100
bch_derived_32_16,rayleigh,soft_mld,0.0,ambiguous_rate,0.00000000,0.00000000,0.00000000,0.00000000,5,100
bch_derived_32_16,rayleigh,soft_mld,0.0,average_decoding_time_ms,0.84197480,0.07683166,0.74681869,0.93713091,5,100
bch_derived_32_16,rayleigh,soft_mld,1.0,ber,0.17012500,0.01833606,0.14741577,0.19283423,5,100
bch_derived_32_16,rayleigh,soft_mld,1.0,frame_error_rate,0.50400000,0.04669047,0.44617379,0.56182621,5,100
bch_derived_32_16,rayleigh,soft_mld,1.0,failure_rate,0.00000000,0.00000000,0.00000000,0.00000000,5,100
bch_derived_32_16,rayleigh,soft_mld,1.0,miscorrection_rate,0.50400000,0.04669047,0.44617379,0.56182621,5,100
bch_derived_32_16,rayleigh,soft_mld,1.0,conditional_miscorrection_rate,0.50400000,0.04669047,0.44617379,0.56182621,5,100
bch_derived_32_16,rayleigh,soft_mld,1.0,ambiguous_rate,0.00000000,0.00000000,0.00000000,0.00000000,5,100
bch_derived_32_16,rayleigh,soft_mld,1.0,average_decoding_time_ms,0.80547900,0.04277180,0.75250607,0.85845193,5,100
bch_derived_32_16,rayleigh,soft_mld,2.0,ber,0.14137500,0.02089969,0.11549071,0.16725929,5,100
bch_derived_32_16,rayleigh,soft_mld,2.0,frame_error_rate,0.42600000,0.05727128,0.35506944,0.49693056,5,100
bch_derived_32_16,rayleigh,soft_mld,2.0,failure_rate,0.00000000,0.00000000,0.00000000,0.00000000,5,100
bch_derived_32_16,rayleigh,soft_mld,2.0,miscorrection_rate,0.42600000,0.05727128,0.35506944,0.49693056,5,100
bch_derived_32_16,rayleigh,soft_mld,2.0,conditional_miscorrection_rate,0.42600000,0.05727128,0.35506944,0.49693056,5,100
bch_derived_32_16,rayleigh,soft_mld,2.0,ambiguous_rate,0.00000000,0.00000000,0.00000000,0.00000000,5,100
bch_derived_32_16,rayleigh,soft_mld,2.0,average_decoding_time_ms,0.79350920,0.02182463,0.76647937,0.82053903,5,100
bch_derived_32_16,rayleigh,soft_mld,3.0,ber,0.11800000,0.01873645,0.09479488,0.14120512,5,100
bch_derived_32_16,rayleigh,soft_mld,3.0,frame_error_rate,0.36000000,0.04898979,0.29932608,0.42067392,5,100
bch_derived_32_16,rayleigh,soft_mld,3.0,failure_rate,0.00000000,0.00000000,0.00000000,0.00000000,5,100
bch_derived_32_16,rayleigh,soft_mld,3.0,miscorrection_rate,0.36000000,0.04898979,0.29932608,0.42067392,5,100
bch_derived_32_16,rayleigh,soft_mld,3.0,conditional_miscorrection_rate,0.36000000,0.04898979,0.29932608,0.42067392,5,100
bch_derived_32_16,rayleigh,soft_mld,3.0,ambiguous_rate,0.00000000,0.00000000,0.00000000,0.00000000,5,100
bch_derived_32_16,rayleigh,soft_mld,3.0,average_decoding_time_ms,0.87491320,0.15261094,0.68590435,1.06392205,5,100
bch_derived_32_16,rayleigh,soft_mld,4.0,ber,0.09962500,0.01433827,0.08186704,0.11738296,5,100
bch_derived_32_16,rayleigh,soft_mld,4.0,frame_error_rate,0.31200000,0.03114482,0.27342710,0.35057290,5,100
bch_derived_32_16,rayleigh,soft_mld,4.0,failure_rate,0.00000000,0.00000000,0.00000000,0.00000000,5,100
bch_derived_32_16,rayleigh,soft_mld,4.0,miscorrection_rate,0.31200000,0.03114482,0.27342710,0.35057290,5,100
bch_derived_32_16,rayleigh,soft_mld,4.0,conditional_miscorrection_rate,0.31200000,0.03114482,0.27342710,0.35057290,5,100
bch_derived_32_16,rayleigh,soft_mld,4.0,ambiguous_rate,0.00000000,0.00000000,0.00000000,0.00000000,5,100
bch_derived_32_16,rayleigh,soft_mld,4.0,average_decoding_time_ms,0.84153340,0.07880254,0.74393636,0.93913044,5,100
bch_derived_32_16,rayleigh,soft_mld,5.0,ber,0.08012500,0.01152782,0.06584778,0.09440222,5,100
bch_derived_32_16,rayleigh,soft_mld,5.0,frame_error_rate,0.25000000,0.02549510,0.21842429,0.28157571,5,100
bch_derived_32_16,rayleigh,soft_mld,5.0,failure_rate,0.00000000,0.00000000,0.00000000,0.00000000,5,100
bch_derived_32_16,rayleigh,soft_mld,5.0,miscorrection_rate,0.25000000,0.02549510,0.21842429,0.28157571,5,100
bch_derived_32_16,rayleigh,soft_mld,5.0,conditional_miscorrection_rate,0.25000000,0.02549510,0.21842429,0.28157571,5,100
bch_derived_32_16,rayleigh,soft_mld,5.0,ambiguous_rate,0.00000000,0.00000000,0.00000000,0.00000000,5,100
bch_derived_32_16,rayleigh,soft_mld,5.0,average_decoding_time_ms,0.92530100,0.20612897,0.67001000,1.18059200,5,100
bch_derived_32_16,rayleigh,soft_mld,6.0,ber,0.05800000,0.01334196,0.04147597,0.07452403,5,100
bch_derived_32_16,rayleigh,soft_mld,6.0,frame_error_rate,0.18000000,0.03391165,0.13800038,0.22199962,5,100
bch_derived_32_16,rayleigh,soft_mld,6.0,failure_rate,0.00000000,0.00000000,0.00000000,0.00000000,5,100
bch_derived_32_16,rayleigh,soft_mld,6.0,miscorrection_rate,0.18000000,0.03391165,0.13800038,0.22199962,5,100
bch_derived_32_16,rayleigh,soft_mld,6.0,conditional_miscorrection_rate,0.18000000,0.03391165,0.13800038,0.22199962,5,100
bch_derived_32_16,rayleigh,soft_mld,6.0,ambiguous_rate,0.00000000,0.00000000,0.00000000,0.00000000,5,100
bch_derived_32_16,rayleigh,soft_mld,6.0,average_decoding_time_ms,0.78633420,0.10860611,0.65182539,0.92084301,5,100
bch_derived_32_16,sinusoidal,syndrome,0.0,ber,0.94900000,0.02133073,0.92258186,0.97541814,5,100
bch_derived_32_16,sinusoidal,syndrome,0.0,frame_error_rate,0.95200000,0.01788854,0.92984502,0.97415498,5,100
bch_derived_32_16,sinusoidal,syndrome,0.0,failure_rate,0.94800000,0.02280351,0.91975782,0.97624218,5,100
bch_derived_32_16,sinusoidal,syndrome,0.0,miscorrection_rate,0.00400000,0.00894427,0.00000000,0.01507749,5,100
bch_derived_32_16,sinusoidal,syndrome,0.0,conditional_miscorrection_rate,0.05000000,0.11180340,0.00000000,0.18846866,5,100
bch_derived_32_16,sinusoidal,syndrome,0.0,ambiguous_rate,0.00000000,0.00000000,0.00000000,0.00000000,5,100
bch_derived_32_16,sinusoidal,syndrome,0.0,average_decoding_time_ms,0.04377560,0.00740564,0.03460371,0.05294749,5,100
bch_derived_32_16,sinusoidal,syndrome,1.0,ber,0.89300000,0.03590188,0.84853547,0.93746453,5,100
bch_derived_32_16,sinusoidal,syndrome,1.0,frame_error_rate,0.89600000,0.03361547,0.85436719,0.93763281,5,100
bch_derived_32_16,sinusoidal,syndrome,1.0,failure_rate,0.89200000,0.03701351,0.84615872,0.93784128,5,100
bch_derived_32_16,sinusoidal,syndrome,1.0,miscorrection_rate,0.00400000,0.00547723,0.00000000,0.01078355,5,100
bch_derived_32_16,sinusoidal,syndrome,1.0,conditional_miscorrection_rate,0.03068182,0.04319677,0.00000000,0.08418107,5,100
bch_derived_32_16,sinusoidal,syndrome,1.0,ambiguous_rate,0.00000000,0.00000000,0.00000000,0.00000000,5,100
bch_derived_32_16,sinusoidal,syndrome,1.0,average_decoding_time_ms,0.04189180,0.00055905,0.04119942,0.04258418,5,100
bch_derived_32_16,sinusoidal,syndrome,2.0,ber,0.81100000,0.03458911,0.76816135,0.85383865,5,100
bch_derived_32_16,sinusoidal,syndrome,2.0,frame_error_rate,0.81400000,0.03507136,0.77056408,0.85743592,5,100
bch_derived_32_16,sinusoidal,syndrome,2.0,failure_rate,0.81000000,0.03535534,0.76621237,0.85378763,5,100
bch_derived_32_16,sinusoidal,syndrome,2.0,miscorrection_rate,0.00400000,0.00547723,0.00000000,0.01078355,5,100
bch_derived_32_16,sinusoidal,syndrome,2.0,conditional_miscorrection_rate,0.02119565,0.02979233,0.00000000,0.05809349,5,100
bch_derived_32_16,sinusoidal,syndrome,2.0,ambiguous_rate,0.00000000,0.00000000,0.00000000,0.00000000,5,100
bch_derived_32_16,sinusoidal,syndrome,2.0,average_decoding_time_ms,0.04318400,0.00258628,0.03998089,0.04638711,5,100
bch_derived_32_16,sinusoidal,syndrome,3.0,ber,0.68287500,0.05728833,0.61192332,0.75382668,5,100
bch_derived_32_16,sinusoidal,syndrome,3.0,frame_error_rate,0.68600000,0.05504544,0.61782616,0.75417384,5,100
bch_derived_32_16,sinusoidal,syndrome,3.0,failure_rate,0.68200000,0.05805170,0.61010289,0.75389711,5,100
bch_derived_32_16,sinusoidal,syndrome,3.0,miscorrection_rate,0.00400000,0.00894427,0.00000000,0.01507749,5,100
bch_derived_32_16,sinusoidal,syndrome,3.0,conditional_miscorrection_rate,0.01111111,0.02484520,0.00000000,0.04188192,5,100
bch_derived_32_16,sinusoidal,syndrome,3.0,ambiguous_rate,0.00000000,0.00000000,0.00000000,0.00000000,5,100
bch_derived_32_16,sinusoidal,syndrome,3.0,average_decoding_time_ms,0.04065400,0.00227484,0.03783661,0.04347139,5,100
bch_derived_32_16,sinusoidal,syndrome,4.0,ber,0.51225000,0.02657757,0.47933365,0.54516635,5,100
bch_derived_32_16,sinusoidal,syndrome,4.0,frame_error_rate,0.51600000,0.02302173,0.48748756,0.54451244,5,100
bch_derived_32_16,sinusoidal,syndrome,4.0,failure_rate,0.51200000,0.02683282,0.47876752,0.54523248,5,100
bch_derived_32_16,sinusoidal,syndrome,4.0,miscorrection_rate,0.00400000,0.00547723,0.00000000,0.01078355,5,100
bch_derived_32_16,sinusoidal,syndrome,4.0,conditional_miscorrection_rate,0.00785522,0.01076998,0.00000000,0.02119385,5,100
bch_derived_32_16,sinusoidal,syndrome,4.0,ambiguous_rate,0.00000000,0.00000000,0.00000000,0.00000000,5,100
bch_derived_32_16,sinusoidal,syndrome,4.0,average_decoding_time_ms,0.04310680,0.00111174,0.04172991,0.04448369,5,100
bch_derived_32_16,sinusoidal,syndrome,5.0,ber,0.36600000,0.06148170,0.28985483,0.44214517,5,100
bch_derived_32_16,sinusoidal,syndrome,5.0,frame_error_rate,0.36600000,0.06148170,0.28985483,0.44214517,5,100
bch_derived_32_16,sinusoidal,syndrome,5.0,failure_rate,0.36600000,0.06148170,0.28985483,0.44214517,5,100
bch_derived_32_16,sinusoidal,syndrome,5.0,miscorrection_rate,0.00000000,0.00000000,0.00000000,0.00000000,5,100
bch_derived_32_16,sinusoidal,syndrome,5.0,conditional_miscorrection_rate,0.00000000,0.00000000,0.00000000,0.00000000,5,100
bch_derived_32_16,sinusoidal,syndrome,5.0,ambiguous_rate,0.00000000,0.00000000,0.00000000,0.00000000,5,100
bch_derived_32_16,sinusoidal,syndrome,5.0,average_decoding_time_ms,0.04334040,0.00215158,0.04067567,0.04600513,5,100
bch_derived_32_16,sinusoidal,syndrome,6.0,ber,0.22000000,0.02828427,0.18496989,0.25503011,5,100
bch_derived_32_16,sinusoidal,syndrome,6.0,frame_error_rate,0.22000000,0.02828427,0.18496989,0.25503011,5,100
bch_derived_32_16,sinusoidal,syndrome,6.0,failure_rate,0.22000000,0.02828427,0.18496989,0.25503011,5,100
bch_derived_32_16,sinusoidal,syndrome,6.0,miscorrection_rate,0.00000000,0.00000000,0.00000000,0.00000000,5,100
bch_derived_32_16,sinusoidal,syndrome,6.0,conditional_miscorrection_rate,0.00000000,0.00000000,0.00000000,0.00000000,5,100
bch_derived_32_16,sinusoidal,syndrome,6.0,ambiguous_rate,0.00000000,0.00000000,0.00000000,0.00000000,5,100
bch_derived_32_16,sinusoidal,syndrome,6.0,average_decoding_time_ms,0.04350320,0.00141590,0.04174960,0.04525680,5,100
bch_derived_32_16,sinusoidal,chase,0.0,ber,0.62000000,0.02980077,0.58309171,0.65690829,5,100
bch_derived_32_16,sinusoidal,chase,0.0,frame_error_rate,0.71400000,0.02302173,0.68548756,0.74251244,5,100
bch_derived_32_16,sinusoidal,chase,0.0,failure_rate,0.58400000,0.03507136,0.54056408,0.62743592,5,100
bch_derived_32_16,sinusoidal,chase,0.0,miscorrection_rate,0.13000000,0.03316625,0.08892356,0.17107644,5,100
bch_derived_32_16,sinusoidal,chase,0.0,conditional_miscorrection_rate,0.31029868,0.06001450,0.23597065,0.38462672,5,100
bch_derived_32_16,sinusoidal,chase,0.0,ambiguous_rate,0.00000000,0.00000000,0.00000000,0.00000000,5,100
bch_derived_32_16,sinusoidal,chase,0.0,average_decoding_time_ms,0.29130540,0.00877225,0.28044095,0.30216985,5,100
bch_derived_32_16,sinusoidal,chase,1.0,ber,0.49287500,0.02755180,0.45875206,0.52699794,5,100
bch_derived_32_16,sinusoidal,chase,1.0,frame_error_rate,0.55400000,0.02880972,0.51831912,0.58968088,5,100
bch_derived_32_16,sinusoidal,chase,1.0,failure_rate,0.47200000,0.03271085,0.43148756,0.51251244,5,100
bch_derived_32_16,sinusoidal,chase,1.0,miscorrection_rate,0.08200000,0.03768289,0.03532969,0.12867031,5,100
bch_derived_32_16,sinusoidal,chase,1.0,conditional_miscorrection_rate,0.15332769,0.06790704,0.06922473,0.23743064,5,100
bch_derived_32_16,sinusoidal,chase,1.0,ambiguous_rate,0.00000000,0.00000000,0.00000000,0.00000000,5,100
bch_derived_32_16,sinusoidal,chase,1.0,average_decoding_time_ms,0.30163860,0.04026827,0.25176629,0.35151091,5,100
bch_derived_32_16,sinusoidal,chase,2.0,ber,0.32312500,0.03193927,0.28356817,0.36268183,5,100
bch_derived_32_16,sinusoidal,chase,2.0,frame_error_rate,0.35800000,0.01923538,0.33417695,0.38182305,5,100
bch_derived_32_16,sinusoidal,chase,2.0,failure_rate,0.31200000,0.03701351,0.26615872,0.35784128,5,100
bch_derived_32_16,sinusoidal,chase,2.0,miscorrection_rate,0.04600000,0.02607681,0.01370384,0.07829616,5,100
bch_derived_32_16,sinusoidal,chase,2.0,conditional_miscorrection_rate,0.06557448,0.03517045,0.02201584,0.10913313,5,100
bch_derived_32_16,sinusoidal,chase,2.0,ambiguous_rate,0.00000000,0.00000000,0.00000000,0.00000000,5,100
bch_derived_32_16,sinusoidal,chase,2.0,average_decoding_time_ms,0.30166460,0.01060925,0.28852504,0.31480416,5,100
bch_derived_32_16,sinusoidal,chase,3.0,ber,0.18862500,0.04136206,0.13739803,0.23985197,5,100
bch_derived_32_16,sinusoidal,chase,3.0,frame_error_rate,0.21200000,0.04266146,0.15916373,0.26483627,5,100
bch_derived_32_16,sinusoidal,chase,3.0,failure_rate,0.18200000,0.04207137,0.12989456,0.23410544,5,100
bch_derived_32_16,sinusoidal,chase,3.0,miscorrection_rate,0.03000000,0.01000000,0.01761499,0.04238501,5,100
bch_derived_32_16,sinusoidal,chase,3.0,conditional_miscorrection_rate,0.03671092,0.01235723,0.02140648,0.05201536,5,100
bch_derived_32_16,sinusoidal,chase,3.0,ambiguous_rate,0.00000000,0.00000000,0.00000000,0.00000000,5,100
bch_derived_32_16,sinusoidal,chase,3.0,average_decoding_time_ms,0.30506380,0.01220261,0.28995085,0.32017675,5,100
bch_derived_32_16,sinusoidal,chase,4.0,ber,0.06687500,0.02878395,0.03122604,0.10252396,5,100
bch_derived_32_16,sinusoidal,chase,4.0,frame_error_rate,0.07800000,0.03114482,0.03942710,0.11657290,5,100
bch_derived_32_16,sinusoidal,chase,4.0,failure_rate,0.06400000,0.02966479,0.02726011,0.10073989,5,100
bch_derived_32_16,sinusoidal,chase,4.0,miscorrection_rate,0.01400000,0.00547723,0.00721645,0.02078355,5,100
bch_derived_32_16,sinusoidal,chase,4.0,conditional_miscorrection_rate,0.01500155,0.00600990,0.00755829,0.02244482,5,100
bch_derived_32_16,sinusoidal,chase,4.0,ambiguous_rate,0.00000000,0.00000000,0.00000000,0.00000000,5,100
bch_derived_32_16,sinusoidal,chase,4.0,average_decoding_time_ms,0.30356420,0.02375459,0.27414411,0.33298429,5,100
bch_derived_32_16,sinusoidal,chase,5.0,ber,0.02675000,0.01793216,0.00454099,0.04895901,5,100
bch_derived_32_16,sinusoidal,chase,5.0,frame_error_rate,0.02800000,0.01788854,0.00584502,0.05015498,5,100
bch_derived_32_16,sinusoidal,chase,5.0,failure_rate,0.02600000,0.01816590,0.00350151,0.04849849,5,100
bch_derived_32_16,sinusoidal,chase,5.0,miscorrection_rate,0.00200000,0.00447214,0.00000000,0.00753875,5,100
bch_derived_32_16,sinusoidal,chase,5.0,conditional_miscorrection_rate,0.00204082,0.00456340,0.00000000,0.00769260,5,100
bch_derived_32_16,sinusoidal,chase,5.0,ambiguous_rate,0.00000000,0.00000000,0.00000000,0.00000000,5,100
bch_derived_32_16,sinusoidal,chase,5.0,average_decoding_time_ms,0.30673760,0.04896751,0.24609127,0.36738393,5,100
bch_derived_32_16,sinusoidal,chase,6.0,ber,0.01000000,0.01000000,0.00000000,0.02238501,5,100
bch_derived_32_16,sinusoidal,chase,6.0,frame_error_rate,0.01000000,0.01000000,0.00000000,0.02238501,5,100
bch_derived_32_16,sinusoidal,chase,6.0,failure_rate,0.01000000,0.01000000,0.00000000,0.02238501,5,100
bch_derived_32_16,sinusoidal,chase,6.0,miscorrection_rate,0.00000000,0.00000000,0.00000000,0.00000000,5,100
bch_derived_32_16,sinusoidal,chase,6.0,conditional_miscorrection_rate,0.00000000,0.00000000,0.00000000,0.00000000,5,100
bch_derived_32_16,sinusoidal,chase,6.0,ambiguous_rate,0.00000000,0.00000000,0.00000000,0.00000000,5,100
bch_derived_32_16,sinusoidal,chase,6.0,average_decoding_time_ms,0.31088520,0.07727873,0.21517539,0.40659501,5,100
bch_derived_32_16,sinusoidal,hard_mld,0.0,ber,0.20875000,0.01509734,0.19005192,0.22744808,5,100
bch_derived_32_16,sinusoidal,hard_mld,0.0,frame_error_rate,0.72200000,0.02949576,0.68546946,0.75853054,5,100
bch_derived_32_16,sinusoidal,hard_mld,0.0,failure_rate,0.00000000,0.00000000,0.00000000,0.00000000,5,100
bch_derived_32_16,sinusoidal,hard_mld,0.0,miscorrection_rate,0.72200000,0.02949576,0.68546946,0.75853054,5,100
bch_derived_32_16,sinusoidal,hard_mld,0.0,conditional_miscorrection_rate,0.72200000,0.02949576,0.68546946,0.75853054,5,100
bch_derived_32_16,sinusoidal,hard_mld,0.0,ambiguous_rate,0.46600000,0.03911521,0.41755576,0.51444424,5,100
bch_derived_32_16,sinusoidal,hard_mld,0.0,average_decoding_time_ms,4.02173320,0.05502592,3.95358353,4.08988287,5,100
bch_derived_32_16,sinusoidal,hard_mld,1.0,ber,0.16537500,0.00908510,0.15412309,0.17662691,5,100
bch_derived_32_16,sinusoidal,hard_mld,1.0,frame_error_rate,0.60800000,0.02774887,0.57363298,0.64236702,5,100
bch_derived_32_16,sinusoidal,hard_mld,1.0,failure_rate,0.00000000,0.00000000,0.00000000,0.00000000,5,100
bch_derived_32_16,sinusoidal,hard_mld,1.0,miscorrection_rate,0.60800000,0.02774887,0.57363298,0.64236702,5,100
bch_derived_32_16,sinusoidal,hard_mld,1.0,conditional_miscorrection_rate,0.60800000,0.02774887,0.57363298,0.64236702,5,100
bch_derived_32_16,sinusoidal,hard_mld,1.0,ambiguous_rate,0.40800000,0.04024922,0.35815128,0.45784872,5,100
bch_derived_32_16,sinusoidal,hard_mld,1.0,average_decoding_time_ms,4.06772920,0.10660076,3.93570402,4.19975438,5,100
bch_derived_32_16,sinusoidal,hard_mld,2.0,ber,0.11837500,0.00525892,0.11186182,0.12488818,5,100
bch_derived_32_16,sinusoidal,hard_mld,2.0,frame_error_rate,0.45000000,0.03464102,0.40709706,0.49290294,5,100
bch_derived_32_16,sinusoidal,hard_mld,2.0,failure_rate,0.00000000,0.00000000,0.00000000,0.00000000,5,100
bch_derived_32_16,sinusoidal,hard_mld,2.0,miscorrection_rate,0.45000000,0.03464102,0.40709706,0.49290294,5,100
bch_derived_32_16,sinusoidal,hard_mld,2.0,conditional_miscorrection_rate,0.45000000,0.03464102,0.40709706,0.49290294,5,100
bch_derived_32_16,sinusoidal,hard_mld,2.0,ambiguous_rate,0.35400000,0.03507136,0.31056408,0.39743592,5,100
bch_derived_32_16,sinusoidal,hard_mld,2.0,average_decoding_time_ms,4.05667520,0.07412951,3.96486571,4.14848469,5,100
bch_derived_32_16,sinusoidal,hard_mld,3.0,ber,0.07625000,0.00921743,0.06483421,0.08766579,5,100
bch_derived_32_16,sinusoidal,hard_mld,3.0,frame_error_rate,0.30400000,0.04159327,0.25248668,0.35551332,5,100
bch_derived_32_16,sinusoidal,hard_mld,3.0,failure_rate,0.00000000,0.00000000,0.00000000,0.00000000,5,100
bch_derived_32_16,sinusoidal,hard_mld,3.0,miscorrection_rate,0.30400000,0.04159327,0.25248668,0.35551332,5,100
bch_derived_32_16,sinusoidal,hard_mld,3.0,conditional_miscorrection_rate,0.30400000,0.04159327,0.25248668,0.35551332,5,100
bch_derived_32_16,sinusoidal,hard_mld,3.0,ambiguous_rate,0.24200000,0.03563706,0.19786346,0.28613654,5,100
bch_derived_32_16,sinusoidal,hard_mld,3.0,average_decoding_time_ms,3.98841380,0.14912701,3.80371980,4.17310780,5,100
bch_derived_32_16,sinusoidal,hard_mld,4.0,ber,0.04487500,0.00959533,0.03299117,0.05675883,5,100
bch_derived_32_16,sinusoidal,hard_mld,4.0,frame_error_rate,0.18000000,0.04847680,0.11996142,0.24003858,5,100
bch_derived_32_16,sinusoidal,hard_mld,4.0,failure_rate,0.00000000,0.00000000,0.00000000,0.00000000,5,100
bch_derived_32_16,sinusoidal,hard_mld,4.0,miscorrection_rate,0.18000000,0.04847680,0.11996142,0.24003858,5,100
bch_derived_32_16,sinusoidal,hard_mld,4.0,conditional_miscorrection_rate,0.18000000,0.04847680,0.11996142,0.24003858,5,100
bch_derived_32_16,sinusoidal,hard_mld,4.0,ambiguous_rate,0.15200000,0.02774887,0.11763298,0.18636702,5,100
bch_derived_32_16,sinusoidal,hard_mld,4.0,average_decoding_time_ms,3.99581340,0.06914697,3.91017479,4.08145201,5,100
bch_derived_32_16,sinusoidal,hard_mld,5.0,ber,0.02025000,0.00786358,0.01051094,0.02998906,5,100
bch_derived_32_16,sinusoidal,hard_mld,5.0,frame_error_rate,0.08400000,0.02607681,0.05170384,0.11629616,5,100
bch_derived_32_16,sinusoidal,hard_mld,5.0,failure_rate,0.00000000,0.00000000,0.00000000,0.00000000,5,100
bch_derived_32_16,sinusoidal,hard_mld,5.0,miscorrection_rate,0.08400000,0.02607681,0.05170384,0.11629616,5,100
bch_derived_32_16,sinusoidal,hard_mld,5.0,conditional_miscorrection_rate,0.08400000,0.02607681,0.05170384,0.11629616,5,100
bch_derived_32_16,sinusoidal,hard_mld,5.0,ambiguous_rate,0.08400000,0.03507136,0.04056408,0.12743592,5,100
bch_derived_32_16,sinusoidal,hard_mld,5.0,average_decoding_time_ms,4.04665420,0.10462466,3.91707642,4.17623198,5,100
bch_derived_32_16,sinusoidal,hard_mld,6.0,ber,0.00850000,0.00481291,0.00253921,0.01446079,5,100
bch_derived_32_16,sinusoidal,hard_mld,6.0,frame_error_rate,0.03800000,0.01923538,0.01417695,0.06182305,5,100
bch_derived_32_16,sinusoidal,hard_mld,6.0,failure_rate,0.00000000,0.00000000,0.00000000,0.00000000,5,100
bch_derived_32_16,sinusoidal,hard_mld,6.0,miscorrection_rate,0.03800000,0.01923538,0.01417695,0.06182305,5,100
bch_derived_32_16,sinusoidal,hard_mld,6.0,conditional_miscorrection_rate,0.03800000,0.01923538,0.01417695,0.06182305,5,100
bch_derived_32_16,sinusoidal,hard_mld,6.0,ambiguous_rate,0.04600000,0.00894427,0.03492251,0.05707749,5,100
bch_derived_32_16,sinusoidal,hard_mld,6.0,average_decoding_time_ms,4.04813760,0.11106422,3.91058442,4.18569078,5,100
bch_derived_32_16,sinusoidal,soft_mld,0.0,ber,0.12537500,0.00815619,0.11527355,0.13547645,5,100
bch_derived_32_16,sinusoidal,soft_mld,0.0,frame_error_rate,0.45800000,0.03271085,0.41748756,0.49851244,5,100
bch_derived_32_16,sinusoidal,soft_mld,0.0,failure_rate,0.00000000,0.00000000,0.00000000,0.00000000,5,100
bch_derived_32_16,sinusoidal,soft_mld,0.0,miscorrection_rate,0.45800000,0.03271085,0.41748756,0.49851244,5,100
bch_derived_32_16,sinusoidal,soft_mld,0.0,conditional_miscorrection_rate,0.45800000,0.03271085,0.41748756,0.49851244,5,100
bch_derived_32_16,sinusoidal,soft_mld,0.0,ambiguous_rate,0.00000000,0.00000000,0.00000000,0.00000000,5,100
bch_derived_32_16,sinusoidal,soft_mld,0.0,average_decoding_time_ms,0.79216500,0.02026363,0.76706847,0.81726153,5,100
bch_derived_32_16,sinusoidal,soft_mld,1.0,ber,0.07300000,0.01582003,0.05340687,0.09259313,5,100
bch_derived_32_16,sinusoidal,soft_mld,1.0,frame_error_rate,0.27800000,0.06496153,0.19754506,0.35845494,5,100
bch_derived_32_16,sinusoidal,soft_mld,1.0,failure_rate,0.00000000,0.00000000,0.00000000,0.00000000,5,100
bch_derived_32_16,sinusoidal,soft_mld,1.0,miscorrection_rate,0.27800000,0.06496153,0.19754506,0.35845494,5,100
bch_derived_32_16,sinusoidal,soft_mld,1.0,conditional_miscorrection_rate,0.27800000,0.06496153,0.19754506,0.35845494,5,100
bch_derived_32_16,sinusoidal,soft_mld,1.0,ambiguous_rate,0.00000000,0.00000000,0.00000000,0.00000000,5,100
bch_derived_32_16,sinusoidal,soft_mld,1.0,average_decoding_time_ms,0.81914380,0.03173153,0.77984426,0.85844334,5,100
bch_derived_32_16,sinusoidal,soft_mld,2.0,ber,0.03312500,0.01405903,0.01571288,0.05053712,5,100
bch_derived_32_16,sinusoidal,soft_mld,2.0,frame_error_rate,0.14000000,0.05958188,0.06620777,0.21379223,5,100
bch_derived_32_16,sinusoidal,soft_mld,2.0,failure_rate,0.00000000,0.00000000,0.00000000,0.00000000,5,100
bch_derived_32_16,sinusoidal,soft_mld,2.0,miscorrection_rate,0.14000000,0.05958188,0.06620777,0.21379223,5,100
bch_derived_32_16,sinusoidal,soft_mld,2.0,conditional_miscorrection_rate,0.14000000,0.05958188,0.06620777,0.21379223,5,100
bch_derived_32_16,sinusoidal,soft_mld,2.0,ambiguous_rate,0.00000000,0.00000000,0.00000000,0.00000000,5,100
bch_derived_32_16,sinusoidal,soft_mld,2.0,average_decoding_time_ms,0.79240080,0.03641617,0.74729932,0.83750228,5,100
bch_derived_32_16,sinusoidal,soft_mld,3.0,ber,0.01287500,0.00401657,0.00790048,0.01784952,5,100
bch_derived_32_16,sinusoidal,soft_mld,3.0,frame_error_rate,0.05600000,0.02302173,0.02748756,0.08451244,5,100
bch_derived_32_16,sinusoidal,soft_mld,3.0,failure_rate,0.00000000,0.00000000,0.00000000,0.00000000,5,100
bch_derived_32_16,sinusoidal,soft_mld,3.0,miscorrection_rate,0.05600000,0.02302173,0.02748756,0.08451244,5,100
bch_derived_32_16,sinusoidal,soft_mld,3.0,conditional_miscorrection_rate,0.05600000,0.02302173,0.02748756,0.08451244,5,100
bch_derived_32_16,sinusoidal,soft_mld,3.0,ambiguous_rate,0.00000000,0.00000000,0.00000000,0.00000000,5,100
bch_derived_32_16,sinusoidal,soft_mld,3.0,average_decoding_time_ms,0.79545200,0.06468040,0.71534524,0.87555876,5,100
bch_derived_32_16,sinusoidal,soft_mld,4.0,ber,0.00287500,0.00104583,0.00157974,0.00417026,5,100
bch_derived_32_16,sinusoidal,soft_mld,4.0,frame_error_rate,0.01600000,0.00894427,0.00492251,0.02707749,5,100
bch_derived_32_16,sinusoidal,soft_mld,4.0,failure_rate,0.00000000,0.00000000,0.00000000,0.00000000,5,100
bch_derived_32_16,sinusoidal,soft_mld,4.0,miscorrection_rate,0.01600000,0.00894427,0.00492251,0.02707749,5,100
bch_derived_32_16,sinusoidal,soft_mld,4.0,conditional_miscorrection_rate,0.01600000,0.00894427,0.00492251,0.02707749,5,100
bch_derived_32_16,sinusoidal,soft_mld,4.0,ambiguous_rate,0.00000000,0.00000000,0.00000000,0.00000000,5,100
bch_derived_32_16,sinusoidal,soft_mld,4.0,average_decoding_time_ms,0.76596000,0.06717326,0.68276583,0.84915417,5,100
bch_derived_32_16,sinusoidal,soft_mld,5.0,ber,0.00100000,0.00162980,0.00000000,0.00301851,5,100
bch_derived_32_16,sinusoidal,soft_mld,5.0,frame_error_rate,0.00400000,0.00547723,0.00000000,0.01078355,5,100
bch_derived_32_16,sinusoidal,soft_mld,5.0,failure_rate,0.00000000,0.00000000,0.00000000,0.00000000,5,100
bch_derived_32_16,sinusoidal,soft_mld,5.0,miscorrection_rate,0.00400000,0.00547723,0.00000000,0.01078355,5,100
bch_derived_32_16,sinusoidal,soft_mld,5.0,conditional_miscorrection_rate,0.00400000,0.00547723,0.00000000,0.01078355,5,100
bch_derived_32_16,sinusoidal,soft_mld,5.0,ambiguous_rate,0.00000000,0.00000000,0.00000000,0.00000000,5,100
bch_derived_32_16,sinusoidal,soft_mld,5.0,average_decoding_time_ms,0.80412880,0.05168306,0.74011926,0.86813834,5,100
bch_derived_32_16,sinusoidal,soft_mld,6.0,ber,0.00000000,0.00000000,0.00000000,0.00000000,5,100
bch_derived_32_16,sinusoidal,soft_mld,6.0,frame_error_rate,0.00000000,0.00000000,0.00000000,0.00000000,5,100
bch_derived_32_16,sinusoidal,soft_mld,6.0,failure_rate,0.00000000,0.00000000,0.00000000,0.00000000,5,100
bch_derived_32_16,sinusoidal,soft_mld,6.0,miscorrection_rate,0.00000000,0.00000000,0.00000000,0.00000000,5,100
bch_derived_32_16,sinusoidal,soft_mld,6.0,conditional_miscorrection_rate,0.00000000,0.00000000,0.00000000,0.00000000,5,100
bch_derived_32_16,sinusoidal,soft_mld,6.0,ambiguous_rate,0.00000000,0.00000000,0.00000000,0.00000000,5,100
bch_derived_32_16,sinusoidal,soft_mld,6.0,average_decoding_time_ms,0.77896900,0.02939211,0.74256684,0.81537116,5,100
goppa_derived_32_16,rayleigh_awgn,syndrome,0.0,ber,0.98012500,0.01716419,0.95886713,1.00138287,5,100
goppa_derived_32_16,rayleigh_awgn,syndrome,0.0,frame_error_rate,0.98400000,0.01516575,0.96521720,1.00278280,5,100
goppa_derived_32_16,rayleigh_awgn,syndrome,0.0,failure_rate,0.97800000,0.01923538,0.95417695,1.00182305,5,100
goppa_derived_32_16,rayleigh_awgn,syndrome,0.0,miscorrection_rate,0.00600000,0.00547723,0.00000000,0.01278355,5,100
goppa_derived_32_16,rayleigh_awgn,syndrome,0.0,conditional_miscorrection_rate,0.25833333,0.21147629,0.00000000,0.59483441,4,100
goppa_derived_32_16,rayleigh_awgn,syndrome,0.0,ambiguous_rate,0.00000000,0.00000000,0.00000000,0.00000000,5,100
goppa_derived_32_16,rayleigh_awgn,syndrome,0.0,average_decoding_time_ms,0.03677940,0.00943197,0.02509789,0.04846091,5,100
goppa_derived_32_16,rayleigh_awgn,syndrome,1.0,ber,0.97100000,0.02149945,0.94437290,0.99762710,5,100
goppa_derived_32_16,rayleigh_awgn,syndrome,1.0,frame_error_rate,0.97800000,0.01483240,0.95963006,0.99636994,5,100
goppa_derived_32_16,rayleigh_awgn,syndrome,1.0,failure_rate,0.96800000,0.02489980,0.93716157,0.99883843,5,100
goppa_derived_32_16,rayleigh_awgn,syndrome,1.0,miscorrection_rate,0.01000000,0.01224745,0.00000000,0.02516848,5,100
goppa_derived_32_16,rayleigh_awgn,syndrome,1.0,conditional_miscorrection_rate,0.27380952,0.18797967,0.00000000,0.57292278,4,100
goppa_derived_32_16,rayleigh_awgn,syndrome,1.0,ambiguous_rate,0.00000000,0.00000000,0.00000000,0.00000000,5,100
goppa_derived_32_16,rayleigh_awgn,syndrome,1.0,average_decoding_time_ms,0.03946840,0.01164830,0.02504196,0.05389484,5,100
goppa_derived_32_16,rayleigh_awgn,syndrome,2.0,ber,0.94300000,0.01408262,0.92555865,0.96044135,5,100
goppa_derived_32_16,rayleigh_awgn,syndrome,2.0,frame_error_rate,0.94600000,0.01140175,0.93187891,0.96012109,5,100
goppa_derived_32_16,rayleigh_awgn,syndrome,2.0,failure_rate,0.94200000,0.01483240,0.92363006,0.96036994,5,100
goppa_derived_32_16,rayleigh_awgn,syndrome,2.0,miscorrection_rate,0.00400000,0.00547723,0.00000000,0.01078355,5,100
goppa_derived_32_16,rayleigh_awgn,syndrome,2.0,conditional_miscorrection_rate,0.05833333,0.08122329,0.00000000,0.15892848,5,100
goppa_derived_32_16,rayleigh_awgn,syndrome,2.0,ambiguous_rate,0.00000000,0.00000000,0.00000000,0.00000000,5,100
goppa_derived_32_16,rayleigh_awgn,syndrome,2.0,average_decoding_time_ms,0.03236640,0.01244075,0.01695851,0.04777429,5,100
goppa_derived_32_16,rayleigh_awgn,syndrome,3.0,ber,0.87550000,0.02189909,0.84837794,0.90262206,5,100
goppa_derived_32_16,rayleigh_awgn,syndrome,3.0,frame_error_rate,0.88000000,0.01870829,0.85682976,0.90317024,5,100
goppa_derived_32_16,rayleigh_awgn,syndrome,3.0,failure_rate,0.87400000,0.02302173,0.84548756,0.90251244,5,100
goppa_derived_32_16,rayleigh_awgn,syndrome,3.0,miscorrection_rate,0.00600000,0.00547723,0.00000000,0.01278355,5,100
goppa_derived_32_16,rayleigh_awgn,syndrome,3.0,conditional_miscorrection_rate,0.04333333,0.04013865,0.00000000,0.09304510,5,100
goppa_derived_32_16,rayleigh_awgn,syndrome,3.0,ambiguous_rate,0.00000000,0.00000000,0.00000000,0.00000000,5,100
goppa_derived_32_16,rayleigh_awgn,syndrome,3.0,average_decoding_time_ms,0.03896860,0.01269906,0.02324079,0.05469641,5,100
goppa_derived_32_16,rayleigh_awgn,syndrome,4.0,ber,0.80550000,0.00926393,0.79402662,0.81697338,5,100
goppa_derived_32_16,rayleigh_awgn,syndrome,4.0,frame_error_rate,0.81000000,0.01000000,0.79761499,0.82238501,5,100
goppa_derived_32_16,rayleigh_awgn,syndrome,4.0,failure_rate,0.80400000,0.00894427,0.79292251,0.81507749,5,100
goppa_derived_32_16,rayleigh_awgn,syndrome,4.0,miscorrection_rate,0.00600000,0.00547723,0.00000000,0.01278355,5,100
goppa_derived_32_16,rayleigh_awgn,syndrome,4.0,conditional_miscorrection_rate,0.03057644,0.02798726,0.00000000,0.06523870,5,100
goppa_derived_32_16,rayleigh_awgn,syndrome,4.0,ambiguous_rate,0.00000000,0.00000000,0.00000000,0.00000000,5,100
goppa_derived_32_16,rayleigh_awgn,syndrome,4.0,average_decoding_time_ms,0.03753420,0.00784032,0.02782396,0.04724444,5,100
goppa_derived_32_16,rayleigh_awgn,syndrome,5.0,ber,0.71250000,0.02839454,0.67733332,0.74766668,5,100
goppa_derived_32_16,rayleigh_awgn,syndrome,5.0,frame_error_rate,0.71400000,0.03049590,0.67623079,0.75176921,5,100
goppa_derived_32_16,rayleigh_awgn,syndrome,5.0,failure_rate,0.71200000,0.02774887,0.67763298,0.74636702,5,100
goppa_derived_32_16,rayleigh_awgn,syndrome,5.0,miscorrection_rate,0.00200000,0.00447214,0.00000000,0.00753875,5,100
goppa_derived_32_16,rayleigh_awgn,syndrome,5.0,conditional_miscorrection_rate,0.00769231,0.01720052,0.00000000,0.02899518,5,100
goppa_derived_32_16,rayleigh_awgn,syndrome,5.0,ambiguous_rate,0.00000000,0.00000000,0.00000000,0.00000000,5,100
goppa_derived_32_16,rayleigh_awgn,syndrome,5.0,average_decoding_time_ms,0.03927800,0.01207501,0.02432309,0.05423291,5,100
goppa_derived_32_16,rayleigh_awgn,syndrome,6.0,ber,0.61400000,0.02880972,0.57831912,0.64968088,5,100
goppa_derived_32_16,rayleigh_awgn,syndrome,6.0,frame_error_rate,0.61400000,0.02880972,0.57831912,0.64968088,5,100
goppa_derived_32_16,rayleigh_awgn,syndrome,6.0,failure_rate,0.61400000,0.02880972,0.57831912,0.64968088,5,100
goppa_derived_32_16,rayleigh_awgn,syndrome,6.0,miscorrection_rate,0.00000000,0.00000000,0.00000000,0.00000000,5,100
goppa_derived_32_16,rayleigh_awgn,syndrome,6.0,conditional_miscorrection_rate,0.00000000,0.00000000,0.00000000,0.00000000,5,100
goppa_derived_32_16,rayleigh_awgn,syndrome,6.0,ambiguous_rate,0.00000000,0.00000000,0.00000000,0.00000000,5,100
goppa_derived_32_16,rayleigh_awgn,syndrome,6.0,average_decoding_time_ms,0.03342500,0.01163743,0.01901202,0.04783798,5,100
goppa_derived_32_16,rayleigh_awgn,chase,0.0,ber,0.62312500,0.03611775,0.57839311,0.66785689,5,100
goppa_derived_32_16,rayleigh_awgn,chase,0.0,frame_error_rate,0.83200000,0.02774887,0.79763298,0.86636702,5,100
goppa_derived_32_16,rayleigh_awgn,chase,0.0,failure_rate,0.53600000,0.04037326,0.48599767,0.58600233,5,100
goppa_derived_32_16,rayleigh_awgn,chase,0.0,miscorrection_rate,0.29600000,0.03361547,0.25436719,0.33763281,5,100
goppa_derived_32_16,rayleigh_awgn,chase,0.0,conditional_miscorrection_rate,0.63790375,0.05041606,0.57546340,0.70034410,5,100
goppa_derived_32_16,rayleigh_awgn,chase,0.0,ambiguous_rate,0.00000000,0.00000000,0.00000000,0.00000000,5,100
goppa_derived_32_16,rayleigh_awgn,chase,0.0,average_decoding_time_ms,0.50162580,0.03205329,0.46192775,0.54132385,5,100
goppa_derived_32_16,rayleigh_awgn,chase,1.0,ber,0.53775000,0.03391050,0.49575180,0.57974820,5,100
goppa_derived_32_16,rayleigh_awgn,chase,1.0,frame_error_rate,0.72000000,0.02000000,0.69522997,0.74477003,5,100
goppa_derived_32_16,rayleigh_awgn,chase,1.0,failure_rate,0.46600000,0.03847077,0.41835390,0.51364610,5,100
goppa_derived_32_16,rayleigh_awgn,chase,1.0,miscorrection_rate,0.25400000,0.02701851,0.22053754,0.28746246,5,100
goppa_derived_32_16,rayleigh_awgn,chase,1.0,conditional_miscorrection_rate,0.47508163,0.02630758,0.44249966,0.50766360,5,100
goppa_derived_32_16,rayleigh_awgn,chase,1.0,ambiguous_rate,0.00000000,0.00000000,0.00000000,0.00000000,5,100
goppa_derived_32_16,rayleigh_awgn,chase,1.0,average_decoding_time_ms,0.45170840,0.10597333,0.32046030,0.58295650,5,100
goppa_derived_32_16,rayleigh_awgn,chase,2.0,ber,0.47050000,0.03305535,0.42956090,0.51143910,5,100
goppa_derived_32_16,rayleigh_awgn,chase,2.0,frame_error_rate,0.61000000,0.02828427,0.57496989,0.64503011,5,100
goppa_derived_32_16,rayleigh_awgn,chase,2.0,failure_rate,0.41600000,0.04393177,0.36159045,0.47040955,5,100
goppa_derived_32_16,rayleigh_awgn,chase,2.0,miscorrection_rate,0.19400000,0.05224940,0.12928905,0.25871095,5,100
goppa_derived_32_16,rayleigh_awgn,chase,2.0,conditional_miscorrection_rate,0.32938733,0.06682549,0.24662387,0.41215079,5,100
goppa_derived_32_16,rayleigh_awgn,chase,2.0,ambiguous_rate,0.00000000,0.00000000,0.00000000,0.00000000,5,100
goppa_derived_32_16,rayleigh_awgn,chase,2.0,average_decoding_time_ms,0.47231800,0.10002221,0.34844036,0.59619564,5,100
goppa_derived_32_16,rayleigh_awgn,chase,3.0,ber,0.37512500,0.03827175,0.32772539,0.42252461,5,100
goppa_derived_32_16,rayleigh_awgn,chase,3.0,frame_error_rate,0.48000000,0.03937004,0.43124015,0.52875985,5,100
goppa_derived_32_16,rayleigh_awgn,chase,3.0,failure_rate,0.33400000,0.04393177,0.27959045,0.38840955,5,100
goppa_derived_32_16,rayleigh_awgn,chase,3.0,miscorrection_rate,0.14600000,0.02509980,0.11491386,0.17708614,5,100
goppa_derived_32_16,rayleigh_awgn,chase,3.0,conditional_miscorrection_rate,0.21910537,0.03484267,0.17595267,0.26225806,5,100
goppa_derived_32_16,rayleigh_awgn,chase,3.0,ambiguous_rate,0.00000000,0.00000000,0.00000000,0.00000000,5,100
goppa_derived_32_16,rayleigh_awgn,chase,3.0,average_decoding_time_ms,0.49116260,0.09847102,0.36920611,0.61311909,5,100
goppa_derived_32_16,rayleigh_awgn,chase,4.0,ber,0.26237500,0.01979090,0.23786395,0.28688605,5,100
goppa_derived_32_16,rayleigh_awgn,chase,4.0,frame_error_rate,0.31600000,0.02302173,0.28748756,0.34451244,5,100
goppa_derived_32_16,rayleigh_awgn,chase,4.0,failure_rate,0.24200000,0.02387467,0.21243119,0.27156881,5,100
goppa_derived_32_16,rayleigh_awgn,chase,4.0,miscorrection_rate,0.07400000,0.02073644,0.04831789,0.09968211,5,100
goppa_derived_32_16,rayleigh_awgn,chase,4.0,conditional_miscorrection_rate,0.09737946,0.02638419,0.06470260,0.13005631,5,100
goppa_derived_32_16,rayleigh_awgn,chase,4.0,ambiguous_rate,0.00000000,0.00000000,0.00000000,0.00000000,5,100
goppa_derived_32_16,rayleigh_awgn,chase,4.0,average_decoding_time_ms,0.50043300,0.09918705,0.37758971,0.62327629,5,100
goppa_derived_32_16,rayleigh_awgn,chase,5.0,ber,0.16162500,0.02604308,0.12937061,0.19387939,5,100
goppa_derived_32_16,rayleigh_awgn,chase,5.0,frame_error_rate,0.20000000,0.02345208,0.17095457,0.22904543,5,100
goppa_derived_32_16,rayleigh_awgn,chase,5.0,failure_rate,0.14800000,0.02774887,0.11363298,0.18236702,5,100
goppa_derived_32_16,rayleigh_awgn,chase,5.0,miscorrection_rate,0.05200000,0.01788854,0.02984502,0.07415498,5,100
goppa_derived_32_16,rayleigh_awgn,chase,5.0,conditional_miscorrection_rate,0.06078477,0.01993535,0.03609481,0.08547474,5,100
goppa_derived_32_16,rayleigh_awgn,chase,5.0,ambiguous_rate,0.00000000,0.00000000,0.00000000,0.00000000,5,100
goppa_derived_32_16,rayleigh_awgn,chase,5.0,average_decoding_time_ms,0.47356040,0.11766363,0.32783385,0.61928695,5,100
goppa_derived_32_16,rayleigh_awgn,chase,6.0,ber,0.07237500,0.02953216,0.03579938,0.10895062,5,100
goppa_derived_32_16,rayleigh_awgn,chase,6.0,frame_error_rate,0.09800000,0.03114482,0.05942710,0.13657290,5,100
goppa_derived_32_16,rayleigh_awgn,chase,6.0,failure_rate,0.06400000,0.03049590,0.02623079,0.10176921,5,100
goppa_derived_32_16,rayleigh_awgn,chase,6.0,miscorrection_rate,0.03400000,0.01816590,0.01150151,0.05649849,5,100
goppa_derived_32_16,rayleigh_awgn,chase,6.0,conditional_miscorrection_rate,0.03623461,0.01927324,0.01236468,0.06010454,5,100
goppa_derived_32_16,rayleigh_awgn,chase,6.0,ambiguous_rate,0.00000000,0.00000000,0.00000000,0.00000000,5,100
goppa_derived_32_16,rayleigh_awgn,chase,6.0,average_decoding_time_ms,0.48540100,0.13649539,0.31635129,0.65445071,5,100
goppa_derived_32_16,rayleigh_awgn,hard_mld,0.0,ber,0.29025000,0.01477434,0.27195196,0.30854804,5,100
goppa_derived_32_16,rayleigh_awgn,hard_mld,0.0,frame_error_rate,0.88800000,0.01643168,0.86764935,0.90835065,5,100
goppa_derived_32_16,rayleigh_awgn,hard_mld,0.0,failure_rate,0.00000000,0.00000000,0.00000000,0.00000000,5,100
goppa_derived_32_16,rayleigh_awgn,hard_mld,0.0,miscorrection_rate,0.88800000,0.01643168,0.86764935,0.90835065,5,100
goppa_derived_32_16,rayleigh_awgn,hard_mld,0.0,conditional_miscorrection_rate,0.88800000,0.01643168,0.86764935,0.90835065,5,100
goppa_derived_32_16,rayleigh_awgn,hard_mld,0.0,ambiguous_rate,0.69800000,0.04764452,0.63899220,0.75700780,5,100
goppa_derived_32_16,rayleigh_awgn,hard_mld,0.0,average_decoding_time_ms,3.96316120,0.96610470,2.76663927,5.15968313,5,100
goppa_derived_32_16,rayleigh_awgn,hard_mld,1.0,ber,0.25537500,0.00792543,0.24555934,0.26519066,5,100
goppa_derived_32_16,rayleigh_awgn,hard_mld,1.0,frame_error_rate,0.81400000,0.02302173,0.78548756,0.84251244,5,100
goppa_derived_32_16,rayleigh_awgn,hard_mld,1.0,failure_rate,0.00000000,0.00000000,0.00000000,0.00000000,5,100
goppa_derived_32_16,rayleigh_awgn,hard_mld,1.0,miscorrection_rate,0.81400000,0.02302173,0.78548756,0.84251244,5,100
goppa_derived_32_16,rayleigh_awgn,hard_mld,1.0,conditional_miscorrection_rate,0.81400000,0.02302173,0.78548756,0.84251244,5,100
goppa_derived_32_16,rayleigh_awgn,hard_mld,1.0,ambiguous_rate,0.63400000,0.04098780,0.58323655,0.68476345,5,100
goppa_derived_32_16,rayleigh_awgn,hard_mld,1.0,average_decoding_time_ms,3.69780300,0.66021904,2.88012085,4.51548515,5,100
goppa_derived_32_16,rayleigh_awgn,hard_mld,2.0,ber,0.21100000,0.00654909,0.20288894,0.21911106,5,100
goppa_derived_32_16,rayleigh_awgn,hard_mld,2.0,frame_error_rate,0.68200000,0.00447214,0.67646125,0.68753875,5,100
goppa_derived_32_16,rayleigh_awgn,hard_mld,2.0,failure_rate,0.00000000,0.00000000,0.00000000,0.00000000,5,100
goppa_derived_32_16,rayleigh_awgn,hard_mld,2.0,miscorrection_rate,0.68200000,0.00447214,0.67646125,0.68753875,5,100
goppa_derived_32_16,rayleigh_awgn,hard_mld,2.0,conditional_miscorrection_rate,0.68200000,0.00447214,0.67646125,0.68753875,5,100
goppa_derived_32_16,rayleigh_awgn,hard_mld,2.0,ambiguous_rate,0.56600000,0.04449719,0.51089017,0.62110983,5,100
goppa_derived_32_16,rayleigh_awgn,hard_mld,2.0,average_decoding_time_ms,3.69661940,0.63408410,2.91130541,4.48193339,5,100
goppa_derived_32_16,rayleigh_awgn,hard_mld,3.0,ber,0.16987500,0.00892022,0.15882730,0.18092270,5,100
goppa_derived_32_16,rayleigh_awgn,hard_mld,3.0,frame_error_rate,0.57000000,0.03316625,0.52892356,0.61107644,5,100
goppa_derived_32_16,rayleigh_awgn,hard_mld,3.0,failure_rate,0.00000000,0.00000000,0.00000000,0.00000000,5,100
goppa_derived_32_16,rayleigh_awgn,hard_mld,3.0,miscorrection_rate,0.57000000,0.03316625,0.52892356,0.61107644,5,100
goppa_derived_32_16,rayleigh_awgn,hard_mld,3.0,conditional_miscorrection_rate,0.57000000,0.03316625,0.52892356,0.61107644,5,100
goppa_derived_32_16,rayleigh_awgn,hard_mld,3.0,ambiguous_rate,0.52800000,0.05118594,0.46460615,0.59139385,5,100
goppa_derived_32_16,rayleigh_awgn,hard_mld,3.0,average_decoding_time_ms,3.77166900,0.67767996,2.93236149,4.61097651,5,100
goppa_derived_32_16,rayleigh_awgn,hard_mld,4.0,ber,0.12937500,0.01440893,0.11152952,0.14722048,5,100
goppa_derived_32_16,rayleigh_awgn,hard_mld,4.0,frame_error_rate,0.44800000,0.04816638,0.38834588,0.50765412,5,100
goppa_derived_32_16,rayleigh_awgn,hard_mld,4.0,failure_rate,0.00000000,0.00000000,0.00000000,0.00000000,5,100
goppa_derived_32_16,rayleigh_awgn,hard_mld,4.0,miscorrection_rate,0.44800000,0.04816638,0.38834588,0.50765412,5,100
goppa_derived_32_16,rayleigh_awgn,hard_mld,4.0,conditional_miscorrection_rate,0.44800000,0.04816638,0.38834588,0.50765412,5,100
goppa_derived_32_16,rayleigh_awgn,hard_mld,4.0,ambiguous_rate,0.43800000,0.04024922,0.38815128,0.48784872,5,100
goppa_derived_32_16,rayleigh_awgn,hard_mld,4.0,average_decoding_time_ms,3.75074660,0.68640567,2.90063228,4.60086092,5,100
goppa_derived_32_16,rayleigh_awgn,hard_mld,5.0,ber,0.09625000,0.01352082,0.07950445,0.11299555,5,100
goppa_derived_32_16,rayleigh_awgn,hard_mld,5.0,frame_error_rate,0.34000000,0.04000000,0.29045995,0.38954005,5,100
goppa_derived_32_16,rayleigh_awgn,hard_mld,5.0,failure_rate,0.00000000,0.00000000,0.00000000,0.00000000,5,100
goppa_derived_32_16,rayleigh_awgn,hard_mld,5.0,miscorrection_rate,0.34000000,0.04000000,0.29045995,0.38954005,5,100
goppa_derived_32_16,rayleigh_awgn,hard_mld,5.0,conditional_miscorrection_rate,0.34000000,0.04000000,0.29045995,0.38954005,5,100
goppa_derived_32_16,rayleigh_awgn,hard_mld,5.0,ambiguous_rate,0.35600000,0.03847077,0.30835390,0.40364610,5,100
goppa_derived_32_16,rayleigh_awgn,hard_mld,5.0,average_decoding_time_ms,3.84401260,0.76281760,2.89926201,4.78876319,5,100
goppa_derived_32_16,rayleigh_awgn,hard_mld,6.0,ber,0.06862500,0.01559622,0.04930906,0.08794094,5,100
goppa_derived_32_16,rayleigh_awgn,hard_mld,6.0,frame_error_rate,0.24200000,0.04324350,0.18844287,0.29555713,5,100
goppa_derived_32_16,rayleigh_awgn,hard_mld,6.0,failure_rate,0.00000000,0.00000000,0.00000000,0.00000000,5,100
goppa_derived_32_16,rayleigh_awgn,hard_mld,6.0,miscorrection_rate,0.24200000,0.04324350,0.18844287,0.29555713,5,100
goppa_derived_32_16,rayleigh_awgn,hard_mld,6.0,conditional_miscorrection_rate,0.24200000,0.04324350,0.18844287,0.29555713,5,100
goppa_derived_32_16,rayleigh_awgn,hard_mld,6.0,ambiguous_rate,0.26200000,0.02280351,0.23375782,0.29024218,5,100
goppa_derived_32_16,rayleigh_awgn,hard_mld,6.0,average_decoding_time_ms,3.45356220,0.72869823,2.55106849,4.35605591,5,100
goppa_derived_32_16,rayleigh_awgn,soft_mld,0.0,ber,0.20800000,0.00783621,0.19829484,0.21770516,5,100
goppa_derived_32_16,rayleigh_awgn,soft_mld,0.0,frame_error_rate,0.68200000,0.01788854,0.65984502,0.70415498,5,100
goppa_derived_32_16,rayleigh_awgn,soft_mld,0.0,failure_rate,0.00000000,0.00000000,0.00000000,0.00000000,5,100
goppa_derived_32_16,rayleigh_awgn,soft_mld,0.0,miscorrection_rate,0.68200000,0.01788854,0.65984502,0.70415498,5,100
goppa_derived_32_16,rayleigh_awgn,soft_mld,0.0,conditional_miscorrection_rate,0.68200000,0.01788854,0.65984502,0.70415498,5,100
goppa_derived_32_16,rayleigh_awgn,soft_mld,0.0,ambiguous_rate,0.00000000,0.00000000,0.00000000,0.00000000,5,100
goppa_derived_32_16,rayleigh_awgn,soft_mld,0.0,average_decoding_time_ms,0.80740040,0.04682262,0.74941053,0.86539027,5,100
goppa_derived_32_16,rayleigh_awgn,soft_mld,1.0,ber,0.16125000,0.01095088,0.14768732,0.17481268,5,100
goppa_derived_32_16,rayleigh_awgn,soft_mld,1.0,frame_error_rate,0.53400000,0.03911521,0.48555576,0.58244424,5,100
goppa_derived_32_16,rayleigh_awgn,soft_mld,1.0,failure_rate,0.00000000,0.00000000,0.00000000,0.00000000,5,100
goppa_derived_32_16,rayleigh_awgn,soft_mld,1.0,miscorrection_rate,0.53400000,0.03911521,0.48555576,0.58244424,5,100
goppa_derived_32_16,rayleigh_awgn,soft_mld,1.0,conditional_miscorrection_rate,0.53400000,0.03911521,0.48555576,0.58244424,5,100
goppa_derived_32_16,rayleigh_awgn,soft_mld,1.0,ambiguous_rate,0.00000000,0.00000000,0.00000000,0.00000000,5,100
goppa_derived_32_16,rayleigh_awgn,soft_mld,1.0,average_decoding_time_ms,0.77087020,0.08789327,0.66201427,0.87972613,5,100
goppa_derived_32_16,rayleigh_awgn,soft_mld,2.0,ber,0.11825000,0.01313541,0.10198177,0.13451823,5,100
goppa_derived_32_16,rayleigh_awgn,soft_mld,2.0,frame_error_rate,0.40200000,0.02588436,0.36994219,0.43405781,5,100
goppa_derived_32_16,rayleigh_awgn,soft_mld,2.0,failure_rate,0.00000000,0.00000000,0.00000000,0.00000000,5,100
goppa_derived_32_16,rayleigh_awgn,soft_mld,2.0,miscorrection_rate,0.40200000,0.02588436,0.36994219,0.43405781,5,100
goppa_derived_32_16,rayleigh_awgn,soft_mld,2.0,conditional_miscorrection_rate,0.40200000,0.02588436,0.36994219,0.43405781,5,100
goppa_derived_32_16,rayleigh_awgn,soft_mld,2.0,ambiguous_rate,0.00000000,0.00000000,0.00000000,0.00000000,5,100
goppa_derived_32_16,rayleigh_awgn,soft_mld,2.0,average_decoding_time_ms,0.78162680,0.10783658,0.64807105,0.91518255,5,100
goppa_derived_32_16,rayleigh_awgn,soft_mld,3.0,ber,0.07112500,0.00905064,0.05991577,0.08233423,5,100
goppa_derived_32_16,rayleigh_awgn,soft_mld,3.0,frame_error_rate,0.24200000,0.03271085,0.20148756,0.28251244,5,100
goppa_derived_32_16,rayleigh_awgn,soft_mld,3.0,failure_rate,0.00000000,0.00000000,0.00000000,0.00000000,5,100
goppa_derived_32_16,rayleigh_awgn,soft_mld,3.0,miscorrection_rate,0.24200000,0.03271085,0.20148756,0.28251244,5,100
goppa_derived_32_16,rayleigh_awgn,soft_mld,3.0,conditional_miscorrection_rate,0.24200000,0.03271085,0.20148756,0.28251244,5,100
goppa_derived_32_16,rayleigh_awgn,soft_mld,3.0,ambiguous_rate,0.00000000,0.00000000,0.00000000,0.00000000,5,100
goppa_derived_32_16,rayleigh_awgn,soft_mld,3.0,average_decoding_time_ms,0.75888300,0.10289098,0.63145239,0.88631361,5,100
goppa_derived_32_16,rayleigh_awgn,soft_mld,4.0,ber,0.04350000,0.01042645,0.03058682,0.05641318,5,100
goppa_derived_32_16,rayleigh_awgn,soft_mld,4.0,frame_error_rate,0.14800000,0.03492850,0.10474101,0.19125899,5,100
goppa_derived_32_16,rayleigh_awgn,soft_mld,4.0,failure_rate,0.00000000,0.00000000,0.00000000,0.00000000,5,100
goppa_derived_32_16,rayleigh_awgn,soft_mld,4.0,miscorrection_rate,0.14800000,0.03492850,0.10474101,0.19125899,5,100
goppa_derived_32_16,rayleigh_awgn,soft_mld,4.0,conditional_miscorrection_rate,0.14800000,0.03492850,0.10474101,0.19125899,5,100
goppa_derived_32_16,rayleigh_awgn,soft_mld,4.0,ambiguous_rate,0.00000000,0.00000000,0.00000000,0.00000000,5,100
goppa_derived_32_16,rayleigh_awgn,soft_mld,4.0,average_decoding_time_ms,0.88918120,0.14183648,0.71351654,1.06484586,5,100
goppa_derived_32_16,rayleigh_awgn,soft_mld,5.0,ber,0.01837500,0.00864445,0.00766883,0.02908117,5,100
goppa_derived_32_16,rayleigh_awgn,soft_mld,5.0,frame_error_rate,0.06400000,0.02880972,0.02831912,0.09968088,5,100
goppa_derived_32_16,rayleigh_awgn,soft_mld,5.0,failure_rate,0.00000000,0.00000000,0.00000000,0.00000000,5,100
goppa_derived_32_16,rayleigh_awgn,soft_mld,5.0,miscorrection_rate,0.06400000,0.02880972,0.02831912,0.09968088,5,100
goppa_derived_32_16,rayleigh_awgn,soft_mld,5.0,conditional_miscorrection_rate,0.06400000,0.02880972,0.02831912,0.09968088,5,100
goppa_derived_32_16,rayleigh_awgn,soft_mld,5.0,ambiguous_rate,0.00000000,0.00000000,0.00000000,0.00000000,5,100
goppa_derived_32_16,rayleigh_awgn,soft_mld,5.0,average_decoding_time_ms,0.83541920,0.21315632,0.57142481,1.09941359,5,100
goppa_derived_32_16,rayleigh_awgn,soft_mld,6.0,ber,0.00750000,0.00229640,0.00465591,0.01034409,5,100
goppa_derived_32_16,rayleigh_awgn,soft_mld,6.0,frame_error_rate,0.02600000,0.00547723,0.01921645,0.03278355,5,100
goppa_derived_32_16,rayleigh_awgn,soft_mld,6.0,failure_rate,0.00000000,0.00000000,0.00000000,0.00000000,5,100
goppa_derived_32_16,rayleigh_awgn,soft_mld,6.0,miscorrection_rate,0.02600000,0.00547723,0.01921645,0.03278355,5,100
goppa_derived_32_16,rayleigh_awgn,soft_mld,6.0,conditional_miscorrection_rate,0.02600000,0.00547723,0.01921645,0.03278355,5,100
goppa_derived_32_16,rayleigh_awgn,soft_mld,6.0,ambiguous_rate,0.00000000,0.00000000,0.00000000,0.00000000,5,100
goppa_derived_32_16,rayleigh_awgn,soft_mld,6.0,average_decoding_time_ms,0.77862520,0.11748450,0.63312049,0.92412991,5,100
goppa_derived_32_16,rayleigh,syndrome,0.0,ber,0.86362500,0.01825599,0.84101493,0.88623507,5,100
goppa_derived_32_16,rayleigh,syndrome,0.0,frame_error_rate,0.86800000,0.01483240,0.84963006,0.88636994,5,100
goppa_derived_32_16,rayleigh,syndrome,0.0,failure_rate,0.86200000,0.01923538,0.83817695,0.88582305,5,100
goppa_derived_32_16,rayleigh,syndrome,0.0,miscorrection_rate,0.00600000,0.00547723,0.00000000,0.01278355,5,100
goppa_derived_32_16,rayleigh,syndrome,0.0,conditional_miscorrection_rate,0.04011905,0.03675951,0.00000000,0.08564574,5,100
goppa_derived_32_16,rayleigh,syndrome,0.0,ambiguous_rate,0.00000000,0.00000000,0.00000000,0.00000000,5,100
goppa_derived_32_16,rayleigh,syndrome,0.0,average_decoding_time_ms,0.03891080,0.01204390,0.02399441,0.05382719,5,100
goppa_derived_32_16,rayleigh,syndrome,1.0,ber,0.80087500,0.02718427,0.76720725,0.83454275,5,100
goppa_derived_32_16,rayleigh,syndrome,1.0,frame_error_rate,0.80400000,0.02302173,0.77548756,0.83251244,5,100
goppa_derived_32_16,rayleigh,syndrome,1.0,failure_rate,0.80000000,0.02828427,0.76496989,0.83503011,5,100
goppa_derived_32_16,rayleigh,syndrome,1.0,miscorrection_rate,0.00400000,0.00547723,0.00000000,0.01078355,5,100
goppa_derived_32_16,rayleigh,syndrome,1.0,conditional_miscorrection_rate,0.01742424,0.02389668,0.00000000,0.04702031,5,100
goppa_derived_32_16,rayleigh,syndrome,1.0,ambiguous_rate,0.00000000,0.00000000,0.00000000,0.00000000,5,100
goppa_derived_32_16,rayleigh,syndrome,1.0,average_decoding_time_ms,0.03988020,0.00786997,0.03013323,0.04962717,5,100
goppa_derived_32_16,rayleigh,syndrome,2.0,ber,0.72250000,0.04465143,0.66719915,0.77780085,5,100
goppa_derived_32_16,rayleigh,syndrome,2.0,frame_error_rate,0.72400000,0.04219005,0.67174757,0.77625243,5,100
goppa_derived_32_16,rayleigh,syndrome,2.0,failure_rate,0.72200000,0.04549725,0.66565159,0.77834841,5,100
goppa_derived_32_16,rayleigh,syndrome,2.0,miscorrection_rate,0.00200000,0.00447214,0.00000000,0.00753875,5,100
goppa_derived_32_16,rayleigh,syndrome,2.0,conditional_miscorrection_rate,0.00588235,0.01315334,0.00000000,0.02217278,5,100
goppa_derived_32_16,rayleigh,syndrome,2.0,ambiguous_rate,0.00000000,0.00000000,0.00000000,0.00000000,5,100
goppa_derived_32_16,rayleigh,syndrome,2.0,average_decoding_time_ms,0.03927360,0.00943038,0.02759406,0.05095314,5,100
goppa_derived_32_16,rayleigh,syndrome,3.0,ber,0.63000000,0.04636809,0.57257306,0.68742694,5,100
goppa_derived_32_16,rayleigh,syndrome,3.0,frame_error_rate,0.63000000,0.04636809,0.57257306,0.68742694,5,100
goppa_derived_32_16,rayleigh,syndrome,3.0,failure_rate,0.63000000,0.04636809,0.57257306,0.68742694,5,100
goppa_derived_32_16,rayleigh,syndrome,3.0,miscorrection_rate,0.00000000,0.00000000,0.00000000,0.00000000,5,100
goppa_derived_32_16,rayleigh,syndrome,3.0,conditional_miscorrection_rate,0.00000000,0.00000000,0.00000000,0.00000000,5,100
goppa_derived_32_16,rayleigh,syndrome,3.0,ambiguous_rate,0.00000000,0.00000000,0.00000000,0.00000000,5,100
goppa_derived_32_16,rayleigh,syndrome,3.0,average_decoding_time_ms,0.03742940,0.01019403,0.02480408,0.05005472,5,100
goppa_derived_32_16,rayleigh,syndrome,4.0,ber,0.55200000,0.03962323,0.50292658,0.60107342,5,100
goppa_derived_32_16,rayleigh,syndrome,4.0,frame_error_rate,0.55200000,0.03962323,0.50292658,0.60107342,5,100
goppa_derived_32_16,rayleigh,syndrome,4.0,failure_rate,0.55200000,0.03962323,0.50292658,0.60107342,5,100
goppa_derived_32_16,rayleigh,syndrome,4.0,miscorrection_rate,0.00000000,0.00000000,0.00000000,0.00000000,5,100
goppa_derived_32_16,rayleigh,syndrome,4.0,conditional_miscorrection_rate,0.00000000,0.00000000,0.00000000,0.00000000,5,100
goppa_derived_32_16,rayleigh,syndrome,4.0,ambiguous_rate,0.00000000,0.00000000,0.00000000,0.00000000,5,100
goppa_derived_32_16,rayleigh,syndrome,4.0,average_decoding_time_ms,0.03956580,0.00854588,0.02898172,0.05014988,5,100
goppa_derived_32_16,rayleigh,syndrome,5.0,ber,0.48000000,0.02345208,0.45095457,0.50904543,5,100
goppa_derived_32_16,rayleigh,syndrome,5.0,frame_error_rate,0.48000000,0.02345208,0.45095457,0.50904543,5,100
goppa_derived_32_16,rayleigh,syndrome,5.0,failure_rate,0.48000000,0.02345208,0.45095457,0.50904543,5,100
goppa_derived_32_16,rayleigh,syndrome,5.0,miscorrection_rate,0.00000000,0.00000000,0.00000000,0.00000000,5,100
goppa_derived_32_16,rayleigh,syndrome,5.0,conditional_miscorrection_rate,0.00000000,0.00000000,0.00000000,0.00000000,5,100
goppa_derived_32_16,rayleigh,syndrome,5.0,ambiguous_rate,0.00000000,0.00000000,0.00000000,0.00000000,5,100
goppa_derived_32_16,rayleigh,syndrome,5.0,average_decoding_time_ms,0.03926160,0.00841874,0.02883498,0.04968822,5,100
goppa_derived_32_16,rayleigh,syndrome,6.0,ber,0.41400000,0.03361547,0.37236719,0.45563281,5,100
goppa_derived_32_16,rayleigh,syndrome,6.0,frame_error_rate,0.41400000,0.03361547,0.37236719,0.45563281,5,100
goppa_derived_32_16,rayleigh,syndrome,6.0,failure_rate,0.41400000,0.03361547,0.37236719,0.45563281,5,100
goppa_derived_32_16,rayleigh,syndrome,6.0,miscorrection_rate,0.00000000,0.00000000,0.00000000,0.00000000,5,100
goppa_derived_32_16,rayleigh,syndrome,6.0,conditional_miscorrection_rate,0.00000000,0.00000000,0.00000000,0.00000000,5,100
goppa_derived_32_16,rayleigh,syndrome,6.0,ambiguous_rate,0.00000000,0.00000000,0.00000000,0.00000000,5,100
goppa_derived_32_16,rayleigh,syndrome,6.0,average_decoding_time_ms,0.03693900,0.01027257,0.02421641,0.04966159,5,100
goppa_derived_32_16,rayleigh,chase,0.0,ber,0.53137500,0.06150044,0.45520662,0.60754338,5,100
goppa_derived_32_16,rayleigh,chase,0.0,frame_error_rate,0.65600000,0.06655825,0.57356753,0.73843247,5,100
goppa_derived_32_16,rayleigh,chase,0.0,failure_rate,0.47200000,0.06379655,0.39298789,0.55101211,5,100
goppa_derived_32_16,rayleigh,chase,0.0,miscorrection_rate,0.18400000,0.02190890,0.15686580,0.21113420,5,100
goppa_derived_32_16,rayleigh,chase,0.0,conditional_miscorrection_rate,0.35211214,0.05808890,0.28016896,0.42405531,5,100
goppa_derived_32_16,rayleigh,chase,0.0,ambiguous_rate,0.00000000,0.00000000,0.00000000,0.00000000,5,100
goppa_derived_32_16,rayleigh,chase,0.0,average_decoding_time_ms,0.49658340,0.07245066,0.40685316,0.58631364,5,100
goppa_derived_32_16,rayleigh,chase,1.0,ber,0.45250000,0.06345212,0.37391446,0.53108554,5,100
goppa_derived_32_16,rayleigh,chase,1.0,frame_error_rate,0.55600000,0.05412947,0.48896058,0.62303942,5,100
goppa_derived_32_16,rayleigh,chase,1.0,failure_rate,0.40200000,0.07049823,0.31468785,0.48931215,5,100
goppa_derived_32_16,rayleigh,chase,1.0,miscorrection_rate,0.15400000,0.01949359,0.12985716,0.17814284,5,100
goppa_derived_32_16,rayleigh,chase,1.0,conditional_miscorrection_rate,0.25764534,0.01478174,0.23933814,0.27595254,5,100
goppa_derived_32_16,rayleigh,chase,1.0,ambiguous_rate,0.00000000,0.00000000,0.00000000,0.00000000,5,100
goppa_derived_32_16,rayleigh,chase,1.0,average_decoding_time_ms,0.50781580,0.12381742,0.35446777,0.66116383,5,100
goppa_derived_32_16,rayleigh,chase,2.0,ber,0.39812500,0.05882973,0.32526430,0.47098570,5,100
goppa_derived_32_16,rayleigh,chase,2.0,frame_error_rate,0.49600000,0.04505552,0.44019868,0.55180132,5,100
goppa_derived_32_16,rayleigh,chase,2.0,failure_rate,0.35000000,0.07449832,0.25773373,0.44226627,5,100
goppa_derived_32_16,rayleigh,chase,2.0,miscorrection_rate,0.14600000,0.05272571,0.08069915,0.21130085,5,100
goppa_derived_32_16,rayleigh,chase,2.0,conditional_miscorrection_rate,0.22084744,0.06051432,0.14590039,0.29579450,5,100
goppa_derived_32_16,rayleigh,chase,2.0,ambiguous_rate,0.00000000,0.00000000,0.00000000,0.00000000,5,100
goppa_derived_32_16,rayleigh,chase,2.0,average_decoding_time_ms,0.50524860,0.09760590,0.38436357,0.62613363,5,100
goppa_derived_32_16,rayleigh,chase,3.0,ber,0.34312500,0.02486291,0.31233226,0.37391774,5,100
goppa_derived_32_16,rayleigh,chase,3.0,frame_error_rate,0.42800000,0.02280351,0.39975782,0.45624218,5,100
goppa_derived_32_16,rayleigh,chase,3.0,failure_rate,0.30000000,0.03391165,0.25800038,0.34199962,5,100
goppa_derived_32_16,rayleigh,chase,3.0,miscorrection_rate,0.12800000,0.03346640,0.08655182,0.16944818,5,100
goppa_derived_32_16,rayleigh,chase,3.0,conditional_miscorrection_rate,0.18174515,0.04151491,0.13032888,0.23316142,5,100
goppa_derived_32_16,rayleigh,chase,3.0,ambiguous_rate,0.00000000,0.00000000,0.00000000,0.00000000,5,100
goppa_derived_32_16,rayleigh,chase,3.0,average_decoding_time_ms,0.50972340,0.10135614,0.38419368,0.63525312,5,100
goppa_derived_32_16,rayleigh,chase,4.0,ber,0.28162500,0.02706185,0.24810886,0.31514114,5,100
goppa_derived_32_16,rayleigh,chase,4.0,frame_error_rate,0.34800000,0.02588436,0.31594219,0.38005781,5,100
goppa_derived_32_16,rayleigh,chase,4.0,failure_rate,0.25000000,0.02828427,0.21496989,0.28503011,5,100
goppa_derived_32_16,rayleigh,chase,4.0,miscorrection_rate,0.09800000,0.01643168,0.07764935,0.11835065,5,100
goppa_derived_32_16,rayleigh,chase,4.0,conditional_miscorrection_rate,0.13053355,0.02024168,0.10546420,0.15560289,5,100
goppa_derived_32_16,rayleigh,chase,4.0,ambiguous_rate,0.00000000,0.00000000,0.00000000,0.00000000,5,100
goppa_derived_32_16,rayleigh,chase,4.0,average_decoding_time_ms,0.54978640,0.13019208,0.38854334,0.71102946,5,100
goppa_derived_32_16,rayleigh,chase,5.0,ber,0.22362500,0.03475472,0.18058123,0.26666877,5,100
goppa_derived_32_16,rayleigh,chase,5.0,frame_error_rate,0.28000000,0.02549510,0.24842429,0.31157571,5,100
goppa_derived_32_16,rayleigh,chase,5.0,failure_rate,0.19600000,0.03911521,0.14755576,0.24444424,5,100
goppa_derived_32_16,rayleigh,chase,5.0,miscorrection_rate,0.08400000,0.02607681,0.05170384,0.11629616,5,100
goppa_derived_32_16,rayleigh,chase,5.0,conditional_miscorrection_rate,0.10369897,0.02967319,0.06694869,0.14044926,5,100
goppa_derived_32_16,rayleigh,chase,5.0,ambiguous_rate,0.00000000,0.00000000,0.00000000,0.00000000,5,100
goppa_derived_32_16,rayleigh,chase,5.0,average_decoding_time_ms,0.49025800,0.08755287,0.38182366,0.59869234,5,100
goppa_derived_32_16,rayleigh,chase,6.0,ber,0.18350000,0.04351634,0.12960496,0.23739504,5,100
goppa_derived_32_16,rayleigh,chase,6.0,frame_error_rate,0.23800000,0.03193744,0.19844544,0.27755456,5,100
goppa_derived_32_16,rayleigh,chase,6.0,failure_rate,0.16000000,0.05147815,0.09624424,0.22375576,5,100
goppa_derived_32_16,rayleigh,chase,6.0,miscorrection_rate,0.07800000,0.03114482,0.03942710,0.11657290,5,100
goppa_derived_32_16,rayleigh,chase,6.0,conditional_miscorrection_rate,0.09167504,0.03307441,0.05071234,0.13263773,5,100
goppa_derived_32_16,rayleigh,chase,6.0,ambiguous_rate,0.00000000,0.00000000,0.00000000,0.00000000,5,100
goppa_derived_32_16,rayleigh,chase,6.0,average_decoding_time_ms,0.52901860,0.11320513,0.38881390,0.66922330,5,100
goppa_derived_32_16,rayleigh,hard_mld,0.0,ber,0.24700000,0.02160729,0.22023934,0.27376066,5,100
goppa_derived_32_16,rayleigh,hard_mld,0.0,frame_error_rate,0.71000000,0.06123724,0.63415759,0.78584241,5,100
goppa_derived_32_16,rayleigh,hard_mld,0.0,failure_rate,0.00000000,0.00000000,0.00000000,0.00000000,5,100
goppa_derived_32_16,rayleigh,hard_mld,0.0,miscorrection_rate,0.71000000,0.06123724,0.63415759,0.78584241,5,100
goppa_derived_32_16,rayleigh,hard_mld,0.0,conditional_miscorrection_rate,0.71000000,0.06123724,0.63415759,0.78584241,5,100
goppa_derived_32_16,rayleigh,hard_mld,0.0,ambiguous_rate,0.51200000,0.02489980,0.48116157,0.54283843,5,100
goppa_derived_32_16,rayleigh,hard_mld,0.0,average_decoding_time_ms,4.01716140,0.79623100,3.03102826,5.00329454,5,100
goppa_derived_32_16,rayleigh,hard_mld,1.0,ber,0.21687500,0.02647965,0.18407992,0.24967008,5,100
goppa_derived_32_16,rayleigh,hard_mld,1.0,frame_error_rate,0.62000000,0.05385165,0.55330466,0.68669534,5,100
goppa_derived_32_16,rayleigh,hard_mld,1.0,failure_rate,0.00000000,0.00000000,0.00000000,0.00000000,5,100
goppa_derived_32_16,rayleigh,hard_mld,1.0,miscorrection_rate,0.62000000,0.05385165,0.55330466,0.68669534,5,100
goppa_derived_32_16,rayleigh,hard_mld,1.0,conditional_miscorrection_rate,0.62000000,0.05385165,0.55330466,0.68669534,5,100
goppa_derived_32_16,rayleigh,hard_mld,1.0,ambiguous_rate,0.47400000,0.02880972,0.43831912,0.50968088,5,100
goppa_derived_32_16,rayleigh,hard_mld,1.0,average_decoding_time_ms,3.88982880,0.76526644,2.94204531,4.83761229,5,100
goppa_derived_32_16,rayleigh,hard_mld,2.0,ber,0.18225000,0.01907326,0.15862775,0.20587225,5,100
goppa_derived_32_16,rayleigh,hard_mld,2.0,frame_error_rate,0.53200000,0.03834058,0.48451514,0.57948486,5,100
goppa_derived_32_16,rayleigh,hard_mld,2.0,failure_rate,0.00000000,0.00000000,0.00000000,0.00000000,5,100
goppa_derived_32_16,rayleigh,hard_mld,2.0,miscorrection_rate,0.53200000,0.03834058,0.48451514,0.57948486,5,100
goppa_derived_32_16,rayleigh,hard_mld,2.0,conditional_miscorrection_rate,0.53200000,0.03834058,0.48451514,0.57948486,5,100
goppa_derived_32_16,rayleigh,hard_mld,2.0,ambiguous_rate,0.39800000,0.06418723,0.31850404,0.47749596,5,100
goppa_derived_32_16,rayleigh,hard_mld,2.0,average_decoding_time_ms,3.85318660,0.72666735,2.95320814,4.75316506,5,100
goppa_derived_32_16,rayleigh,hard_mld,3.0,ber,0.16400000,0.01917029,0.14025757,0.18774243,5,100
goppa_derived_32_16,rayleigh,hard_mld,3.0,frame_error_rate,0.47600000,0.04827007,0.41621745,0.53578255,5,100
goppa_derived_32_16,rayleigh,hard_mld,3.0,failure_rate,0.00000000,0.00000000,0.00000000,0.00000000,5,100
goppa_derived_32_16,rayleigh,hard_mld,3.0,miscorrection_rate,0.47600000,0.04827007,0.41621745,0.53578255,5,100
goppa_derived_32_16,rayleigh,hard_mld,3.0,conditional_miscorrection_rate,0.47600000,0.04827007,0.41621745,0.53578255,5,100
goppa_derived_32_16,rayleigh,hard_mld,3.0,ambiguous_rate,0.36600000,0.07635444,0.27143493,0.46056507,5,100
goppa_derived_32_16,rayleigh,hard_mld,3.0,average_decoding_time_ms,3.67968500,0.67672558,2.84155948,4.51781052,5,100
goppa_derived_32_16,rayleigh,hard_mld,4.0,ber,0.13475000,0.01802017,0.11243199,0.15706801,5,100
goppa_derived_32_16,rayleigh,hard_mld,4.0,frame_error_rate,0.39800000,0.03492850,0.35474101,0.44125899,5,100
goppa_derived_32_16,rayleigh,hard_mld,4.0,failure_rate,0.00000000,0.00000000,0.00000000,0.00000000,5,100
goppa_derived_32_16,rayleigh,hard_mld,4.0,miscorrection_rate,0.39800000,0.03492850,0.35474101,0.44125899,5,100
goppa_derived_32_16,rayleigh,hard_mld,4.0,conditional_miscorrection_rate,0.39800000,0.03492850,0.35474101,0.44125899,5,100
goppa_derived_32_16,rayleigh,hard_mld,4.0,ambiguous_rate,0.32600000,0.04159327,0.27448668,0.37751332,5,100
goppa_derived_32_16,rayleigh,hard_mld,4.0,average_decoding_time_ms,3.78691040,0.71554127,2.90071160,4.67310920,5,100
goppa_derived_32_16,rayleigh,hard_mld,5.0,ber,0.11575000,0.01383779,0.09861188,0.13288812,5,100
goppa_derived_32_16,rayleigh,hard_mld,5.0,frame_error_rate,0.34200000,0.03420526,0.29963674,0.38436326,5,100
goppa_derived_32_16,rayleigh,hard_mld,5.0,failure_rate,0.00000000,0.00000000,0.00000000,0.00000000,5,100
goppa_derived_32_16,rayleigh,hard_mld,5.0,miscorrection_rate,0.34200000,0.03420526,0.29963674,0.38436326,5,100
goppa_derived_32_16,rayleigh,hard_mld,5.0,conditional_miscorrection_rate,0.34200000,0.03420526,0.29963674,0.38436326,5,100
goppa_derived_32_16,rayleigh,hard_mld,5.0,ambiguous_rate,0.28000000,0.04183300,0.22818977,0.33181023,5,100
goppa_derived_32_16,rayleigh,hard_mld,5.0,average_decoding_time_ms,3.87702400,0.78036193,2.91054474,4.84350326,5,100
goppa_derived_32_16,rayleigh,hard_mld,6.0,ber,0.09075000,0.00604992,0.08325716,0.09824284,5,100
goppa_derived_32_16,rayleigh,hard_mld,6.0,frame_error_rate,0.27200000,0.01303840,0.25585192,0.28814808,5,100
goppa_derived_32_16,rayleigh,hard_mld,6.0,failure_rate,0.00000000,0.00000000,0.00000000,0.00000000,5,100
goppa_derived_32_16,rayleigh,hard_mld,6.0,miscorrection_rate,0.27200000,0.01303840,0.25585192,0.28814808,5,100
goppa_derived_32_16,rayleigh,hard_mld,6.0,conditional_miscorrection_rate,0.27200000,0.01303840,0.25585192,0.28814808,5,100
goppa_derived_32_16,rayleigh,hard_mld,6.0,ambiguous_rate,0.22000000,0.04743416,0.16125272,0.27874728,5,100
goppa_derived_32_16,rayleigh,hard_mld,6.0,average_decoding_time_ms,3.64691620,0.68701333,2.79604929,4.49778311,5,100
goppa_derived_32_16,rayleigh,soft_mld,0.0,ber,0.19812500,0.02883818,0.16240888,0.23384112,5,100
goppa_derived_32_16,rayleigh,soft_mld,0.0,frame_error_rate,0.57000000,0.06892024,0.48464219,0.65535781,5,100
goppa_derived_32_16,rayleigh,soft_mld,0.0,failure_rate,0.00000000,0.00000000,0.00000000,0.00000000,5,100
goppa_derived_32_16,rayleigh,soft_mld,0.0,miscorrection_rate,0.57000000,0.06892024,0.48464219,0.65535781,5,100
goppa_derived_32_16,rayleigh,soft_mld,0.0,conditional_miscorrection_rate,0.57000000,0.06892024,0.48464219,0.65535781,5,100
goppa_derived_32_16,rayleigh,soft_mld,0.0,ambiguous_rate,0.00000000,0.00000000,0.00000000,0.00000000,5,100
goppa_derived_32_16,rayleigh,soft_mld,0.0,average_decoding_time_ms,0.86384160,0.09615061,0.74475894,0.98292426,5,100
goppa_derived_32_16,rayleigh,soft_mld,1.0,ber,0.17362500,0.02618817,0.14119092,0.20605908,5,100
goppa_derived_32_16,rayleigh,soft_mld,1.0,frame_error_rate,0.50200000,0.03633180,0.45700301,0.54699699,5,100
goppa_derived_32_16,rayleigh,soft_mld,1.0,failure_rate,0.00000000,0.00000000,0.00000000,0.00000000,5,100
goppa_derived_32_16,rayleigh,soft_mld,1.0,miscorrection_rate,0.50200000,0.03633180,0.45700301,0.54699699,5,100
goppa_derived_32_16,rayleigh,soft_mld,1.0,conditional_miscorrection_rate,0.50200000,0.03633180,0.45700301,0.54699699,5,100
goppa_derived_32_16,rayleigh,soft_mld,1.0,ambiguous_rate,0.00200000,0.00447214,0.00000000,0.00753875,5,100
goppa_derived_32_16,rayleigh,soft_mld,1.0,average_decoding_time_ms,0.92828880,0.45212155,0.36833567,1.48824193,5,100
goppa_derived_32_16,rayleigh,soft_mld,2.0,ber,0.14000000,0.02522167,0.10876292,0.17123708,5,100
goppa_derived_32_16,rayleigh,soft_mld,2.0,frame_error_rate,0.41000000,0.03162278,0.37083515,0.44916485,5,100
goppa_derived_32_16,rayleigh,soft_mld,2.0,failure_rate,0.00000000,0.00000000,0.00000000,0.00000000,5,100
goppa_derived_32_16,rayleigh,soft_mld,2.0,miscorrection_rate,0.41000000,0.03162278,0.37083515,0.44916485,5,100
goppa_derived_32_16,rayleigh,soft_mld,2.0,conditional_miscorrection_rate,0.41000000,0.03162278,0.37083515,0.44916485,5,100
goppa_derived_32_16,rayleigh,soft_mld,2.0,ambiguous_rate,0.00000000,0.00000000,0.00000000,0.00000000,5,100
goppa_derived_32_16,rayleigh,soft_mld,2.0,average_decoding_time_ms,0.79652760,0.15194730,0.60834067,0.98471453,5,100
goppa_derived_32_16,rayleigh,soft_mld,3.0,ber,0.11687500,0.01994622,0.09217158,0.14157842,5,100
goppa_derived_32_16,rayleigh,soft_mld,3.0,frame_error_rate,0.34200000,0.03492850,0.29874101,0.38525899,5,100
goppa_derived_32_16,rayleigh,soft_mld,3.0,failure_rate,0.00000000,0.00000000,0.00000000,0.00000000,5,100
goppa_derived_32_16,rayleigh,soft_mld,3.0,miscorrection_rate,0.34200000,0.03492850,0.29874101,0.38525899,5,100
goppa_derived_32_16,rayleigh,soft_mld,3.0,conditional_miscorrection_rate,0.34200000,0.03492850,0.29874101,0.38525899,5,100
goppa_derived_32_16,rayleigh,soft_mld,3.0,ambiguous_rate,0.00000000,0.00000000,0.00000000,0.00000000,5,100
goppa_derived_32_16,rayleigh,soft_mld,3.0,average_decoding_time_ms,0.82460720,0.17710241,0.60526563,1.04394877,5,100
goppa_derived_32_16,rayleigh,soft_mld,4.0,ber,0.09600000,0.01567866,0.07658196,0.11541804,5,100
goppa_derived_32_16,rayleigh,soft_mld,4.0,frame_error_rate,0.28400000,0.02408319,0.25417294,0.31382706,5,100
goppa_derived_32_16,rayleigh,soft_mld,4.0,failure_rate,0.00000000,0.00000000,0.00000000,0.00000000,5,100
goppa_derived_32_16,rayleigh,soft_mld,4.0,miscorrection_rate,0.28400000,0.02408319,0.25417294,0.31382706,5,100
goppa_derived_32_16,rayleigh,soft_mld,4.0,conditional_miscorrection_rate,0.28400000,0.02408319,0.25417294,0.31382706,5,100
goppa_derived_32_16,rayleigh,soft_mld,4.0,ambiguous_rate,0.00000000,0.00000000,0.00000000,0.00000000,5,100
goppa_derived_32_16,rayleigh,soft_mld,4.0,average_decoding_time_ms,0.84391720,0.06396635,0.76469479,0.92313961,5,100
goppa_derived_32_16,rayleigh,soft_mld,5.0,ber,0.08137500,0.01646137,0.06098758,0.10176242,5,100
goppa_derived_32_16,rayleigh,soft_mld,5.0,frame_error_rate,0.24200000,0.03114482,0.20342710,0.28057290,5,100
goppa_derived_32_16,rayleigh,soft_mld,5.0,failure_rate,0.00000000,0.00000000,0.00000000,0.00000000,5,100
goppa_derived_32_16,rayleigh,soft_mld,5.0,miscorrection_rate,0.24200000,0.03114482,0.20342710,0.28057290,5,100
goppa_derived_32_16,rayleigh,soft_mld,5.0,conditional_miscorrection_rate,0.24200000,0.03114482,0.20342710,0.28057290,5,100
goppa_derived_32_16,rayleigh,soft_mld,5.0,ambiguous_rate,0.00000000,0.00000000,0.00000000,0.00000000,5,100
goppa_derived_32_16,rayleigh,soft_mld,5.0,average_decoding_time_ms,0.74167780,0.09104942,0.62891297,0.85444263,5,100
goppa_derived_32_16,rayleigh,soft_mld,6.0,ber,0.06775000,0.01373294,0.05074173,0.08475827,5,100
goppa_derived_32_16,rayleigh,soft_mld,6.0,frame_error_rate,0.20200000,0.03193744,0.16244544,0.24155456,5,100
goppa_derived_32_16,rayleigh,soft_mld,6.0,failure_rate,0.00000000,0.00000000,0.00000000,0.00000000,5,100
goppa_derived_32_16,rayleigh,soft_mld,6.0,miscorrection_rate,0.20200000,0.03193744,0.16244544,0.24155456,5,100
goppa_derived_32_16,rayleigh,soft_mld,6.0,conditional_miscorrection_rate,0.20200000,0.03193744,0.16244544,0.24155456,5,100
goppa_derived_32_16,rayleigh,soft_mld,6.0,ambiguous_rate,0.00000000,0.00000000,0.00000000,0.00000000,5,100
goppa_derived_32_16,rayleigh,soft_mld,6.0,average_decoding_time_ms,0.74804860,0.10682851,0.61574135,0.88035585,5,100
goppa_derived_32_16,sinusoidal,syndrome,0.0,ber,0.93225000,0.00736334,0.92313050,0.94136950,5,100
goppa_derived_32_16,sinusoidal,syndrome,0.0,frame_error_rate,0.94000000,0.01000000,0.92761499,0.95238501,5,100
goppa_derived_32_16,sinusoidal,syndrome,0.0,failure_rate,0.93000000,0.00707107,0.92124247,0.93875753,5,100
goppa_derived_32_16,sinusoidal,syndrome,0.0,miscorrection_rate,0.01000000,0.00707107,0.00124247,0.01875753,5,100
goppa_derived_32_16,sinusoidal,syndrome,0.0,conditional_miscorrection_rate,0.14404762,0.10209678,0.01760062,0.27049462,5,100
goppa_derived_32_16,sinusoidal,syndrome,0.0,ambiguous_rate,0.00000000,0.00000000,0.00000000,0.00000000,5,100
goppa_derived_32_16,sinusoidal,syndrome,0.0,average_decoding_time_ms,0.03872040,0.01142839,0.02456632,0.05287448,5,100
goppa_derived_32_16,sinusoidal,syndrome,1.0,ber,0.87800000,0.01746313,0.85637189,0.89962811,5,100
goppa_derived_32_16,sinusoidal,syndrome,1.0,frame_error_rate,0.88400000,0.01516575,0.86521720,0.90278280,5,100
goppa_derived_32_16,sinusoidal,syndrome,1.0,failure_rate,0.87600000,0.01816590,0.85350151,0.89849849,5,100
goppa_derived_32_16,sinusoidal,syndrome,1.0,miscorrection_rate,0.00800000,0.00447214,0.00246125,0.01353875,5,100
goppa_derived_32_16,sinusoidal,syndrome,1.0,conditional_miscorrection_rate,0.06205128,0.03535069,0.01826941,0.10583316,5,100
goppa_derived_32_16,sinusoidal,syndrome,1.0,ambiguous_rate,0.00000000,0.00000000,0.00000000,0.00000000,5,100
goppa_derived_32_16,sinusoidal,syndrome,1.0,average_decoding_time_ms,0.04164000,0.00171568,0.03951513,0.04376487,5,100
goppa_derived_32_16,sinusoidal,syndrome,2.0,ber,0.80437500,0.03075229,0.76628825,0.84246175,5,100
goppa_derived_32_16,sinusoidal,syndrome,2.0,frame_error_rate,0.80600000,0.03209361,0.76625202,0.84574798,5,100
goppa_derived_32_16,sinusoidal,syndrome,2.0,failure_rate,0.80400000,0.03049590,0.76623079,0.84176921,5,100
goppa_derived_32_16,sinusoidal,syndrome,2.0,miscorrection_rate,0.00200000,0.00447214,0.00000000,0.00753875,5,100
goppa_derived_32_16,sinusoidal,syndrome,2.0,conditional_miscorrection_rate,0.01111111,0.02484520,0.00000000,0.04188192,5,100
goppa_derived_32_16,sinusoidal,syndrome,2.0,ambiguous_rate,0.00000000,0.00000000,0.00000000,0.00000000,5,100
goppa_derived_32_16,sinusoidal,syndrome,2.0,average_decoding_time_ms,0.04294240,0.00371937,0.03833596,0.04754884,5,100
goppa_derived_32_16,sinusoidal,syndrome,3.0,ber,0.67000000,0.01414214,0.65248495,0.68751505,5,100
goppa_derived_32_16,sinusoidal,syndrome,3.0,frame_error_rate,0.67000000,0.01414214,0.65248495,0.68751505,5,100
goppa_derived_32_16,sinusoidal,syndrome,3.0,failure_rate,0.67000000,0.01414214,0.65248495,0.68751505,5,100
goppa_derived_32_16,sinusoidal,syndrome,3.0,miscorrection_rate,0.00000000,0.00000000,0.00000000,0.00000000,5,100
goppa_derived_32_16,sinusoidal,syndrome,3.0,conditional_miscorrection_rate,0.00000000,0.00000000,0.00000000,0.00000000,5,100
goppa_derived_32_16,sinusoidal,syndrome,3.0,ambiguous_rate,0.00000000,0.00000000,0.00000000,0.00000000,5,100
goppa_derived_32_16,sinusoidal,syndrome,3.0,average_decoding_time_ms,0.04317800,0.00206512,0.04062035,0.04573565,5,100
goppa_derived_32_16,sinusoidal,syndrome,4.0,ber,0.50200000,0.04816638,0.44234588,0.56165412,5,100
goppa_derived_32_16,sinusoidal,syndrome,4.0,frame_error_rate,0.50200000,0.04816638,0.44234588,0.56165412,5,100
goppa_derived_32_16,sinusoidal,syndrome,4.0,failure_rate,0.50200000,0.04816638,0.44234588,0.56165412,5,100
goppa_derived_32_16,sinusoidal,syndrome,4.0,miscorrection_rate,0.00000000,0.00000000,0.00000000,0.00000000,5,100
goppa_derived_32_16,sinusoidal,syndrome,4.0,conditional_miscorrection_rate,0.00000000,0.00000000,0.00000000,0.00000000,5,100
goppa_derived_32_16,sinusoidal,syndrome,4.0,ambiguous_rate,0.00000000,0.00000000,0.00000000,0.00000000,5,100
goppa_derived_32_16,sinusoidal,syndrome,4.0,average_decoding_time_ms,0.04390960,0.00210813,0.04129868,0.04652052,5,100
goppa_derived_32_16,sinusoidal,syndrome,5.0,ber,0.35000000,0.05958188,0.27620777,0.42379223,5,100
goppa_derived_32_16,sinusoidal,syndrome,5.0,frame_error_rate,0.35000000,0.05958188,0.27620777,0.42379223,5,100
goppa_derived_32_16,sinusoidal,syndrome,5.0,failure_rate,0.35000000,0.05958188,0.27620777,0.42379223,5,100
goppa_derived_32_16,sinusoidal,syndrome,5.0,miscorrection_rate,0.00000000,0.00000000,0.00000000,0.00000000,5,100
goppa_derived_32_16,sinusoidal,syndrome,5.0,conditional_miscorrection_rate,0.00000000,0.00000000,0.00000000,0.00000000,5,100
goppa_derived_32_16,sinusoidal,syndrome,5.0,ambiguous_rate,0.00000000,0.00000000,0.00000000,0.00000000,5,100
goppa_derived_32_16,sinusoidal,syndrome,5.0,average_decoding_time_ms,0.04377720,0.00131944,0.04214307,0.04541133,5,100
goppa_derived_32_16,sinusoidal,syndrome,6.0,ber,0.23200000,0.03346640,0.19055182,0.27344818,5,100
goppa_derived_32_16,sinusoidal,syndrome,6.0,frame_error_rate,0.23200000,0.03346640,0.19055182,0.27344818,5,100
goppa_derived_32_16,sinusoidal,syndrome,6.0,failure_rate,0.23200000,0.03346640,0.19055182,0.27344818,5,100
goppa_derived_32_16,sinusoidal,syndrome,6.0,miscorrection_rate,0.00000000,0.00000000,0.00000000,0.00000000,5,100
goppa_derived_32_16,sinusoidal,syndrome,6.0,conditional_miscorrection_rate,0.00000000,0.00000000,0.00000000,0.00000000,5,100
goppa_derived_32_16,sinusoidal,syndrome,6.0,ambiguous_rate,0.00000000,0.00000000,0.00000000,0.00000000,5,100
goppa_derived_32_16,sinusoidal,syndrome,6.0,average_decoding_time_ms,0.03972780,0.01159107,0.02537224,0.05408336,5,100
goppa_derived_32_16,sinusoidal,chase,0.0,ber,0.49975000,0.04128218,0.44862196,0.55087804,5,100
goppa_derived_32_16,sinusoidal,chase,0.0,frame_error_rate,0.62400000,0.03435113,0.58145608,0.66654392,5,100
goppa_derived_32_16,sinusoidal,chase,0.0,failure_rate,0.44600000,0.04393177,0.39159045,0.50040955,5,100
goppa_derived_32_16,sinusoidal,chase,0.0,miscorrection_rate,0.17800000,0.03346640,0.13655182,0.21944818,5,100
goppa_derived_32_16,sinusoidal,chase,0.0,conditional_miscorrection_rate,0.32033636,0.04824295,0.26058740,0.38008532,5,100
goppa_derived_32_16,sinusoidal,chase,0.0,ambiguous_rate,0.00000000,0.00000000,0.00000000,0.00000000,5,100
goppa_derived_32_16,sinusoidal,chase,0.0,average_decoding_time_ms,0.52673300,0.01021064,0.51408712,0.53937888,5,100
goppa_derived_32_16,sinusoidal,chase,1.0,ber,0.35762500,0.04158341,0.30612390,0.40912610,5,100
goppa_derived_32_16,sinusoidal,chase,1.0,frame_error_rate,0.44800000,0.04438468,0.39302951,0.50297049,5,100
goppa_derived_32_16,sinusoidal,chase,1.0,failure_rate,0.32200000,0.03768289,0.27532969,0.36867031,5,100
goppa_derived_32_16,sinusoidal,chase,1.0,miscorrection_rate,0.12600000,0.01140175,0.11187891,0.14012109,5,100
goppa_derived_32_16,sinusoidal,chase,1.0,conditional_miscorrection_rate,0.18668099,0.02415085,0.15677013,0.21659186,5,100
goppa_derived_32_16,sinusoidal,chase,1.0,ambiguous_rate,0.00000000,0.00000000,0.00000000,0.00000000,5,100
goppa_derived_32_16,sinusoidal,chase,1.0,average_decoding_time_ms,0.56864560,0.03681982,0.52304420,0.61424700,5,100
goppa_derived_32_16,sinusoidal,chase,2.0,ber,0.24187500,0.03168756,0.20262991,0.28112009,5,100
goppa_derived_32_16,sinusoidal,chase,2.0,frame_error_rate,0.30600000,0.03361547,0.26436719,0.34763281,5,100
goppa_derived_32_16,sinusoidal,chase,2.0,failure_rate,0.22000000,0.03316625,0.17892356,0.26107644,5,100
goppa_derived_32_16,sinusoidal,chase,2.0,miscorrection_rate,0.08600000,0.02408319,0.05617294,0.11582706,5,100
goppa_derived_32_16,sinusoidal,chase,2.0,conditional_miscorrection_rate,0.11005957,0.02941602,0.07362780,0.14649135,5,100
goppa_derived_32_16,sinusoidal,chase,2.0,ambiguous_rate,0.00000000,0.00000000,0.00000000,0.00000000,5,100
goppa_derived_32_16,sinusoidal,chase,2.0,average_decoding_time_ms,0.54587440,0.01056353,0.53279146,0.55895734,5,100
goppa_derived_32_16,sinusoidal,chase,3.0,ber,0.12512500,0.01282697,0.10923878,0.14101122,5,100
goppa_derived_32_16,sinusoidal,chase,3.0,frame_error_rate,0.16800000,0.01788854,0.14584502,0.19015498,5,100
goppa_derived_32_16,sinusoidal,chase,3.0,failure_rate,0.11000000,0.01224745,0.09483152,0.12516848,5,100
goppa_derived_32_16,sinusoidal,chase,3.0,miscorrection_rate,0.05800000,0.01643168,0.03764935,0.07835065,5,100
goppa_derived_32_16,sinusoidal,chase,3.0,conditional_miscorrection_rate,0.06512721,0.01812440,0.04268012,0.08757431,5,100
goppa_derived_32_16,sinusoidal,chase,3.0,ambiguous_rate,0.00000000,0.00000000,0.00000000,0.00000000,5,100
goppa_derived_32_16,sinusoidal,chase,3.0,average_decoding_time_ms,0.58800300,0.02195093,0.56081674,0.61518926,5,100
goppa_derived_32_16,sinusoidal,chase,4.0,ber,0.05800000,0.02418354,0.02804865,0.08795135,5,100
goppa_derived_32_16,sinusoidal,chase,4.0,frame_error_rate,0.07400000,0.03049590,0.03623079,0.11176921,5,100
goppa_derived_32_16,sinusoidal,chase,4.0,failure_rate,0.05200000,0.02167948,0.02514993,0.07885007,5,100
goppa_derived_32_16,sinusoidal,chase,4.0,miscorrection_rate,0.02200000,0.01303840,0.00585192,0.03814808,5,100
goppa_derived_32_16,sinusoidal,chase,4.0,conditional_miscorrection_rate,0.02334706,0.01396576,0.00605045,0.04064368,5,100
goppa_derived_32_16,sinusoidal,chase,4.0,ambiguous_rate,0.00000000,0.00000000,0.00000000,0.00000000,5,100
goppa_derived_32_16,sinusoidal,chase,4.0,average_decoding_time_ms,0.58182540,0.01529779,0.56287907,0.60077173,5,100
goppa_derived_32_16,sinusoidal,chase,5.0,ber,0.01962500,0.01534499,0.00062021,0.03862979,5,100
goppa_derived_32_16,sinusoidal,chase,5.0,frame_error_rate,0.02400000,0.01341641,0.00738376,0.04061624,5,100
goppa_derived_32_16,sinusoidal,chase,5.0,failure_rate,0.01800000,0.01643168,0.00000000,0.03835065,5,100
goppa_derived_32_16,sinusoidal,chase,5.0,miscorrection_rate,0.00600000,0.00894427,0.00000000,0.01707749,5,100
goppa_derived_32_16,sinusoidal,chase,5.0,conditional_miscorrection_rate,0.00604040,0.00902343,0.00000000,0.01721593,5,100
goppa_derived_32_16,sinusoidal,chase,5.0,ambiguous_rate,0.00000000,0.00000000,0.00000000,0.00000000,5,100
goppa_derived_32_16,sinusoidal,chase,5.0,average_decoding_time_ms,0.56590120,0.08301023,0.46309292,0.66870948,5,100
goppa_derived_32_16,sinusoidal,chase,6.0,ber,0.00275000,0.00436606,0.00000000,0.00815737,5,100
goppa_derived_32_16,sinusoidal,chase,6.0,frame_error_rate,0.00400000,0.00547723,0.00000000,0.01078355,5,100
goppa_derived_32_16,sinusoidal,chase,6.0,failure_rate,0.00200000,0.00447214,0.00000000,0.00753875,5,100
goppa_derived_32_16,sinusoidal,chase,6.0,miscorrection_rate,0.00200000,0.00447214,0.00000000,0.00753875,5,100
goppa_derived_32_16,sinusoidal,chase,6.0,conditional_miscorrection_rate,0.00200000,0.00447214,0.00000000,0.00753875,5,100
goppa_derived_32_16,sinusoidal,chase,6.0,ambiguous_rate,0.00000000,0.00000000,0.00000000,0.00000000,5,100
goppa_derived_32_16,sinusoidal,chase,6.0,average_decoding_time_ms,0.51034580,0.13042404,0.34881545,0.67187615,5,100
goppa_derived_32_16,sinusoidal,hard_mld,0.0,ber,0.22162500,0.01768651,0.19972024,0.24352976,5,100
goppa_derived_32_16,sinusoidal,hard_mld,0.0,frame_error_rate,0.72200000,0.03898718,0.67371433,0.77028567,5,100
goppa_derived_32_16,sinusoidal,hard_mld,0.0,failure_rate,0.00000000,0.00000000,0.00000000,0.00000000,5,100
goppa_derived_32_16,sinusoidal,hard_mld,0.0,miscorrection_rate,0.72200000,0.03898718,0.67371433,0.77028567,5,100
goppa_derived_32_16,sinusoidal,hard_mld,0.0,conditional_miscorrection_rate,0.72200000,0.03898718,0.67371433,0.77028567,5,100
goppa_derived_32_16,sinusoidal,hard_mld,0.0,ambiguous_rate,0.58200000,0.02774887,0.54763298,0.61636702,5,100
goppa_derived_32_16,sinusoidal,hard_mld,0.0,average_decoding_time_ms,4.09056260,0.06068961,4.01539843,4.16572677,5,100
goppa_derived_32_16,sinusoidal,hard_mld,1.0,ber,0.17362500,0.00951356,0.16184244,0.18540756,5,100
goppa_derived_32_16,sinusoidal,hard_mld,1.0,frame_error_rate,0.58200000,0.02588436,0.54994219,0.61405781,5,100
goppa_derived_32_16,sinusoidal,hard_mld,1.0,failure_rate,0.00000000,0.00000000,0.00000000,0.00000000,5,100
goppa_derived_32_16,sinusoidal,hard_mld,1.0,miscorrection_rate,0.58200000,0.02588436,0.54994219,0.61405781,5,100
goppa_derived_32_16,sinusoidal,hard_mld,1.0,conditional_miscorrection_rate,0.58200000,0.02588436,0.54994219,0.61405781,5,100
goppa_derived_32_16,sinusoidal,hard_mld,1.0,ambiguous_rate,0.48400000,0.03507136,0.44056408,0.52743592,5,100
goppa_derived_32_16,sinusoidal,hard_mld,1.0,average_decoding_time_ms,3.97119400,0.07902750,3.87331833,4.06906967,5,100
goppa_derived_32_16,sinusoidal,hard_mld,2.0,ber,0.12037500,0.01413246,0.10287192,0.13787808,5,100
goppa_derived_32_16,sinusoidal,hard_mld,2.0,frame_error_rate,0.41400000,0.04449719,0.35889017,0.46910983,5,100
goppa_derived_32_16,sinusoidal,hard_mld,2.0,failure_rate,0.00000000,0.00000000,0.00000000,0.00000000,5,100
goppa_derived_32_16,sinusoidal,hard_mld,2.0,miscorrection_rate,0.41400000,0.04449719,0.35889017,0.46910983,5,100
goppa_derived_32_16,sinusoidal,hard_mld,2.0,conditional_miscorrection_rate,0.41400000,0.04449719,0.35889017,0.46910983,5,100
goppa_derived_32_16,sinusoidal,hard_mld,2.0,ambiguous_rate,0.38000000,0.06244998,0.30265562,0.45734438,5,100
goppa_derived_32_16,sinusoidal,hard_mld,2.0,average_decoding_time_ms,4.22882180,0.49235389,3.61904086,4.83860274,5,100
goppa_derived_32_16,sinusoidal,hard_mld,3.0,ber,0.07900000,0.01533863,0.06000309,0.09799691,5,100
goppa_derived_32_16,sinusoidal,hard_mld,3.0,frame_error_rate,0.29000000,0.04949747,0.22869731,0.35130269,5,100
goppa_derived_32_16,sinusoidal,hard_mld,3.0,failure_rate,0.00000000,0.00000000,0.00000000,0.00000000,5,100
goppa_derived_32_16,sinusoidal,hard_mld,3.0,miscorrection_rate,0.29000000,0.04949747,0.22869731,0.35130269,5,100
goppa_derived_32_16,sinusoidal,hard_mld,3.0,conditional_miscorrection_rate,0.29000000,0.04949747,0.22869731,0.35130269,5,100
goppa_derived_32_16,sinusoidal,hard_mld,3.0,ambiguous_rate,0.29200000,0.03492850,0.24874101,0.33525899,5,100
goppa_derived_32_16,sinusoidal,hard_mld,3.0,average_decoding_time_ms,4.01444300,0.08606770,3.90784804,4.12103796,5,100
goppa_derived_32_16,sinusoidal,hard_mld,4.0,ber,0.05312500,0.01094196,0.03957336,0.06667664,5,100
goppa_derived_32_16,sinusoidal,hard_mld,4.0,frame_error_rate,0.19400000,0.02302173,0.16548756,0.22251244,5,100
goppa_derived_32_16,sinusoidal,hard_mld,4.0,failure_rate,0.00000000,0.00000000,0.00000000,0.00000000,5,100
goppa_derived_32_16,sinusoidal,hard_mld,4.0,miscorrection_rate,0.19400000,0.02302173,0.16548756,0.22251244,5,100
goppa_derived_32_16,sinusoidal,hard_mld,4.0,conditional_miscorrection_rate,0.19400000,0.02302173,0.16548756,0.22251244,5,100
goppa_derived_32_16,sinusoidal,hard_mld,4.0,ambiguous_rate,0.19400000,0.03646917,0.14883289,0.23916711,5,100
goppa_derived_32_16,sinusoidal,hard_mld,4.0,average_decoding_time_ms,4.20793420,0.42994004,3.67545289,4.74041551,5,100
goppa_derived_32_16,sinusoidal,hard_mld,5.0,ber,0.02987500,0.00588629,0.02258482,0.03716518,5,100
goppa_derived_32_16,sinusoidal,hard_mld,5.0,frame_error_rate,0.11600000,0.01816590,0.09350151,0.13849849,5,100
goppa_derived_32_16,sinusoidal,hard_mld,5.0,failure_rate,0.00000000,0.00000000,0.00000000,0.00000000,5,100
goppa_derived_32_16,sinusoidal,hard_mld,5.0,miscorrection_rate,0.11600000,0.01816590,0.09350151,0.13849849,5,100
goppa_derived_32_16,sinusoidal,hard_mld,5.0,conditional_miscorrection_rate,0.11600000,0.01816590,0.09350151,0.13849849,5,100
goppa_derived_32_16,sinusoidal,hard_mld,5.0,ambiguous_rate,0.12200000,0.03898718,0.07371433,0.17028567,5,100
goppa_derived_32_16,sinusoidal,hard_mld,5.0,average_decoding_time_ms,4.02845760,0.04501542,3.97270594,4.08420926,5,100
goppa_derived_32_16,sinusoidal,hard_mld,6.0,ber,0.01225000,0.00391811,0.00739742,0.01710258,5,100
goppa_derived_32_16,sinusoidal,hard_mld,6.0,frame_error_rate,0.04800000,0.01643168,0.02764935,0.06835065,5,100
goppa_derived_32_16,sinusoidal,hard_mld,6.0,failure_rate,0.00000000,0.00000000,0.00000000,0.00000000,5,100
goppa_derived_32_16,sinusoidal,hard_mld,6.0,miscorrection_rate,0.04800000,0.01643168,0.02764935,0.06835065,5,100
goppa_derived_32_16,sinusoidal,hard_mld,6.0,conditional_miscorrection_rate,0.04800000,0.01643168,0.02764935,0.06835065,5,100
goppa_derived_32_16,sinusoidal,hard_mld,6.0,ambiguous_rate,0.04800000,0.01923538,0.02417695,0.07182305,5,100
goppa_derived_32_16,sinusoidal,hard_mld,6.0,average_decoding_time_ms,4.01647740,0.06171038,3.94004902,4.09290578,5,100
goppa_derived_32_16,sinusoidal,soft_mld,0.0,ber,0.12475000,0.01406319,0.10733272,0.14216728,5,100
goppa_derived_32_16,sinusoidal,soft_mld,0.0,frame_error_rate,0.41400000,0.03361547,0.37236719,0.45563281,5,100
goppa_derived_32_16,sinusoidal,soft_mld,0.0,failure_rate,0.00000000,0.00000000,0.00000000,0.00000000,5,100
goppa_derived_32_16,sinusoidal,soft_mld,0.0,miscorrection_rate,0.41400000,0.03361547,0.37236719,0.45563281,5,100
goppa_derived_32_16,sinusoidal,soft_mld,0.0,conditional_miscorrection_rate,0.41400000,0.03361547,0.37236719,0.45563281,5,100
goppa_derived_32_16,sinusoidal,soft_mld,0.0,ambiguous_rate,0.00000000,0.00000000,0.00000000,0.00000000,5,100
goppa_derived_32_16,sinusoidal,soft_mld,0.0,average_decoding_time_ms,0.80034040,0.02862119,0.76489302,0.83578778,5,100
goppa_derived_32_16,sinusoidal,soft_mld,1.0,ber,0.07537500,0.00872317,0.06457134,0.08617866,5,100
goppa_derived_32_16,sinusoidal,soft_mld,1.0,frame_error_rate,0.26000000,0.02738613,0.22608224,0.29391776,5,100
goppa_derived_32_16,sinusoidal,soft_mld,1.0,failure_rate,0.00000000,0.00000000,0.00000000,0.00000000,5,100
goppa_derived_32_16,sinusoidal,soft_mld,1.0,miscorrection_rate,0.26000000,0.02738613,0.22608224,0.29391776,5,100
goppa_derived_32_16,sinusoidal,soft_mld,1.0,conditional_miscorrection_rate,0.26000000,0.02738613,0.22608224,0.29391776,5,100
goppa_derived_32_16,sinusoidal,soft_mld,1.0,ambiguous_rate,0.00000000,0.00000000,0.00000000,0.00000000,5,100
goppa_derived_32_16,sinusoidal,soft_mld,1.0,average_decoding_time_ms,0.79691120,0.06021263,0.72233778,0.87148462,5,100
goppa_derived_32_16,sinusoidal,soft_mld,2.0,ber,0.03787500,0.00872317,0.02707134,0.04867866,5,100
goppa_derived_32_16,sinusoidal,soft_mld,2.0,frame_error_rate,0.13400000,0.02701851,0.10053754,0.16746246,5,100
goppa_derived_32_16,sinusoidal,soft_mld,2.0,failure_rate,0.00000000,0.00000000,0.00000000,0.00000000,5,100
goppa_derived_32_16,sinusoidal,soft_mld,2.0,miscorrection_rate,0.13400000,0.02701851,0.10053754,0.16746246,5,100
goppa_derived_32_16,sinusoidal,soft_mld,2.0,conditional_miscorrection_rate,0.13400000,0.02701851,0.10053754,0.16746246,5,100
goppa_derived_32_16,sinusoidal,soft_mld,2.0,ambiguous_rate,0.00000000,0.00000000,0.00000000,0.00000000,5,100
goppa_derived_32_16,sinusoidal,soft_mld,2.0,average_decoding_time_ms,0.80717180,0.07063144,0.71969467,0.89464893,5,100
goppa_derived_32_16,sinusoidal,soft_mld,3.0,ber,0.01812500,0.00794267,0.00828800,0.02796200,5,100
goppa_derived_32_16,sinusoidal,soft_mld,3.0,frame_error_rate,0.06600000,0.02073644,0.04031789,0.09168211,5,100
goppa_derived_32_16,sinusoidal,soft_mld,3.0,failure_rate,0.00000000,0.00000000,0.00000000,0.00000000,5,100
goppa_derived_32_16,sinusoidal,soft_mld,3.0,miscorrection_rate,0.06600000,0.02073644,0.04031789,0.09168211,5,100
goppa_derived_32_16,sinusoidal,soft_mld,3.0,conditional_miscorrection_rate,0.06600000,0.02073644,0.04031789,0.09168211,5,100
goppa_derived_32_16,sinusoidal,soft_mld,3.0,ambiguous_rate,0.00000000,0.00000000,0.00000000,0.00000000,5,100
goppa_derived_32_16,sinusoidal,soft_mld,3.0,average_decoding_time_ms,0.81943180,0.05040177,0.75700914,0.88185446,5,100
goppa_derived_32_16,sinusoidal,soft_mld,4.0,ber,0.00525000,0.00301688,0.00151359,0.00898641,5,100
goppa_derived_32_16,sinusoidal,soft_mld,4.0,frame_error_rate,0.02000000,0.01000000,0.00761499,0.03238501,5,100
goppa_derived_32_16,sinusoidal,soft_mld,4.0,failure_rate,0.00000000,0.00000000,0.00000000,0.00000000,5,100
goppa_derived_32_16,sinusoidal,soft_mld,4.0,miscorrection_rate,0.02000000,0.01000000,0.00761499,0.03238501,5,100
goppa_derived_32_16,sinusoidal,soft_mld,4.0,conditional_miscorrection_rate,0.02000000,0.01000000,0.00761499,0.03238501,5,100
goppa_derived_32_16,sinusoidal,soft_mld,4.0,ambiguous_rate,0.00000000,0.00000000,0.00000000,0.00000000,5,100
goppa_derived_32_16,sinusoidal,soft_mld,4.0,average_decoding_time_ms,0.79761680,0.03532864,0.75386223,0.84137137,5,100
goppa_derived_32_16,sinusoidal,soft_mld,5.0,ber,0.00075000,0.00167705,0.00000000,0.00282703,5,100
goppa_derived_32_16,sinusoidal,soft_mld,5.0,frame_error_rate,0.00200000,0.00447214,0.00000000,0.00753875,5,100
goppa_derived_32_16,sinusoidal,soft_mld,5.0,failure_rate,0.00000000,0.00000000,0.00000000,0.00000000,5,100
goppa_derived_32_16,sinusoidal,soft_mld,5.0,miscorrection_rate,0.00200000,0.00447214,0.00000000,0.00753875,5,100
goppa_derived_32_16,sinusoidal,soft_mld,5.0,conditional_miscorrection_rate,0.00200000,0.00447214,0.00000000,0.00753875,5,100
goppa_derived_32_16,sinusoidal,soft_mld,5.0,ambiguous_rate,0.00000000,0.00000000,0.00000000,0.00000000,5,100
goppa_derived_32_16,sinusoidal,soft_mld,5.0,average_decoding_time_ms,0.78126520,0.05384470,0.71457847,0.84795193,5,100
goppa_derived_32_16,sinusoidal,soft_mld,6.0,ber,0.00000000,0.00000000,0.00000000,0.00000000,5,100
goppa_derived_32_16,sinusoidal,soft_mld,6.0,frame_error_rate,0.00000000,0.00000000,0.00000000,0.00000000,5,100
goppa_derived_32_16,sinusoidal,soft_mld,6.0,failure_rate,0.00000000,0.00000000,0.00000000,0.00000000,5,100
goppa_derived_32_16,sinusoidal,soft_mld,6.0,miscorrection_rate,0.00000000,0.00000000,0.00000000,0.00000000,5,100
goppa_derived_32_16,sinusoidal,soft_mld,6.0,conditional_miscorrection_rate,0.00000000,0.00000000,0.00000000,0.00000000,5,100
goppa_derived_32_16,sinusoidal,soft_mld,6.0,ambiguous_rate,0.00000000,0.00000000,0.00000000,0.00000000,5,100
goppa_derived_32_16,sinusoidal,soft_mld,6.0,average_decoding_time_ms,0.78855760,0.02738682,0.75463899,0.82247621,5,100
reed_solomon_binary_32_16,rayleigh_awgn,syndrome,0.0,ber,0.97887500,0.00824905,0.96865854,0.98909146,5,100
reed_solomon_binary_32_16,rayleigh_awgn,syndrome,0.0,frame_error_rate,0.98400000,0.00547723,0.97721645,0.99078355,5,100
reed_solomon_binary_32_16,rayleigh_awgn,syndrome,0.0,failure_rate,0.97600000,0.01140175,0.96187891,0.99012109,5,100
reed_solomon_binary_32_16,rayleigh_awgn,syndrome,0.0,miscorrection_rate,0.00800000,0.01095445,0.00000000,0.02156710,5,100
reed_solomon_binary_32_16,rayleigh_awgn,syndrome,0.0,conditional_miscorrection_rate,0.23333333,0.32489314,0.00000000,0.63571392,5,100
reed_solomon_binary_32_16,rayleigh_awgn,syndrome,0.0,ambiguous_rate,0.00000000,0.00000000,0.00000000,0.00000000,5,100
reed_solomon_binary_32_16,rayleigh_awgn,syndrome,0.0,average_decoding_time_ms,0.06067580,0.02129924,0.03429666,0.08705494,5,100
reed_solomon_binary_32_16,rayleigh_awgn,syndrome,1.0,ber,0.95875000,0.00847791,0.94825009,0.96924991,5,100
reed_solomon_binary_32_16,rayleigh_awgn,syndrome,1.0,frame_error_rate,0.96200000,0.01303840,0.94585192,0.97814808,5,100
reed_solomon_binary_32_16,rayleigh_awgn,syndrome,1.0,failure_rate,0.95600000,0.00547723,0.94921645,0.96278355,5,100
reed_solomon_binary_32_16,rayleigh_awgn,syndrome,1.0,miscorrection_rate,0.00600000,0.00894427,0.00000000,0.01707749,5,100
reed_solomon_binary_32_16,rayleigh_awgn,syndrome,1.0,conditional_miscorrection_rate,0.15000000,0.22360680,0.00000000,0.42693731,5,100
reed_solomon_binary_32_16,rayleigh_awgn,syndrome,1.0,ambiguous_rate,0.00000000,0.00000000,0.00000000,0.00000000,5,100
reed_solomon_binary_32_16,rayleigh_awgn,syndrome,1.0,average_decoding_time_ms,0.06173920,0.02129487,0.03536547,0.08811293,5,100
reed_solomon_binary_32_16,rayleigh_awgn,syndrome,2.0,ber,0.92275000,0.03793910,0.87576238,0.96973762,5,100
reed_solomon_binary_32_16,rayleigh_awgn,syndrome,2.0,frame_error_rate,0.92600000,0.04159327,0.87448668,0.97751332,5,100
reed_solomon_binary_32_16,rayleigh_awgn,syndrome,2.0,failure_rate,0.92000000,0.03535534,0.87621237,0.96378763,5,100
reed_solomon_binary_32_16,rayleigh_awgn,syndrome,2.0,miscorrection_rate,0.00600000,0.00894427,0.00000000,0.01707749,5,100
reed_solomon_binary_32_16,rayleigh_awgn,syndrome,2.0,conditional_miscorrection_rate,0.11333333,0.17575235,0.00000000,0.33100285,5,100
reed_solomon_binary_32_16,rayleigh_awgn,syndrome,2.0,ambiguous_rate,0.00000000,0.00000000,0.00000000,0.00000000,5,100
reed_solomon_binary_32_16,rayleigh_awgn,syndrome,2.0,average_decoding_time_ms,0.06225200,0.01922974,0.03843594,0.08606806,5,100
reed_solomon_binary_32_16,rayleigh_awgn,syndrome,3.0,ber,0.87600000,0.02509980,0.84491386,0.90708614,5,100
reed_solomon_binary_32_16,rayleigh_awgn,syndrome,3.0,frame_error_rate,0.87600000,0.02509980,0.84491386,0.90708614,5,100
reed_solomon_binary_32_16,rayleigh_awgn,syndrome,3.0,failure_rate,0.87600000,0.02509980,0.84491386,0.90708614,5,100
reed_solomon_binary_32_16,rayleigh_awgn,syndrome,3.0,miscorrection_rate,0.00000000,0.00000000,0.00000000,0.00000000,5,100
reed_solomon_binary_32_16,rayleigh_awgn,syndrome,3.0,conditional_miscorrection_rate,0.00000000,0.00000000,0.00000000,0.00000000,5,100
reed_solomon_binary_32_16,rayleigh_awgn,syndrome,3.0,ambiguous_rate,0.00000000,0.00000000,0.00000000,0.00000000,5,100
reed_solomon_binary_32_16,rayleigh_awgn,syndrome,3.0,average_decoding_time_ms,0.07421480,0.02621333,0.04174956,0.10668004,5,100
reed_solomon_binary_32_16,rayleigh_awgn,syndrome,4.0,ber,0.83000000,0.01581139,0.81041757,0.84958243,5,100
reed_solomon_binary_32_16,rayleigh_awgn,syndrome,4.0,frame_error_rate,0.83000000,0.01581139,0.81041757,0.84958243,5,100
reed_solomon_binary_32_16,rayleigh_awgn,syndrome,4.0,failure_rate,0.83000000,0.01581139,0.81041757,0.84958243,5,100
reed_solomon_binary_32_16,rayleigh_awgn,syndrome,4.0,miscorrection_rate,0.00000000,0.00000000,0.00000000,0.00000000,5,100
reed_solomon_binary_32_16,rayleigh_awgn,syndrome,4.0,conditional_miscorrection_rate,0.00000000,0.00000000,0.00000000,0.00000000,5,100
reed_solomon_binary_32_16,rayleigh_awgn,syndrome,4.0,ambiguous_rate,0.00000000,0.00000000,0.00000000,0.00000000,5,100
reed_solomon_binary_32_16,rayleigh_awgn,syndrome,4.0,average_decoding_time_ms,0.06406940,0.02105587,0.03799168,0.09014712,5,100
reed_solomon_binary_32_16,rayleigh_awgn,syndrome,5.0,ber,0.71712500,0.02711232,0.68354635,0.75070365,5,100
reed_solomon_binary_32_16,rayleigh_awgn,syndrome,5.0,frame_error_rate,0.71800000,0.02588436,0.68594219,0.75005781,5,100
reed_solomon_binary_32_16,rayleigh_awgn,syndrome,5.0,failure_rate,0.71600000,0.02880972,0.68031912,0.75168088,5,100
reed_solomon_binary_32_16,rayleigh_awgn,syndrome,5.0,miscorrection_rate,0.00200000,0.00447214,0.00000000,0.00753875,5,100
reed_solomon_binary_32_16,rayleigh_awgn,syndrome,5.0,conditional_miscorrection_rate,0.00625000,0.01397542,0.00000000,0.02355858,5,100
reed_solomon_binary_32_16,rayleigh_awgn,syndrome,5.0,ambiguous_rate,0.00000000,0.00000000,0.00000000,0.00000000,5,100
reed_solomon_binary_32_16,rayleigh_awgn,syndrome,5.0,average_decoding_time_ms,0.06936360,0.01629823,0.04917822,0.08954898,5,100
reed_solomon_binary_32_16,rayleigh_awgn,syndrome,6.0,ber,0.60400000,0.02607681,0.57170384,0.63629616,5,100
reed_solomon_binary_32_16,rayleigh_awgn,syndrome,6.0,frame_error_rate,0.60400000,0.02607681,0.57170384,0.63629616,5,100
reed_solomon_binary_32_16,rayleigh_awgn,syndrome,6.0,failure_rate,0.60400000,0.02607681,0.57170384,0.63629616,5,100
reed_solomon_binary_32_16,rayleigh_awgn,syndrome,6.0,miscorrection_rate,0.00000000,0.00000000,0.00000000,0.00000000,5,100
reed_solomon_binary_32_16,rayleigh_awgn,syndrome,6.0,conditional_miscorrection_rate,0.00000000,0.00000000,0.00000000,0.00000000,5,100
reed_solomon_binary_32_16,rayleigh_awgn,syndrome,6.0,ambiguous_rate,0.00000000,0.00000000,0.00000000,0.00000000,5,100
reed_solomon_binary_32_16,rayleigh_awgn,syndrome,6.0,average_decoding_time_ms,0.06228500,0.02265606,0.03422544,0.09034456,5,100
reed_solomon_binary_32_16,rayleigh_awgn,chase,0.0,ber,0.71525000,0.03577982,0.67093665,0.75956335,5,100
reed_solomon_binary_32_16,rayleigh_awgn,chase,0.0,frame_error_rate,0.84200000,0.03492850,0.79874101,0.88525899,5,100
reed_solomon_binary_32_16,rayleigh_awgn,chase,0.0,failure_rate,0.60800000,0.03271085,0.56748756,0.64851244,5,100
reed_solomon_binary_32_16,rayleigh_awgn,chase,0.0,miscorrection_rate,0.23400000,0.01140175,0.21987891,0.24812109,5,100
reed_solomon_binary_32_16,rayleigh_awgn,chase,0.0,conditional_miscorrection_rate,0.60047599,0.05972824,0.52650249,0.67444949,5,100
reed_solomon_binary_32_16,rayleigh_awgn,chase,0.0,ambiguous_rate,0.00000000,0.00000000,0.00000000,0.00000000,5,100
reed_solomon_binary_32_16,rayleigh_awgn,chase,0.0,average_decoding_time_ms,0.49031040,0.12224390,0.33891117,0.64170963,5,100
reed_solomon_binary_32_16,rayleigh_awgn,chase,1.0,ber,0.63062500,0.02174515,0.60369360,0.65755640,5,100
reed_solomon_binary_32_16,rayleigh_awgn,chase,1.0,frame_error_rate,0.74400000,0.02302173,0.71548756,0.77251244,5,100
reed_solomon_binary_32_16,rayleigh_awgn,chase,1.0,failure_rate,0.53800000,0.03492850,0.49474101,0.58125899,5,100
reed_solomon_binary_32_16,rayleigh_awgn,chase,1.0,miscorrection_rate,0.20600000,0.03209361,0.16625202,0.24574798,5,100
reed_solomon_binary_32_16,rayleigh_awgn,chase,1.0,conditional_miscorrection_rate,0.44471262,0.04792354,0.38535925,0.50406600,5,100
reed_solomon_binary_32_16,rayleigh_awgn,chase,1.0,ambiguous_rate,0.00000000,0.00000000,0.00000000,0.00000000,5,100
reed_solomon_binary_32_16,rayleigh_awgn,chase,1.0,average_decoding_time_ms,0.49360320,0.10034180,0.36932975,0.61787665,5,100
reed_solomon_binary_32_16,rayleigh_awgn,chase,2.0,ber,0.53362500,0.01770748,0.51169427,0.55555573,5,100
reed_solomon_binary_32_16,rayleigh_awgn,chase,2.0,frame_error_rate,0.62200000,0.02387467,0.59243119,0.65156881,5,100
reed_solomon_binary_32_16,rayleigh_awgn,chase,2.0,failure_rate,0.46400000,0.02701851,0.43053754,0.49746246,5,100
reed_solomon_binary_32_16,rayleigh_awgn,chase,2.0,miscorrection_rate,0.15800000,0.02949576,0.12146946,0.19453054,5,100
reed_solomon_binary_32_16,rayleigh_awgn,chase,2.0,conditional_miscorrection_rate,0.29395044,0.04765900,0.23492470,0.35297617,5,100
reed_solomon_binary_32_16,rayleigh_awgn,chase,2.0,ambiguous_rate,0.00000000,0.00000000,0.00000000,0.00000000,5,100
reed_solomon_binary_32_16,rayleigh_awgn,chase,2.0,average_decoding_time_ms,0.56309760,0.16214830,0.36227672,0.76391848,5,100
reed_solomon_binary_32_16,rayleigh_awgn,chase,3.0,ber,0.41537500,0.02791449,0.38080287,0.44994713,5,100
reed_solomon_binary_32_16,rayleigh_awgn,chase,3.0,frame_error_rate,0.47800000,0.02588436,0.44594219,0.51005781,5,100
reed_solomon_binary_32_16,rayleigh_awgn,chase,3.0,failure_rate,0.36400000,0.03781534,0.31716565,0.41083435,5,100
reed_solomon_binary_32_16,rayleigh_awgn,chase,3.0,miscorrection_rate,0.11400000,0.02302173,0.08548756,0.14251244,5,100
reed_solomon_binary_32_16,rayleigh_awgn,chase,3.0,conditional_miscorrection_rate,0.17839360,0.03017631,0.14102021,0.21576700,5,100
reed_solomon_binary_32_16,rayleigh_awgn,chase,3.0,ambiguous_rate,0.00000000,0.00000000,0.00000000,0.00000000,5,100
reed_solomon_binary_32_16,rayleigh_awgn,chase,3.0,average_decoding_time_ms,0.49656920,0.11535872,0.35369728,0.63944112,5,100
reed_solomon_binary_32_16,rayleigh_awgn,chase,4.0,ber,0.28287500,0.02321183,0.25412712,0.31162288,5,100
reed_solomon_binary_32_16,rayleigh_awgn,chase,4.0,frame_error_rate,0.32000000,0.02449490,0.28966304,0.35033696,5,100
reed_solomon_binary_32_16,rayleigh_awgn,chase,4.0,failure_rate,0.25200000,0.02588436,0.21994219,0.28405781,5,100
reed_solomon_binary_32_16,rayleigh_awgn,chase,4.0,miscorrection_rate,0.06800000,0.02588436,0.03594219,0.10005781,5,100
reed_solomon_binary_32_16,rayleigh_awgn,chase,4.0,conditional_miscorrection_rate,0.09049063,0.03264721,0.05005702,0.13092424,5,100
reed_solomon_binary_32_16,rayleigh_awgn,chase,4.0,ambiguous_rate,0.00000000,0.00000000,0.00000000,0.00000000,5,100
reed_solomon_binary_32_16,rayleigh_awgn,chase,4.0,average_decoding_time_ms,0.52527960,0.08415730,0.42105067,0.62950853,5,100
reed_solomon_binary_32_16,rayleigh_awgn,chase,5.0,ber,0.15362500,0.03628877,0.10868131,0.19856869,5,100
reed_solomon_binary_32_16,rayleigh_awgn,chase,5.0,frame_error_rate,0.17800000,0.04086563,0.12738786,0.22861214,5,100
reed_solomon_binary_32_16,rayleigh_awgn,chase,5.0,failure_rate,0.13400000,0.03577709,0.08969003,0.17830997,5,100
reed_solomon_binary_32_16,rayleigh_awgn,chase,5.0,miscorrection_rate,0.04400000,0.01949359,0.01985716,0.06814284,5,100
reed_solomon_binary_32_16,rayleigh_awgn,chase,5.0,conditional_miscorrection_rate,0.05088184,0.02292334,0.02249125,0.07927243,5,100
reed_solomon_binary_32_16,rayleigh_awgn,chase,5.0,ambiguous_rate,0.00000000,0.00000000,0.00000000,0.00000000,5,100
reed_solomon_binary_32_16,rayleigh_awgn,chase,5.0,average_decoding_time_ms,0.52661520,0.09062039,0.41438173,0.63884867,5,100
reed_solomon_binary_32_16,rayleigh_awgn,chase,6.0,ber,0.08462500,0.02243741,0.05683623,0.11241377,5,100
reed_solomon_binary_32_16,rayleigh_awgn,chase,6.0,frame_error_rate,0.09200000,0.02489980,0.06116157,0.12283843,5,100
reed_solomon_binary_32_16,rayleigh_awgn,chase,6.0,failure_rate,0.07800000,0.02167948,0.05114993,0.10485007,5,100
reed_solomon_binary_32_16,rayleigh_awgn,chase,6.0,miscorrection_rate,0.01400000,0.00894427,0.00292251,0.02507749,5,100
reed_solomon_binary_32_16,rayleigh_awgn,chase,6.0,conditional_miscorrection_rate,0.01522665,0.00974273,0.00316026,0.02729303,5,100
reed_solomon_binary_32_16,rayleigh_awgn,chase,6.0,ambiguous_rate,0.00000000,0.00000000,0.00000000,0.00000000,5,100
reed_solomon_binary_32_16,rayleigh_awgn,chase,6.0,average_decoding_time_ms,0.55218700,0.12198560,0.40110768,0.70326632,5,100
reed_solomon_binary_32_16,rayleigh_awgn,hard_mld,0.0,ber,0.40575000,0.02652166,0.37290289,0.43859711,5,100
reed_solomon_binary_32_16,rayleigh_awgn,hard_mld,0.0,frame_error_rate,0.86400000,0.05128353,0.80048529,0.92751471,5,100
reed_solomon_binary_32_16,rayleigh_awgn,hard_mld,0.0,failure_rate,0.00000000,0.00000000,0.00000000,0.00000000,5,100
reed_solomon_binary_32_16,rayleigh_awgn,hard_mld,0.0,miscorrection_rate,0.86400000,0.05128353,0.80048529,0.92751471,5,100
reed_solomon_binary_32_16,rayleigh_awgn,hard_mld,0.0,conditional_miscorrection_rate,0.86400000,0.05128353,0.80048529,0.92751471,5,100
reed_solomon_binary_32_16,rayleigh_awgn,hard_mld,0.0,ambiguous_rate,0.51400000,0.01673320,0.49327591,0.53472409,5,100
reed_solomon_binary_32_16,rayleigh_awgn,hard_mld,0.0,average_decoding_time_ms,3.58415800,0.64386500,2.78673036,4.38158564,5,100
reed_solomon_binary_32_16,rayleigh_awgn,hard_mld,1.0,ber,0.36462500,0.03480302,0.32152142,0.40772858,5,100
reed_solomon_binary_32_16,rayleigh_awgn,hard_mld,1.0,frame_error_rate,0.77800000,0.05403702,0.71107507,0.84492493,5,100
reed_solomon_binary_32_16,rayleigh_awgn,hard_mld,1.0,failure_rate,0.00000000,0.00000000,0.00000000,0.00000000,5,100
reed_solomon_binary_32_16,rayleigh_awgn,hard_mld,1.0,miscorrection_rate,0.77800000,0.05403702,0.71107507,0.84492493,5,100
reed_solomon_binary_32_16,rayleigh_awgn,hard_mld,1.0,conditional_miscorrection_rate,0.77800000,0.05403702,0.71107507,0.84492493,5,100
reed_solomon_binary_32_16,rayleigh_awgn,hard_mld,1.0,ambiguous_rate,0.48200000,0.03563706,0.43786346,0.52613654,5,100
reed_solomon_binary_32_16,rayleigh_awgn,hard_mld,1.0,average_decoding_time_ms,3.51750300,0.68989712,2.66306451,4.37194149,5,100
reed_solomon_binary_32_16,rayleigh_awgn,hard_mld,2.0,ber,0.32137500,0.03170112,0.28211312,0.36063688,5,100
reed_solomon_binary_32_16,rayleigh_awgn,hard_mld,2.0,frame_error_rate,0.68400000,0.04774935,0.62486237,0.74313763,5,100
reed_solomon_binary_32_16,rayleigh_awgn,hard_mld,2.0,failure_rate,0.00000000,0.00000000,0.00000000,0.00000000,5,100
reed_solomon_binary_32_16,rayleigh_awgn,hard_mld,2.0,miscorrection_rate,0.68400000,0.04774935,0.62486237,0.74313763,5,100
reed_solomon_binary_32_16,rayleigh_awgn,hard_mld,2.0,conditional_miscorrection_rate,0.68400000,0.04774935,0.62486237,0.74313763,5,100
reed_solomon_binary_32_16,rayleigh_awgn,hard_mld,2.0,ambiguous_rate,0.44000000,0.04415880,0.38530926,0.49469074,5,100
reed_solomon_binary_32_16,rayleigh_awgn,hard_mld,2.0,average_decoding_time_ms,3.53224160,0.63548201,2.74519630,4.31928690,5,100
reed_solomon_binary_32_16,rayleigh_awgn,hard_mld,3.0,ber,0.26425000,0.01801909,0.24193334,0.28656666,5,100
reed_solomon_binary_32_16,rayleigh_awgn,hard_mld,3.0,frame_error_rate,0.55600000,0.02880972,0.52031912,0.59168088,5,100
reed_solomon_binary_32_16,rayleigh_awgn,hard_mld,3.0,failure_rate,0.00000000,0.00000000,0.00000000,0.00000000,5,100
reed_solomon_binary_32_16,rayleigh_awgn,hard_mld,3.0,miscorrection_rate,0.55600000,0.02880972,0.52031912,0.59168088,5,100
reed_solomon_binary_32_16,rayleigh_awgn,hard_mld,3.0,conditional_miscorrection_rate,0.55600000,0.02880972,0.52031912,0.59168088,5,100
reed_solomon_binary_32_16,rayleigh_awgn,hard_mld,3.0,ambiguous_rate,0.38000000,0.04123106,0.32893528,0.43106472,5,100
reed_solomon_binary_32_16,rayleigh_awgn,hard_mld,3.0,average_decoding_time_ms,3.71123300,0.72015009,2.81932617,4.60313983,5,100
reed_solomon_binary_32_16,rayleigh_awgn,hard_mld,4.0,ber,0.21300000,0.02761128,0.17880339,0.24719661,5,100
reed_solomon_binary_32_16,rayleigh_awgn,hard_mld,4.0,frame_error_rate,0.44400000,0.04159327,0.39248668,0.49551332,5,100
reed_solomon_binary_32_16,rayleigh_awgn,hard_mld,4.0,failure_rate,0.00000000,0.00000000,0.00000000,0.00000000,5,100
reed_solomon_binary_32_16,rayleigh_awgn,hard_mld,4.0,miscorrection_rate,0.44400000,0.04159327,0.39248668,0.49551332,5,100
reed_solomon_binary_32_16,rayleigh_awgn,hard_mld,4.0,conditional_miscorrection_rate,0.44400000,0.04159327,0.39248668,0.49551332,5,100
reed_solomon_binary_32_16,rayleigh_awgn,hard_mld,4.0,ambiguous_rate,0.31800000,0.03701351,0.27215872,0.36384128,5,100
reed_solomon_binary_32_16,rayleigh_awgn,hard_mld,4.0,average_decoding_time_ms,3.64856640,0.73406901,2.73942098,4.55771182,5,100
reed_solomon_binary_32_16,rayleigh_awgn,hard_mld,5.0,ber,0.14837500,0.01154644,0.13407472,0.16267528,5,100
reed_solomon_binary_32_16,rayleigh_awgn,hard_mld,5.0,frame_error_rate,0.32200000,0.02683282,0.28876752,0.35523248,5,100
reed_solomon_binary_32_16,rayleigh_awgn,hard_mld,5.0,failure_rate,0.00000000,0.00000000,0.00000000,0.00000000,5,100
reed_solomon_binary_32_16,rayleigh_awgn,hard_mld,5.0,miscorrection_rate,0.32200000,0.02683282,0.28876752,0.35523248,5,100
reed_solomon_binary_32_16,rayleigh_awgn,hard_mld,5.0,conditional_miscorrection_rate,0.32200000,0.02683282,0.28876752,0.35523248,5,100
reed_solomon_binary_32_16,rayleigh_awgn,hard_mld,5.0,ambiguous_rate,0.26000000,0.01000000,0.24761499,0.27238501,5,100
reed_solomon_binary_32_16,rayleigh_awgn,hard_mld,5.0,average_decoding_time_ms,3.66183720,0.89443494,2.55407836,4.76959604,5,100
reed_solomon_binary_32_16,rayleigh_awgn,hard_mld,6.0,ber,0.09650000,0.01037010,0.08365661,0.10934339,5,100
reed_solomon_binary_32_16,rayleigh_awgn,hard_mld,6.0,frame_error_rate,0.21600000,0.03130495,0.17722878,0.25477122,5,100
reed_solomon_binary_32_16,rayleigh_awgn,hard_mld,6.0,failure_rate,0.00000000,0.00000000,0.00000000,0.00000000,5,100
reed_solomon_binary_32_16,rayleigh_awgn,hard_mld,6.0,miscorrection_rate,0.21600000,0.03130495,0.17722878,0.25477122,5,100
reed_solomon_binary_32_16,rayleigh_awgn,hard_mld,6.0,conditional_miscorrection_rate,0.21600000,0.03130495,0.17722878,0.25477122,5,100
reed_solomon_binary_32_16,rayleigh_awgn,hard_mld,6.0,ambiguous_rate,0.18200000,0.02588436,0.14994219,0.21405781,5,100
reed_solomon_binary_32_16,rayleigh_awgn,hard_mld,6.0,average_decoding_time_ms,3.50574320,0.70190565,2.63643214,4.37505426,5,100
reed_solomon_binary_32_16,rayleigh_awgn,soft_mld,0.0,ber,0.32087500,0.03177865,0.28151710,0.36023290,5,100
reed_solomon_binary_32_16,rayleigh_awgn,soft_mld,0.0,frame_error_rate,0.68400000,0.04037326,0.63399767,0.73400233,5,100
reed_solomon_binary_32_16,rayleigh_awgn,soft_mld,0.0,failure_rate,0.00000000,0.00000000,0.00000000,0.00000000,5,100
reed_solomon_binary_32_16,rayleigh_awgn,soft_mld,0.0,miscorrection_rate,0.68400000,0.04037326,0.63399767,0.73400233,5,100
reed_solomon_binary_32_16,rayleigh_awgn,soft_mld,0.0,conditional_miscorrection_rate,0.68400000,0.04037326,0.63399767,0.73400233,5,100
reed_solomon_binary_32_16,rayleigh_awgn,soft_mld,0.0,ambiguous_rate,0.00000000,0.00000000,0.00000000,0.00000000,5,100
reed_solomon_binary_32_16,rayleigh_awgn,soft_mld,0.0,average_decoding_time_ms,0.75574980,0.09640440,0.63635283,0.87514677,5,100
reed_solomon_binary_32_16,rayleigh_awgn,soft_mld,1.0,ber,0.26162500,0.02139929,0.23512195,0.28812805,5,100
reed_solomon_binary_32_16,rayleigh_awgn,soft_mld,1.0,frame_error_rate,0.56200000,0.03193744,0.52244544,0.60155456,5,100
reed_solomon_binary_32_16,rayleigh_awgn,soft_mld,1.0,failure_rate,0.00000000,0.00000000,0.00000000,0.00000000,5,100
reed_solomon_binary_32_16,rayleigh_awgn,soft_mld,1.0,miscorrection_rate,0.56200000,0.03193744,0.52244544,0.60155456,5,100
reed_solomon_binary_32_16,rayleigh_awgn,soft_mld,1.0,conditional_miscorrection_rate,0.56200000,0.03193744,0.52244544,0.60155456,5,100
reed_solomon_binary_32_16,rayleigh_awgn,soft_mld,1.0,ambiguous_rate,0.00000000,0.00000000,0.00000000,0.00000000,5,100
reed_solomon_binary_32_16,rayleigh_awgn,soft_mld,1.0,average_decoding_time_ms,0.81265040,0.15293020,0.62324615,1.00205465,5,100
reed_solomon_binary_32_16,rayleigh_awgn,soft_mld,2.0,ber,0.18487500,0.01013001,0.17232896,0.19742104,5,100
reed_solomon_binary_32_16,rayleigh_awgn,soft_mld,2.0,frame_error_rate,0.39200000,0.01303840,0.37585192,0.40814808,5,100
reed_solomon_binary_32_16,rayleigh_awgn,soft_mld,2.0,failure_rate,0.00000000,0.00000000,0.00000000,0.00000000,5,100
reed_solomon_binary_32_16,rayleigh_awgn,soft_mld,2.0,miscorrection_rate,0.39200000,0.01303840,0.37585192,0.40814808,5,100
reed_solomon_binary_32_16,rayleigh_awgn,soft_mld,2.0,conditional_miscorrection_rate,0.39200000,0.01303840,0.37585192,0.40814808,5,100
reed_solomon_binary_32_16,rayleigh_awgn,soft_mld,2.0,ambiguous_rate,0.00000000,0.00000000,0.00000000,0.00000000,5,100
reed_solomon_binary_32_16,rayleigh_awgn,soft_mld,2.0,average_decoding_time_ms,0.84956360,0.24682802,0.54386678,1.15526042,5,100
reed_solomon_binary_32_16,rayleigh_awgn,soft_mld,3.0,ber,0.11075000,0.01061028,0.09760915,0.12389085,5,100
reed_solomon_binary_32_16,rayleigh_awgn,soft_mld,3.0,frame_error_rate,0.23200000,0.02167948,0.20514993,0.25885007,5,100
reed_solomon_binary_32_16,rayleigh_awgn,soft_mld,3.0,failure_rate,0.00000000,0.00000000,0.00000000,0.00000000,5,100
reed_solomon_binary_32_16,rayleigh_awgn,soft_mld,3.0,miscorrection_rate,0.23200000,0.02167948,0.20514993,0.25885007,5,100
reed_solomon_binary_32_16,rayleigh_awgn,soft_mld,3.0,conditional_miscorrection_rate,0.23200000,0.02167948,0.20514993,0.25885007,5,100
reed_solomon_binary_32_16,rayleigh_awgn,soft_mld,3.0,ambiguous_rate,0.00000000,0.00000000,0.00000000,0.00000000,5,100
reed_solomon_binary_32_16,rayleigh_awgn,soft_mld,3.0,average_decoding_time_ms,0.84733680,0.17416904,0.63162821,1.06304539,5,100
reed_solomon_binary_32_16,rayleigh_awgn,soft_mld,4.0,ber,0.06537500,0.00944350,0.05367921,0.07707079,5,100
reed_solomon_binary_32_16,rayleigh_awgn,soft_mld,4.0,frame_error_rate,0.13800000,0.03033150,0.10043440,0.17556560,5,100
reed_solomon_binary_32_16,rayleigh_awgn,soft_mld,4.0,failure_rate,0.00000000,0.00000000,0.00000000,0.00000000,5,100
reed_solomon_binary_32_16,rayleigh_awgn,soft_mld,4.0,miscorrection_rate,0.13800000,0.03033150,0.10043440,0.17556560,5,100
reed_solomon_binary_32_16,rayleigh_awgn,soft_mld,4.0,conditional_miscorrection_rate,0.13800000,0.03033150,0.10043440,0.17556560,5,100
reed_solomon_binary_32_16,rayleigh_awgn,soft_mld,4.0,ambiguous_rate,0.00000000,0.00000000,0.00000000,0.00000000,5,100
reed_solomon_binary_32_16,rayleigh_awgn,soft_mld,4.0,average_decoding_time_ms,0.84989140,0.17697990,0.63070156,1.06908124,5,100
reed_solomon_binary_32_16,rayleigh_awgn,soft_mld,5.0,ber,0.03025000,0.01693046,0.00928160,0.05121840,5,100
reed_solomon_binary_32_16,rayleigh_awgn,soft_mld,5.0,frame_error_rate,0.06200000,0.03563706,0.01786346,0.10613654,5,100
reed_solomon_binary_32_16,rayleigh_awgn,soft_mld,5.0,failure_rate,0.00000000,0.00000000,0.00000000,0.00000000,5,100
reed_solomon_binary_32_16,rayleigh_awgn,soft_mld,5.0,miscorrection_rate,0.06200000,0.03563706,0.01786346,0.10613654,5,100
reed_solomon_binary_32_16,rayleigh_awgn,soft_mld,5.0,conditional_miscorrection_rate,0.06200000,0.03563706,0.01786346,0.10613654,5,100
reed_solomon_binary_32_16,rayleigh_awgn,soft_mld,5.0,ambiguous_rate,0.00000000,0.00000000,0.00000000,0.00000000,5,100
reed_solomon_binary_32_16,rayleigh_awgn,soft_mld,5.0,average_decoding_time_ms,0.75966220,0.08483087,0.65459905,0.86472535,5,100
reed_solomon_binary_32_16,rayleigh_awgn,soft_mld,6.0,ber,0.00987500,0.00617771,0.00222390,0.01752610,5,100
reed_solomon_binary_32_16,rayleigh_awgn,soft_mld,6.0,frame_error_rate,0.02400000,0.01516575,0.00521720,0.04278280,5,100
reed_solomon_binary_32_16,rayleigh_awgn,soft_mld,6.0,failure_rate,0.00000000,0.00000000,0.00000000,0.00000000,5,100
reed_solomon_binary_32_16,rayleigh_awgn,soft_mld,6.0,miscorrection_rate,0.02400000,0.01516575,0.00521720,0.04278280,5,100
reed_solomon_binary_32_16,rayleigh_awgn,soft_mld,6.0,conditional_miscorrection_rate,0.02400000,0.01516575,0.00521720,0.04278280,5,100
reed_solomon_binary_32_16,rayleigh_awgn,soft_mld,6.0,ambiguous_rate,0.00000000,0.00000000,0.00000000,0.00000000,5,100
reed_solomon_binary_32_16,rayleigh_awgn,soft_mld,6.0,average_decoding_time_ms,0.75682260,0.10811562,0.62292127,0.89072393,5,100
reed_solomon_binary_32_16,rayleigh,syndrome,0.0,ber,0.85600000,0.02190890,0.82886580,0.88313420,5,100
reed_solomon_binary_32_16,rayleigh,syndrome,0.0,frame_error_rate,0.85600000,0.02190890,0.82886580,0.88313420,5,100
reed_solomon_binary_32_16,rayleigh,syndrome,0.0,failure_rate,0.85600000,0.02190890,0.82886580,0.88313420,5,100
reed_solomon_binary_32_16,rayleigh,syndrome,0.0,miscorrection_rate,0.00000000,0.00000000,0.00000000,0.00000000,5,100
reed_solomon_binary_32_16,rayleigh,syndrome,0.0,conditional_miscorrection_rate,0.00000000,0.00000000,0.00000000,0.00000000,5,100
reed_solomon_binary_32_16,rayleigh,syndrome,0.0,ambiguous_rate,0.00000000,0.00000000,0.00000000,0.00000000,5,100
reed_solomon_binary_32_16,rayleigh,syndrome,0.0,average_decoding_time_ms,0.06718560,0.01956024,0.04296021,0.09141099,5,100
reed_solomon_binary_32_16,rayleigh,syndrome,1.0,ber,0.78600000,0.02302173,0.75748756,0.81451244,5,100
reed_solomon_binary_32_16,rayleigh,syndrome,1.0,frame_error_rate,0.78800000,0.02049390,0.76261828,0.81338172,5,100
reed_solomon_binary_32_16,rayleigh,syndrome,1.0,failure_rate,0.78400000,0.02607681,0.75170384,0.81629616,5,100
reed_solomon_binary_32_16,rayleigh,syndrome,1.0,miscorrection_rate,0.00400000,0.00894427,0.00000000,0.01507749,5,100
reed_solomon_binary_32_16,rayleigh,syndrome,1.0,conditional_miscorrection_rate,0.01600000,0.03577709,0.00000000,0.06030997,5,100
reed_solomon_binary_32_16,rayleigh,syndrome,1.0,ambiguous_rate,0.00000000,0.00000000,0.00000000,0.00000000,5,100
reed_solomon_binary_32_16,rayleigh,syndrome,1.0,average_decoding_time_ms,0.06964620,0.02011692,0.04473137,0.09456103,5,100
reed_solomon_binary_32_16,rayleigh,syndrome,2.0,ber,0.70462500,0.02818604,0.66971655,0.73953345,5,100
reed_solomon_binary_32_16,rayleigh,syndrome,2.0,frame_error_rate,0.70600000,0.02701851,0.67253754,0.73946246,5,100
reed_solomon_binary_32_16,rayleigh,syndrome,2.0,failure_rate,0.70400000,0.02880972,0.66831912,0.73968088,5,100
reed_solomon_binary_32_16,rayleigh,syndrome,2.0,miscorrection_rate,0.00200000,0.00447214,0.00000000,0.00753875,5,100
reed_solomon_binary_32_16,rayleigh,syndrome,2.0,conditional_miscorrection_rate,0.00625000,0.01397542,0.00000000,0.02355858,5,100
reed_solomon_binary_32_16,rayleigh,syndrome,2.0,ambiguous_rate,0.00000000,0.00000000,0.00000000,0.00000000,5,100
reed_solomon_binary_32_16,rayleigh,syndrome,2.0,average_decoding_time_ms,0.06907400,0.01973089,0.04463727,0.09351073,5,100
reed_solomon_binary_32_16,rayleigh,syndrome,3.0,ber,0.62800000,0.04324350,0.57444287,0.68155713,5,100
reed_solomon_binary_32_16,rayleigh,syndrome,3.0,frame_error_rate,0.62800000,0.04324350,0.57444287,0.68155713,5,100
reed_solomon_binary_32_16,rayleigh,syndrome,3.0,failure_rate,0.62800000,0.04324350,0.57444287,0.68155713,5,100
reed_solomon_binary_32_16,rayleigh,syndrome,3.0,miscorrection_rate,0.00000000,0.00000000,0.00000000,0.00000000,5,100
reed_solomon_binary_32_16,rayleigh,syndrome,3.0,conditional_miscorrection_rate,0.00000000,0.00000000,0.00000000,0.00000000,5,100
reed_solomon_binary_32_16,rayleigh,syndrome,3.0,ambiguous_rate,0.00000000,0.00000000,0.00000000,0.00000000,5,100
reed_solomon_binary_32_16,rayleigh,syndrome,3.0,average_decoding_time_ms,0.08154580,0.00557332,0.07464324,0.08844836,5,100
reed_solomon_binary_32_16,rayleigh,syndrome,4.0,ber,0.54200000,0.03563706,0.49786346,0.58613654,5,100
reed_solomon_binary_32_16,rayleigh,syndrome,4.0,frame_error_rate,0.54200000,0.03563706,0.49786346,0.58613654,5,100
reed_solomon_binary_32_16,rayleigh,syndrome,4.0,failure_rate,0.54200000,0.03563706,0.49786346,0.58613654,5,100
reed_solomon_binary_32_16,rayleigh,syndrome,4.0,miscorrection_rate,0.00000000,0.00000000,0.00000000,0.00000000,5,100
reed_solomon_binary_32_16,rayleigh,syndrome,4.0,conditional_miscorrection_rate,0.00000000,0.00000000,0.00000000,0.00000000,5,100
reed_solomon_binary_32_16,rayleigh,syndrome,4.0,ambiguous_rate,0.00000000,0.00000000,0.00000000,0.00000000,5,100
reed_solomon_binary_32_16,rayleigh,syndrome,4.0,average_decoding_time_ms,0.07992660,0.00392558,0.07506477,0.08478843,5,100
reed_solomon_binary_32_16,rayleigh,syndrome,5.0,ber,0.47800000,0.05019960,0.41582773,0.54017227,5,100
reed_solomon_binary_32_16,rayleigh,syndrome,5.0,frame_error_rate,0.47800000,0.05019960,0.41582773,0.54017227,5,100
reed_solomon_binary_32_16,rayleigh,syndrome,5.0,failure_rate,0.47800000,0.05019960,0.41582773,0.54017227,5,100
reed_solomon_binary_32_16,rayleigh,syndrome,5.0,miscorrection_rate,0.00000000,0.00000000,0.00000000,0.00000000,5,100
reed_solomon_binary_32_16,rayleigh,syndrome,5.0,conditional_miscorrection_rate,0.00000000,0.00000000,0.00000000,0.00000000,5,100
reed_solomon_binary_32_16,rayleigh,syndrome,5.0,ambiguous_rate,0.00000000,0.00000000,0.00000000,0.00000000,5,100
reed_solomon_binary_32_16,rayleigh,syndrome,5.0,average_decoding_time_ms,0.07055560,0.02106875,0.04446193,0.09664927,5,100
reed_solomon_binary_32_16,rayleigh,syndrome,6.0,ber,0.39800000,0.03492850,0.35474101,0.44125899,5,100
reed_solomon_binary_32_16,rayleigh,syndrome,6.0,frame_error_rate,0.39800000,0.03492850,0.35474101,0.44125899,5,100
reed_solomon_binary_32_16,rayleigh,syndrome,6.0,failure_rate,0.39800000,0.03492850,0.35474101,0.44125899,5,100
reed_solomon_binary_32_16,rayleigh,syndrome,6.0,miscorrection_rate,0.00000000,0.00000000,0.00000000,0.00000000,5,100
reed_solomon_binary_32_16,rayleigh,syndrome,6.0,conditional_miscorrection_rate,0.00000000,0.00000000,0.00000000,0.00000000,5,100
reed_solomon_binary_32_16,rayleigh,syndrome,6.0,ambiguous_rate,0.00000000,0.00000000,0.00000000,0.00000000,5,100
reed_solomon_binary_32_16,rayleigh,syndrome,6.0,average_decoding_time_ms,0.08007040,0.00290729,0.07646972,0.08367108,5,100
reed_solomon_binary_32_16,rayleigh,chase,0.0,ber,0.52450000,0.04809943,0.46492880,0.58407120,5,100
reed_solomon_binary_32_16,rayleigh,chase,0.0,frame_error_rate,0.64600000,0.04669047,0.58817379,0.70382621,5,100
reed_solomon_binary_32_16,rayleigh,chase,0.0,failure_rate,0.41800000,0.05761944,0.34663825,0.48936175,5,100
reed_solomon_binary_32_16,rayleigh,chase,0.0,miscorrection_rate,0.22800000,0.04024922,0.17815128,0.27784872,5,100
reed_solomon_binary_32_16,rayleigh,chase,0.0,conditional_miscorrection_rate,0.39143230,0.05542693,0.32278598,0.46007863,5,100
reed_solomon_binary_32_16,rayleigh,chase,0.0,ambiguous_rate,0.00000000,0.00000000,0.00000000,0.00000000,5,100
reed_solomon_binary_32_16,rayleigh,chase,0.0,average_decoding_time_ms,0.51894600,0.10448815,0.38953728,0.64835472,5,100
reed_solomon_binary_32_16,rayleigh,chase,1.0,ber,0.48612500,0.05191151,0.42183253,0.55041747,5,100
reed_solomon_binary_32_16,rayleigh,chase,1.0,frame_error_rate,0.59200000,0.04604346,0.53497512,0.64902488,5,100
reed_solomon_binary_32_16,rayleigh,chase,1.0,failure_rate,0.39800000,0.06300794,0.31996459,0.47603541,5,100
reed_solomon_binary_32_16,rayleigh,chase,1.0,miscorrection_rate,0.19400000,0.03911521,0.14555576,0.24244424,5,100
reed_solomon_binary_32_16,rayleigh,chase,1.0,conditional_miscorrection_rate,0.32140820,0.04913834,0.26055030,0.38226610,5,100
reed_solomon_binary_32_16,rayleigh,chase,1.0,ambiguous_rate,0.00000000,0.00000000,0.00000000,0.00000000,5,100
reed_solomon_binary_32_16,rayleigh,chase,1.0,average_decoding_time_ms,0.53630140,0.11456834,0.39440836,0.67819444,5,100
reed_solomon_binary_32_16,rayleigh,chase,2.0,ber,0.40562500,0.05997232,0.33134920,0.47990080,5,100
reed_solomon_binary_32_16,rayleigh,chase,2.0,frame_error_rate,0.48400000,0.05594640,0.41471031,0.55328969,5,100
reed_solomon_binary_32_16,rayleigh,chase,2.0,failure_rate,0.33800000,0.07563068,0.24433130,0.43166870,5,100
reed_solomon_binary_32_16,rayleigh,chase,2.0,miscorrection_rate,0.14600000,0.03130495,0.10722878,0.18477122,5,100
reed_solomon_binary_32_16,rayleigh,chase,2.0,conditional_miscorrection_rate,0.21974969,0.03032802,0.18218840,0.25731099,5,100
reed_solomon_binary_32_16,rayleigh,chase,2.0,ambiguous_rate,0.00000000,0.00000000,0.00000000,0.00000000,5,100
reed_solomon_binary_32_16,rayleigh,chase,2.0,average_decoding_time_ms,0.60146900,0.03381457,0.55958961,0.64334839,5,100
reed_solomon_binary_32_16,rayleigh,chase,3.0,ber,0.35100000,0.05340478,0.28485811,0.41714189,5,100
reed_solomon_binary_32_16,rayleigh,chase,3.0,frame_error_rate,0.41600000,0.05176872,0.35188438,0.48011562,5,100
reed_solomon_binary_32_16,rayleigh,chase,3.0,failure_rate,0.29000000,0.06403124,0.21069722,0.36930278,5,100
reed_solomon_binary_32_16,rayleigh,chase,3.0,miscorrection_rate,0.12600000,0.04722288,0.06751441,0.18448559,5,100
reed_solomon_binary_32_16,rayleigh,chase,3.0,conditional_miscorrection_rate,0.17565777,0.05972892,0.10168343,0.24963211,5,100
reed_solomon_binary_32_16,rayleigh,chase,3.0,ambiguous_rate,0.00000000,0.00000000,0.00000000,0.00000000,5,100
reed_solomon_binary_32_16,rayleigh,chase,3.0,average_decoding_time_ms,0.62476140,0.07446998,0.53253023,0.71699257,5,100
reed_solomon_binary_32_16,rayleigh,chase,4.0,ber,0.30662500,0.04785558,0.24735581,0.36589419,5,100
reed_solomon_binary_32_16,rayleigh,chase,4.0,frame_error_rate,0.36400000,0.04827007,0.30421745,0.42378255,5,100
reed_solomon_binary_32_16,rayleigh,chase,4.0,failure_rate,0.25400000,0.05128353,0.19048529,0.31751471,5,100
reed_solomon_binary_32_16,rayleigh,chase,4.0,miscorrection_rate,0.11000000,0.03000000,0.07284496,0.14715504,5,100
reed_solomon_binary_32_16,rayleigh,chase,4.0,conditional_miscorrection_rate,0.14714747,0.03824532,0.09978059,0.19451434,5,100
reed_solomon_binary_32_16,rayleigh,chase,4.0,ambiguous_rate,0.00000000,0.00000000,0.00000000,0.00000000,5,100
reed_solomon_binary_32_16,rayleigh,chase,4.0,average_decoding_time_ms,0.59368900,0.02875838,0.55807171,0.62930629,5,100
reed_solomon_binary_32_16,rayleigh,chase,5.0,ber,0.26000000,0.03069189,0.22198805,0.29801195,5,100
reed_solomon_binary_32_16,rayleigh,chase,5.0,frame_error_rate,0.30200000,0.03114482,0.26342710,0.34057290,5,100
reed_solomon_binary_32_16,rayleigh,chase,5.0,failure_rate,0.22000000,0.03674235,0.17449456,0.26550544,5,100
reed_solomon_binary_32_16,rayleigh,chase,5.0,miscorrection_rate,0.08200000,0.02588436,0.04994219,0.11405781,5,100
reed_solomon_binary_32_16,rayleigh,chase,5.0,conditional_miscorrection_rate,0.10465509,0.02998633,0.06751698,0.14179321,5,100
reed_solomon_binary_32_16,rayleigh,chase,5.0,ambiguous_rate,0.00000000,0.00000000,0.00000000,0.00000000,5,100
reed_solomon_binary_32_16,rayleigh,chase,5.0,average_decoding_time_ms,0.60342760,0.01109416,0.58968747,0.61716773,5,100
reed_solomon_binary_32_16,rayleigh,chase,6.0,ber,0.23100000,0.04332066,0.17734730,0.28465270,5,100
reed_solomon_binary_32_16,rayleigh,chase,6.0,frame_error_rate,0.26400000,0.03781534,0.21716565,0.31083435,5,100
reed_solomon_binary_32_16,rayleigh,chase,6.0,failure_rate,0.19800000,0.04919350,0.13707379,0.25892621,5,100
reed_solomon_binary_32_16,rayleigh,chase,6.0,miscorrection_rate,0.06600000,0.02302173,0.03748756,0.09451244,5,100
reed_solomon_binary_32_16,rayleigh,chase,6.0,conditional_miscorrection_rate,0.08161781,0.02493877,0.05073111,0.11250451,5,100
reed_solomon_binary_32_16,rayleigh,chase,6.0,ambiguous_rate,0.00000000,0.00000000,0.00000000,0.00000000,5,100
reed_solomon_binary_32_16,rayleigh,chase,6.0,average_decoding_time_ms,0.62036920,0.01305301,0.60420303,0.63653537,5,100
reed_solomon_binary_32_16,rayleigh,hard_mld,0.0,ber,0.33300000,0.01193570,0.31821762,0.34778238,5,100
reed_solomon_binary_32_16,rayleigh,hard_mld,0.0,frame_error_rate,0.71000000,0.01870829,0.68682976,0.73317024,5,100
reed_solomon_binary_32_16,rayleigh,hard_mld,0.0,failure_rate,0.00000000,0.00000000,0.00000000,0.00000000,5,100
reed_solomon_binary_32_16,rayleigh,hard_mld,0.0,miscorrection_rate,0.71000000,0.01870829,0.68682976,0.73317024,5,100
reed_solomon_binary_32_16,rayleigh,hard_mld,0.0,conditional_miscorrection_rate,0.71000000,0.01870829,0.68682976,0.73317024,5,100
reed_solomon_binary_32_16,rayleigh,hard_mld,0.0,ambiguous_rate,0.36600000,0.01816590,0.34350151,0.38849849,5,100
reed_solomon_binary_32_16,rayleigh,hard_mld,0.0,average_decoding_time_ms,3.72594380,0.65304019,2.91715267,4.53473493,5,100
reed_solomon_binary_32_16,rayleigh,hard_mld,1.0,ber,0.29712500,0.01250469,0.28163793,0.31261207,5,100
reed_solomon_binary_32_16,rayleigh,hard_mld,1.0,frame_error_rate,0.62200000,0.02167948,0.59514993,0.64885007,5,100
reed_solomon_binary_32_16,rayleigh,hard_mld,1.0,failure_rate,0.00000000,0.00000000,0.00000000,0.00000000,5,100
reed_solomon_binary_32_16,rayleigh,hard_mld,1.0,miscorrection_rate,0.62200000,0.02167948,0.59514993,0.64885007,5,100
reed_solomon_binary_32_16,rayleigh,hard_mld,1.0,conditional_miscorrection_rate,0.62200000,0.02167948,0.59514993,0.64885007,5,100
reed_solomon_binary_32_16,rayleigh,hard_mld,1.0,ambiguous_rate,0.34200000,0.02683282,0.30876752,0.37523248,5,100
reed_solomon_binary_32_16,rayleigh,hard_mld,1.0,average_decoding_time_ms,3.66729360,0.68362486,2.82062332,4.51396388,5,100
reed_solomon_binary_32_16,rayleigh,hard_mld,2.0,ber,0.25162500,0.01974248,0.22717391,0.27607609,5,100
reed_solomon_binary_32_16,rayleigh,hard_mld,2.0,frame_error_rate,0.52800000,0.04024922,0.47815128,0.57784872,5,100
reed_solomon_binary_32_16,rayleigh,hard_mld,2.0,failure_rate,0.00000000,0.00000000,0.00000000,0.00000000,5,100
reed_solomon_binary_32_16,rayleigh,hard_mld,2.0,miscorrection_rate,0.52800000,0.04024922,0.47815128,0.57784872,5,100
reed_solomon_binary_32_16,rayleigh,hard_mld,2.0,conditional_miscorrection_rate,0.52800000,0.04024922,0.47815128,0.57784872,5,100
reed_solomon_binary_32_16,rayleigh,hard_mld,2.0,ambiguous_rate,0.31000000,0.01581139,0.29041757,0.32958243,5,100
reed_solomon_binary_32_16,rayleigh,hard_mld,2.0,average_decoding_time_ms,4.00803740,0.15932342,3.81071513,4.20535967,5,100
reed_solomon_binary_32_16,rayleigh,hard_mld,3.0,ber,0.21812500,0.02500391,0.18715763,0.24909237,5,100
reed_solomon_binary_32_16,rayleigh,hard_mld,3.0,frame_error_rate,0.46200000,0.05069517,0.39921397,0.52478603,5,100
reed_solomon_binary_32_16,rayleigh,hard_mld,3.0,failure_rate,0.00000000,0.00000000,0.00000000,0.00000000,5,100
reed_solomon_binary_32_16,rayleigh,hard_mld,3.0,miscorrection_rate,0.46200000,0.05069517,0.39921397,0.52478603,5,100
reed_solomon_binary_32_16,rayleigh,hard_mld,3.0,conditional_miscorrection_rate,0.46200000,0.05069517,0.39921397,0.52478603,5,100
reed_solomon_binary_32_16,rayleigh,hard_mld,3.0,ambiguous_rate,0.25800000,0.03271085,0.21748756,0.29851244,5,100
reed_solomon_binary_32_16,rayleigh,hard_mld,3.0,average_decoding_time_ms,4.06638820,0.17585604,3.84859026,4.28418614,5,100
reed_solomon_binary_32_16,rayleigh,hard_mld,4.0,ber,0.18562500,0.02613068,0.15326212,0.21798788,5,100
reed_solomon_binary_32_16,rayleigh,hard_mld,4.0,frame_error_rate,0.39000000,0.05612486,0.32048929,0.45951071,5,100
reed_solomon_binary_32_16,rayleigh,hard_mld,4.0,failure_rate,0.00000000,0.00000000,0.00000000,0.00000000,5,100
reed_solomon_binary_32_16,rayleigh,hard_mld,4.0,miscorrection_rate,0.39000000,0.05612486,0.32048929,0.45951071,5,100
reed_solomon_binary_32_16,rayleigh,hard_mld,4.0,conditional_miscorrection_rate,0.39000000,0.05612486,0.32048929,0.45951071,5,100
reed_solomon_binary_32_16,rayleigh,hard_mld,4.0,ambiguous_rate,0.22800000,0.02387467,0.19843119,0.25756881,5,100
reed_solomon_binary_32_16,rayleigh,hard_mld,4.0,average_decoding_time_ms,4.09979160,0.26826291,3.76754763,4.43203557,5,100
reed_solomon_binary_32_16,rayleigh,hard_mld,5.0,ber,0.16050000,0.02347455,0.13142673,0.18957327,5,100
reed_solomon_binary_32_16,rayleigh,hard_mld,5.0,frame_error_rate,0.33600000,0.04449719,0.28089017,0.39110983,5,100
reed_solomon_binary_32_16,rayleigh,hard_mld,5.0,failure_rate,0.00000000,0.00000000,0.00000000,0.00000000,5,100
reed_solomon_binary_32_16,rayleigh,hard_mld,5.0,miscorrection_rate,0.33600000,0.04449719,0.28089017,0.39110983,5,100
reed_solomon_binary_32_16,rayleigh,hard_mld,5.0,conditional_miscorrection_rate,0.33600000,0.04449719,0.28089017,0.39110983,5,100
reed_solomon_binary_32_16,rayleigh,hard_mld,5.0,ambiguous_rate,0.19600000,0.05176872,0.13188438,0.26011562,5,100
reed_solomon_binary_32_16,rayleigh,hard_mld,5.0,average_decoding_time_ms,4.01118160,0.12062640,3.86178565,4.16057755,5,100
reed_solomon_binary_32_16,rayleigh,hard_mld,6.0,ber,0.12887500,0.02289326,0.10052166,0.15722834,5,100
reed_solomon_binary_32_16,rayleigh,hard_mld,6.0,frame_error_rate,0.27400000,0.04335897,0.22029986,0.32770014,5,100
reed_solomon_binary_32_16,rayleigh,hard_mld,6.0,failure_rate,0.00000000,0.00000000,0.00000000,0.00000000,5,100
reed_solomon_binary_32_16,rayleigh,hard_mld,6.0,miscorrection_rate,0.27400000,0.04335897,0.22029986,0.32770014,5,100
reed_solomon_binary_32_16,rayleigh,hard_mld,6.0,conditional_miscorrection_rate,0.27400000,0.04335897,0.22029986,0.32770014,5,100
reed_solomon_binary_32_16,rayleigh,hard_mld,6.0,ambiguous_rate,0.18200000,0.04711688,0.12364569,0.24035431,5,100
reed_solomon_binary_32_16,rayleigh,hard_mld,6.0,average_decoding_time_ms,4.03205520,0.11560909,3.88887320,4.17523720,5,100
reed_solomon_binary_32_16,rayleigh,soft_mld,0.0,ber,0.27150000,0.02745949,0.23749139,0.30550861,5,100
reed_solomon_binary_32_16,rayleigh,soft_mld,0.0,frame_error_rate,0.58000000,0.05099020,0.51684858,0.64315142,5,100
reed_solomon_binary_32_16,rayleigh,soft_mld,0.0,failure_rate,0.00000000,0.00000000,0.00000000,0.00000000,5,100
reed_solomon_binary_32_16,rayleigh,soft_mld,0.0,miscorrection_rate,0.58000000,0.05099020,0.51684858,0.64315142,5,100
reed_solomon_binary_32_16,rayleigh,soft_mld,0.0,conditional_miscorrection_rate,0.58000000,0.05099020,0.51684858,0.64315142,5,100
reed_solomon_binary_32_16,rayleigh,soft_mld,0.0,ambiguous_rate,0.00000000,0.00000000,0.00000000,0.00000000,5,100
reed_solomon_binary_32_16,rayleigh,soft_mld,0.0,average_decoding_time_ms,0.76601300,0.08984211,0.65474343,0.87728257,5,100
reed_solomon_binary_32_16,rayleigh,soft_mld,1.0,ber,0.22825000,0.01654421,0.20775997,0.24874003,5,100
reed_solomon_binary_32_16,rayleigh,soft_mld,1.0,frame_error_rate,0.49400000,0.04277850,0.44101877,0.54698123,5,100
reed_solomon_binary_32_16,rayleigh,soft_mld,1.0,failure_rate,0.00000000,0.00000000,0.00000000,0.00000000,5,100
reed_solomon_binary_32_16,rayleigh,soft_mld,1.0,miscorrection_rate,0.49400000,0.04277850,0.44101877,0.54698123,5,100
reed_solomon_binary_32_16,rayleigh,soft_mld,1.0,conditional_miscorrection_rate,0.49400000,0.04277850,0.44101877,0.54698123,5,100
reed_solomon_binary_32_16,rayleigh,soft_mld,1.0,ambiguous_rate,0.00000000,0.00000000,0.00000000,0.00000000,5,100
reed_solomon_binary_32_16,rayleigh,soft_mld,1.0,average_decoding_time_ms,0.75447840,0.08816421,0.64528692,0.86366988,5,100
reed_solomon_binary_32_16,rayleigh,soft_mld,2.0,ber,0.19612500,0.01760793,0.17431756,0.21793244,5,100
reed_solomon_binary_32_16,rayleigh,soft_mld,2.0,frame_error_rate,0.42000000,0.04062019,0.36969184,0.47030816,5,100
reed_solomon_binary_32_16,rayleigh,soft_mld,2.0,failure_rate,0.00000000,0.00000000,0.00000000,0.00000000,5,100
reed_solomon_binary_32_16,rayleigh,soft_mld,2.0,miscorrection_rate,0.42000000,0.04062019,0.36969184,0.47030816,5,100
reed_solomon_binary_32_16,rayleigh,soft_mld,2.0,conditional_miscorrection_rate,0.42000000,0.04062019,0.36969184,0.47030816,5,100
reed_solomon_binary_32_16,rayleigh,soft_mld,2.0,ambiguous_rate,0.00000000,0.00000000,0.00000000,0.00000000,5,100
reed_solomon_binary_32_16,rayleigh,soft_mld,2.0,average_decoding_time_ms,0.82533180,0.10896575,0.69037758,0.96028602,5,100
reed_solomon_binary_32_16,rayleigh,soft_mld,3.0,ber,0.16587500,0.02180166,0.13887361,0.19287639,5,100
reed_solomon_binary_32_16,rayleigh,soft_mld,3.0,frame_error_rate,0.35800000,0.04324350,0.30444287,0.41155713,5,100
reed_solomon_binary_32_16,rayleigh,soft_mld,3.0,failure_rate,0.00000000,0.00000000,0.00000000,0.00000000,5,100
reed_solomon_binary_32_16,rayleigh,soft_mld,3.0,miscorrection_rate,0.35800000,0.04324350,0.30444287,0.41155713,5,100
reed_solomon_binary_32_16,rayleigh,soft_mld,3.0,conditional_miscorrection_rate,0.35800000,0.04324350,0.30444287,0.41155713,5,100
reed_solomon_binary_32_16,rayleigh,soft_mld,3.0,ambiguous_rate,0.00000000,0.00000000,0.00000000,0.00000000,5,100
reed_solomon_binary_32_16,rayleigh,soft_mld,3.0,average_decoding_time_ms,0.81475340,0.02955905,0.77814448,0.85136232,5,100
reed_solomon_binary_32_16,rayleigh,soft_mld,4.0,ber,0.13962500,0.01898087,0.11611717,0.16313283,5,100
reed_solomon_binary_32_16,rayleigh,soft_mld,4.0,frame_error_rate,0.30600000,0.03781534,0.25916565,0.35283435,5,100
reed_solomon_binary_32_16,rayleigh,soft_mld,4.0,failure_rate,0.00000000,0.00000000,0.00000000,0.00000000,5,100
reed_solomon_binary_32_16,rayleigh,soft_mld,4.0,miscorrection_rate,0.30600000,0.03781534,0.25916565,0.35283435,5,100
reed_solomon_binary_32_16,rayleigh,soft_mld,4.0,conditional_miscorrection_rate,0.30600000,0.03781534,0.25916565,0.35283435,5,100
reed_solomon_binary_32_16,rayleigh,soft_mld,4.0,ambiguous_rate,0.00000000,0.00000000,0.00000000,0.00000000,5,100
reed_solomon_binary_32_16,rayleigh,soft_mld,4.0,average_decoding_time_ms,0.80115220,0.09421482,0.68446702,0.91783738,5,100
reed_solomon_binary_32_16,rayleigh,soft_mld,5.0,ber,0.11250000,0.01242949,0.09710606,0.12789394,5,100
reed_solomon_binary_32_16,rayleigh,soft_mld,5.0,frame_error_rate,0.24800000,0.02588436,0.21594219,0.28005781,5,100
reed_solomon_binary_32_16,rayleigh,soft_mld,5.0,failure_rate,0.00000000,0.00000000,0.00000000,0.00000000,5,100
reed_solomon_binary_32_16,rayleigh,soft_mld,5.0,miscorrection_rate,0.24800000,0.02588436,0.21594219,0.28005781,5,100
reed_solomon_binary_32_16,rayleigh,soft_mld,5.0,conditional_miscorrection_rate,0.24800000,0.02588436,0.21594219,0.28005781,5,100
reed_solomon_binary_32_16,rayleigh,soft_mld,5.0,ambiguous_rate,0.00000000,0.00000000,0.00000000,0.00000000,5,100
reed_solomon_binary_32_16,rayleigh,soft_mld,5.0,average_decoding_time_ms,0.81238240,0.02142942,0.78584204,0.83892276,5,100
reed_solomon_binary_32_16,rayleigh,soft_mld,6.0,ber,0.09250000,0.02576941,0.06058455,0.12441545,5,100
reed_solomon_binary_32_16,rayleigh,soft_mld,6.0,frame_error_rate,0.20400000,0.05128353,0.14048529,0.26751471,5,100
reed_solomon_binary_32_16,rayleigh,soft_mld,6.0,failure_rate,0.00000000,0.00000000,0.00000000,0.00000000,5,100
reed_solomon_binary_32_16,rayleigh,soft_mld,6.0,miscorrection_rate,0.20400000,0.05128353,0.14048529,0.26751471,5,100
reed_solomon_binary_32_16,rayleigh,soft_mld,6.0,conditional_miscorrection_rate,0.20400000,0.05128353,0.14048529,0.26751471,5,100
reed_solomon_binary_32_16,rayleigh,soft_mld,6.0,ambiguous_rate,0.00000000,0.00000000,0.00000000,0.00000000,5,100
reed_solomon_binary_32_16,rayleigh,soft_mld,6.0,average_decoding_time_ms,0.76426280,0.02940703,0.72784215,0.80068345,5,100
reed_solomon_binary_32_16,sinusoidal,syndrome,0.0,ber,0.93750000,0.01461084,0.91940446,0.95559554,5,100
reed_solomon_binary_32_16,sinusoidal,syndrome,0.0,frame_error_rate,0.94200000,0.01095445,0.92843290,0.95556710,5,100
reed_solomon_binary_32_16,sinusoidal,syndrome,0.0,failure_rate,0.93400000,0.01816590,0.91150151,0.95649849,5,100
reed_solomon_binary_32_16,sinusoidal,syndrome,0.0,miscorrection_rate,0.00800000,0.01303840,0.00000000,0.02414808,5,100
reed_solomon_binary_32_16,sinusoidal,syndrome,0.0,conditional_miscorrection_rate,0.09523810,0.14677176,0.00000000,0.27701511,5,100
reed_solomon_binary_32_16,sinusoidal,syndrome,0.0,ambiguous_rate,0.00000000,0.00000000,0.00000000,0.00000000,5,100
reed_solomon_binary_32_16,sinusoidal,syndrome,0.0,average_decoding_time_ms,0.07128620,0.01201458,0.05640612,0.08616628,5,100
reed_solomon_binary_32_16,sinusoidal,syndrome,1.0,ber,0.88887500,0.03238682,0.84876388,0.92898612,5,100
reed_solomon_binary_32_16,sinusoidal,syndrome,1.0,frame_error_rate,0.89400000,0.02701851,0.86053754,0.92746246,5,100
reed_solomon_binary_32_16,sinusoidal,syndrome,1.0,failure_rate,0.88600000,0.03577709,0.84169003,0.93030997,5,100
reed_solomon_binary_32_16,sinusoidal,syndrome,1.0,miscorrection_rate,0.00800000,0.01303840,0.00000000,0.02414808,5,100
reed_solomon_binary_32_16,sinusoidal,syndrome,1.0,conditional_miscorrection_rate,0.05751634,0.08207756,0.00000000,0.15916950,5,100
reed_solomon_binary_32_16,sinusoidal,syndrome,1.0,ambiguous_rate,0.00000000,0.00000000,0.00000000,0.00000000,5,100
reed_solomon_binary_32_16,sinusoidal,syndrome,1.0,average_decoding_time_ms,0.07718380,0.00341437,0.07295510,0.08141250,5,100
reed_solomon_binary_32_16,sinusoidal,syndrome,2.0,ber,0.78487500,0.02639987,0.75217873,0.81757127,5,100
reed_solomon_binary_32_16,sinusoidal,syndrome,2.0,frame_error_rate,0.78600000,0.02701851,0.75253754,0.81946246,5,100
reed_solomon_binary_32_16,sinusoidal,syndrome,2.0,failure_rate,0.78400000,0.02607681,0.75170384,0.81629616,5,100
reed_solomon_binary_32_16,sinusoidal,syndrome,2.0,miscorrection_rate,0.00200000,0.00447214,0.00000000,0.00753875,5,100
reed_solomon_binary_32_16,sinusoidal,syndrome,2.0,conditional_miscorrection_rate,0.00952381,0.02129589,0.00000000,0.03589879,5,100
reed_solomon_binary_32_16,sinusoidal,syndrome,2.0,ambiguous_rate,0.00000000,0.00000000,0.00000000,0.00000000,5,100
reed_solomon_binary_32_16,sinusoidal,syndrome,2.0,average_decoding_time_ms,0.08164900,0.00496541,0.07549933,0.08779867,5,100
reed_solomon_binary_32_16,sinusoidal,syndrome,3.0,ber,0.69600000,0.02701851,0.66253754,0.72946246,5,100
reed_solomon_binary_32_16,sinusoidal,syndrome,3.0,frame_error_rate,0.69600000,0.02701851,0.66253754,0.72946246,5,100
reed_solomon_binary_32_16,sinusoidal,syndrome,3.0,failure_rate,0.69600000,0.02701851,0.66253754,0.72946246,5,100
reed_solomon_binary_32_16,sinusoidal,syndrome,3.0,miscorrection_rate,0.00000000,0.00000000,0.00000000,0.00000000,5,100
reed_solomon_binary_32_16,sinusoidal,syndrome,3.0,conditional_miscorrection_rate,0.00000000,0.00000000,0.00000000,0.00000000,5,100
reed_solomon_binary_32_16,sinusoidal,syndrome,3.0,ambiguous_rate,0.00000000,0.00000000,0.00000000,0.00000000,5,100
reed_solomon_binary_32_16,sinusoidal,syndrome,3.0,average_decoding_time_ms,0.07884660,0.00509926,0.07253116,0.08516204,5,100
reed_solomon_binary_32_16,sinusoidal,syndrome,4.0,ber,0.54600000,0.05029911,0.48370449,0.60829551,5,100
reed_solomon_binary_32_16,sinusoidal,syndrome,4.0,frame_error_rate,0.54600000,0.05029911,0.48370449,0.60829551,5,100
reed_solomon_binary_32_16,sinusoidal,syndrome,4.0,failure_rate,0.54600000,0.05029911,0.48370449,0.60829551,5,100
reed_solomon_binary_32_16,sinusoidal,syndrome,4.0,miscorrection_rate,0.00000000,0.00000000,0.00000000,0.00000000,5,100
reed_solomon_binary_32_16,sinusoidal,syndrome,4.0,conditional_miscorrection_rate,0.00000000,0.00000000,0.00000000,0.00000000,5,100
reed_solomon_binary_32_16,sinusoidal,syndrome,4.0,ambiguous_rate,0.00000000,0.00000000,0.00000000,0.00000000,5,100
reed_solomon_binary_32_16,sinusoidal,syndrome,4.0,average_decoding_time_ms,0.07975100,0.00230183,0.07690018,0.08260182,5,100
reed_solomon_binary_32_16,sinusoidal,syndrome,5.0,ber,0.38600000,0.02190890,0.35886580,0.41313420,5,100
reed_solomon_binary_32_16,sinusoidal,syndrome,5.0,frame_error_rate,0.38600000,0.02190890,0.35886580,0.41313420,5,100
reed_solomon_binary_32_16,sinusoidal,syndrome,5.0,failure_rate,0.38600000,0.02190890,0.35886580,0.41313420,5,100
reed_solomon_binary_32_16,sinusoidal,syndrome,5.0,miscorrection_rate,0.00000000,0.00000000,0.00000000,0.00000000,5,100
reed_solomon_binary_32_16,sinusoidal,syndrome,5.0,conditional_miscorrection_rate,0.00000000,0.00000000,0.00000000,0.00000000,5,100
reed_solomon_binary_32_16,sinusoidal,syndrome,5.0,ambiguous_rate,0.00000000,0.00000000,0.00000000,0.00000000,5,100
reed_solomon_binary_32_16,sinusoidal,syndrome,5.0,average_decoding_time_ms,0.08053080,0.00300891,0.07680426,0.08425734,5,100
reed_solomon_binary_32_16,sinusoidal,syndrome,6.0,ber,0.24400000,0.02073644,0.21831789,0.26968211,5,100
reed_solomon_binary_32_16,sinusoidal,syndrome,6.0,frame_error_rate,0.24400000,0.02073644,0.21831789,0.26968211,5,100
reed_solomon_binary_32_16,sinusoidal,syndrome,6.0,failure_rate,0.24400000,0.02073644,0.21831789,0.26968211,5,100
reed_solomon_binary_32_16,sinusoidal,syndrome,6.0,miscorrection_rate,0.00000000,0.00000000,0.00000000,0.00000000,5,100
reed_solomon_binary_32_16,sinusoidal,syndrome,6.0,conditional_miscorrection_rate,0.00000000,0.00000000,0.00000000,0.00000000,5,100
reed_solomon_binary_32_16,sinusoidal,syndrome,6.0,ambiguous_rate,0.00000000,0.00000000,0.00000000,0.00000000,5,100
reed_solomon_binary_32_16,sinusoidal,syndrome,6.0,average_decoding_time_ms,0.07889600,0.00330795,0.07479910,0.08299290,5,100
reed_solomon_binary_32_16,sinusoidal,chase,0.0,ber,0.56100000,0.04608416,0.50392471,0.61807529,5,100
reed_solomon_binary_32_16,sinusoidal,chase,0.0,frame_error_rate,0.66800000,0.04658326,0.61030657,0.72569343,5,100
reed_solomon_binary_32_16,sinusoidal,chase,0.0,failure_rate,0.47000000,0.05244044,0.40505244,0.53494756,5,100
reed_solomon_binary_32_16,sinusoidal,chase,0.0,miscorrection_rate,0.19800000,0.02949576,0.16146946,0.23453054,5,100
reed_solomon_binary_32_16,sinusoidal,chase,0.0,conditional_miscorrection_rate,0.37450298,0.04742827,0.31576300,0.43324295,5,100
reed_solomon_binary_32_16,sinusoidal,chase,0.0,ambiguous_rate,0.00000000,0.00000000,0.00000000,0.00000000,5,100
reed_solomon_binary_32_16,sinusoidal,chase,0.0,average_decoding_time_ms,0.56085140,0.01734213,0.53937315,0.58232965,5,100
reed_solomon_binary_32_16,sinusoidal,chase,1.0,ber,0.41800000,0.03440737,0.37538643,0.46061357,5,100
reed_solomon_binary_32_16,sinusoidal,chase,1.0,frame_error_rate,0.49800000,0.02049390,0.47261828,0.52338172,5,100
reed_solomon_binary_32_16,sinusoidal,chase,1.0,failure_rate,0.35200000,0.05167204,0.28800411,0.41599589,5,100
reed_solomon_binary_32_16,sinusoidal,chase,1.0,miscorrection_rate,0.14600000,0.04219005,0.09374757,0.19825243,5,100
reed_solomon_binary_32_16,sinusoidal,chase,1.0,conditional_miscorrection_rate,0.22264929,0.04775728,0.16350184,0.28179675,5,100
reed_solomon_binary_32_16,sinusoidal,chase,1.0,ambiguous_rate,0.00000000,0.00000000,0.00000000,0.00000000,5,100
reed_solomon_binary_32_16,sinusoidal,chase,1.0,average_decoding_time_ms,0.57548700,0.01590149,0.55579299,0.59518101,5,100
reed_solomon_binary_32_16,sinusoidal,chase,2.0,ber,0.27625000,0.02632430,0.24364732,0.30885268,5,100
reed_solomon_binary_32_16,sinusoidal,chase,2.0,frame_error_rate,0.32000000,0.02345208,0.29095457,0.34904543,5,100
reed_solomon_binary_32_16,sinusoidal,chase,2.0,failure_rate,0.23600000,0.03911521,0.18755576,0.28444424,5,100
reed_solomon_binary_32_16,sinusoidal,chase,2.0,miscorrection_rate,0.08400000,0.03646917,0.03883289,0.12916711,5,100
reed_solomon_binary_32_16,sinusoidal,chase,2.0,conditional_miscorrection_rate,0.10859674,0.04258820,0.05585120,0.16134228,5,100
reed_solomon_binary_32_16,sinusoidal,chase,2.0,ambiguous_rate,0.00000000,0.00000000,0.00000000,0.00000000,5,100
reed_solomon_binary_32_16,sinusoidal,chase,2.0,average_decoding_time_ms,0.57546500,0.01366446,0.55854155,0.59238845,5,100
reed_solomon_binary_32_16,sinusoidal,chase,3.0,ber,0.12412500,0.01294218,0.10809609,0.14015391,5,100
reed_solomon_binary_32_16,sinusoidal,chase,3.0,frame_error_rate,0.14200000,0.01483240,0.12363006,0.16036994,5,100
reed_solomon_binary_32_16,sinusoidal,chase,3.0,failure_rate,0.10800000,0.01303840,0.09185192,0.12414808,5,100
reed_solomon_binary_32_16,sinusoidal,chase,3.0,miscorrection_rate,0.03400000,0.01341641,0.01738376,0.05061624,5,100
reed_solomon_binary_32_16,sinusoidal,chase,3.0,conditional_miscorrection_rate,0.03805858,0.01477413,0.01976081,0.05635636,5,100
reed_solomon_binary_32_16,sinusoidal,chase,3.0,ambiguous_rate,0.00000000,0.00000000,0.00000000,0.00000000,5,100
reed_solomon_binary_32_16,sinusoidal,chase,3.0,average_decoding_time_ms,0.60415780,0.01463432,0.58603317,0.62228243,5,100
reed_solomon_binary_32_16,sinusoidal,chase,4.0,ber,0.06600000,0.01663369,0.04539915,0.08660085,5,100
reed_solomon_binary_32_16,sinusoidal,chase,4.0,frame_error_rate,0.07600000,0.02190890,0.04886580,0.10313420,5,100
reed_solomon_binary_32_16,sinusoidal,chase,4.0,failure_rate,0.05800000,0.01643168,0.03764935,0.07835065,5,100
reed_solomon_binary_32_16,sinusoidal,chase,4.0,miscorrection_rate,0.01800000,0.01303840,0.00185192,0.03414808,5,100
reed_solomon_binary_32_16,sinusoidal,chase,4.0,conditional_miscorrection_rate,0.01913280,0.01386004,0.00196713,0.03629848,5,100
reed_solomon_binary_32_16,sinusoidal,chase,4.0,ambiguous_rate,0.00000000,0.00000000,0.00000000,0.00000000,5,100
reed_solomon_binary_32_16,sinusoidal,chase,4.0,average_decoding_time_ms,0.60146760,0.04558086,0.54501565,0.65791955,5,100
reed_solomon_binary_32_16,sinusoidal,chase,5.0,ber,0.02200000,0.00900738,0.01084435,0.03315565,5,100
reed_solomon_binary_32_16,sinusoidal,chase,5.0,frame_error_rate,0.02600000,0.01140175,0.01187891,0.04012109,5,100
reed_solomon_binary_32_16,sinusoidal,chase,5.0,failure_rate,0.01800000,0.00836660,0.00763795,0.02836205,5,100
reed_solomon_binary_32_16,sinusoidal,chase,5.0,miscorrection_rate,0.00800000,0.01095445,0.00000000,0.02156710,5,100
reed_solomon_binary_32_16,sinusoidal,chase,5.0,conditional_miscorrection_rate,0.00812204,0.01112180,0.00000000,0.02189640,5,100
reed_solomon_binary_32_16,sinusoidal,chase,5.0,ambiguous_rate,0.00000000,0.00000000,0.00000000,0.00000000,5,100
reed_solomon_binary_32_16,sinusoidal,chase,5.0,average_decoding_time_ms,0.63497240,0.01303259,0.61883152,0.65111328,5,100
reed_solomon_binary_32_16,sinusoidal,chase,6.0,ber,0.00500000,0.00500000,0.00000000,0.01119251,5,100
reed_solomon_binary_32_16,sinusoidal,chase,6.0,frame_error_rate,0.00600000,0.00547723,0.00000000,0.01278355,5,100
reed_solomon_binary_32_16,sinusoidal,chase,6.0,failure_rate,0.00400000,0.00547723,0.00000000,0.01078355,5,100
reed_solomon_binary_32_16,sinusoidal,chase,6.0,miscorrection_rate,0.00200000,0.00447214,0.00000000,0.00753875,5,100
reed_solomon_binary_32_16,sinusoidal,chase,6.0,conditional_miscorrection_rate,0.00200000,0.00447214,0.00000000,0.00753875,5,100
reed_solomon_binary_32_16,sinusoidal,chase,6.0,ambiguous_rate,0.00000000,0.00000000,0.00000000,0.00000000,5,100
reed_solomon_binary_32_16,sinusoidal,chase,6.0,average_decoding_time_ms,0.65734320,0.02387867,0.62776944,0.68691696,5,100
reed_solomon_binary_32_16,sinusoidal,hard_mld,0.0,ber,0.34825000,0.02697076,0.31484668,0.38165332,5,100
reed_solomon_binary_32_16,sinusoidal,hard_mld,0.0,frame_error_rate,0.72600000,0.04037326,0.67599767,0.77600233,5,100
reed_solomon_binary_32_16,sinusoidal,hard_mld,0.0,failure_rate,0.00000000,0.00000000,0.00000000,0.00000000,5,100
reed_solomon_binary_32_16,sinusoidal,hard_mld,0.0,miscorrection_rate,0.72600000,0.04037326,0.67599767,0.77600233,5,100
reed_solomon_binary_32_16,sinusoidal,hard_mld,0.0,conditional_miscorrection_rate,0.72600000,0.04037326,0.67599767,0.77600233,5,100
reed_solomon_binary_32_16,sinusoidal,hard_mld,0.0,ambiguous_rate,0.43600000,0.02701851,0.40253754,0.46946246,5,100
reed_solomon_binary_32_16,sinusoidal,hard_mld,0.0,average_decoding_time_ms,3.99402680,0.04095628,3.94330240,4.04475120,5,100
reed_solomon_binary_32_16,sinusoidal,hard_mld,1.0,ber,0.27600000,0.01956859,0.25176428,0.30023572,5,100
reed_solomon_binary_32_16,sinusoidal,hard_mld,1.0,frame_error_rate,0.58600000,0.03049590,0.54823079,0.62376921,5,100
reed_solomon_binary_32_16,sinusoidal,hard_mld,1.0,failure_rate,0.00000000,0.00000000,0.00000000,0.00000000,5,100
reed_solomon_binary_32_16,sinusoidal,hard_mld,1.0,miscorrection_rate,0.58600000,0.03049590,0.54823079,0.62376921,5,100
reed_solomon_binary_32_16,sinusoidal,hard_mld,1.0,conditional_miscorrection_rate,0.58600000,0.03049590,0.54823079,0.62376921,5,100
reed_solomon_binary_32_16,sinusoidal,hard_mld,1.0,ambiguous_rate,0.37400000,0.04098780,0.32323655,0.42476345,5,100
reed_solomon_binary_32_16,sinusoidal,hard_mld,1.0,average_decoding_time_ms,3.97575580,0.03171010,3.93648280,4.01502880,5,100
reed_solomon_binary_32_16,sinusoidal,hard_mld,2.0,ber,0.20987500,0.00917921,0.19850654,0.22124346,5,100
reed_solomon_binary_32_16,sinusoidal,hard_mld,2.0,frame_error_rate,0.44400000,0.02073644,0.41831789,0.46968211,5,100
reed_solomon_binary_32_16,sinusoidal,hard_mld,2.0,failure_rate,0.00000000,0.00000000,0.00000000,0.00000000,5,100
reed_solomon_binary_32_16,sinusoidal,hard_mld,2.0,miscorrection_rate,0.44400000,0.02073644,0.41831789,0.46968211,5,100
reed_solomon_binary_32_16,sinusoidal,hard_mld,2.0,conditional_miscorrection_rate,0.44400000,0.02073644,0.41831789,0.46968211,5,100
reed_solomon_binary_32_16,sinusoidal,hard_mld,2.0,ambiguous_rate,0.32200000,0.04438468,0.26702951,0.37697049,5,100
reed_solomon_binary_32_16,sinusoidal,hard_mld,2.0,average_decoding_time_ms,3.98538420,0.02526410,3.95409458,4.01667382,5,100
reed_solomon_binary_32_16,sinusoidal,hard_mld,3.0,ber,0.14187500,0.00747391,0.13261855,0.15113145,5,100
reed_solomon_binary_32_16,sinusoidal,hard_mld,3.0,frame_error_rate,0.29600000,0.01516575,0.27721720,0.31478280,5,100
reed_solomon_binary_32_16,sinusoidal,hard_mld,3.0,failure_rate,0.00000000,0.00000000,0.00000000,0.00000000,5,100
reed_solomon_binary_32_16,sinusoidal,hard_mld,3.0,miscorrection_rate,0.29600000,0.01516575,0.27721720,0.31478280,5,100
reed_solomon_binary_32_16,sinusoidal,hard_mld,3.0,conditional_miscorrection_rate,0.29600000,0.01516575,0.27721720,0.31478280,5,100
reed_solomon_binary_32_16,sinusoidal,hard_mld,3.0,ambiguous_rate,0.20600000,0.04774935,0.14686237,0.26513763,5,100
reed_solomon_binary_32_16,sinusoidal,hard_mld,3.0,average_decoding_time_ms,4.01412940,0.03834050,3.96664464,4.06161416,5,100
reed_solomon_binary_32_16,sinusoidal,hard_mld,4.0,ber,0.08100000,0.01874271,0.05778713,0.10421287,5,100
reed_solomon_binary_32_16,sinusoidal,hard_mld,4.0,frame_error_rate,0.17200000,0.03633180,0.12700301,0.21699699,5,100
reed_solomon_binary_32_16,sinusoidal,hard_mld,4.0,failure_rate,0.00000000,0.00000000,0.00000000,0.00000000,5,100
reed_solomon_binary_32_16,sinusoidal,hard_mld,4.0,miscorrection_rate,0.17200000,0.03633180,0.12700301,0.21699699,5,100
reed_solomon_binary_32_16,sinusoidal,hard_mld,4.0,conditional_miscorrection_rate,0.17200000,0.03633180,0.12700301,0.21699699,5,100
reed_solomon_binary_32_16,sinusoidal,hard_mld,4.0,ambiguous_rate,0.14200000,0.04086563,0.09138786,0.19261214,5,100
reed_solomon_binary_32_16,sinusoidal,hard_mld,4.0,average_decoding_time_ms,4.03562520,0.05729543,3.96466473,4.10658567,5,100
reed_solomon_binary_32_16,sinusoidal,hard_mld,5.0,ber,0.04300000,0.00512348,0.03665457,0.04934543,5,100
reed_solomon_binary_32_16,sinusoidal,hard_mld,5.0,frame_error_rate,0.09600000,0.00894427,0.08492251,0.10707749,5,100
reed_solomon_binary_32_16,sinusoidal,hard_mld,5.0,failure_rate,0.00000000,0.00000000,0.00000000,0.00000000,5,100
reed_solomon_binary_32_16,sinusoidal,hard_mld,5.0,miscorrection_rate,0.09600000,0.00894427,0.08492251,0.10707749,5,100
reed_solomon_binary_32_16,sinusoidal,hard_mld,5.0,conditional_miscorrection_rate,0.09600000,0.00894427,0.08492251,0.10707749,5,100
reed_solomon_binary_32_16,sinusoidal,hard_mld,5.0,ambiguous_rate,0.09600000,0.02880972,0.06031912,0.13168088,5,100
reed_solomon_binary_32_16,sinusoidal,hard_mld,5.0,average_decoding_time_ms,3.98471400,0.05912532,3.91148722,4.05794078,5,100
reed_solomon_binary_32_16,sinusoidal,hard_mld,6.0,ber,0.01950000,0.00872093,0.00869911,0.03030089,5,100
reed_solomon_binary_32_16,sinusoidal,hard_mld,6.0,frame_error_rate,0.04200000,0.01923538,0.01817695,0.06582305,5,100
reed_solomon_binary_32_16,sinusoidal,hard_mld,6.0,failure_rate,0.00000000,0.00000000,0.00000000,0.00000000,5,100
reed_solomon_binary_32_16,sinusoidal,hard_mld,6.0,miscorrection_rate,0.04200000,0.01923538,0.01817695,0.06582305,5,100
reed_solomon_binary_32_16,sinusoidal,hard_mld,6.0,conditional_miscorrection_rate,0.04200000,0.01923538,0.01817695,0.06582305,5,100
reed_solomon_binary_32_16,sinusoidal,hard_mld,6.0,ambiguous_rate,0.04000000,0.02000000,0.01522997,0.06477003,5,100
reed_solomon_binary_32_16,sinusoidal,hard_mld,6.0,average_decoding_time_ms,4.00286520,0.06877927,3.91768199,4.08804841,5,100
reed_solomon_binary_32_16,sinusoidal,soft_mld,0.0,ber,0.21125000,0.01430008,0.19353934,0.22896066,5,100
reed_solomon_binary_32_16,sinusoidal,soft_mld,0.0,frame_error_rate,0.45600000,0.03714835,0.40999172,0.50200828,5,100
reed_solomon_binary_32_16,sinusoidal,soft_mld,0.0,failure_rate,0.00000000,0.00000000,0.00000000,0.00000000,5,100
reed_solomon_binary_32_16,sinusoidal,soft_mld,0.0,miscorrection_rate,0.45600000,0.03714835,0.40999172,0.50200828,5,100
reed_solomon_binary_32_16,sinusoidal,soft_mld,0.0,conditional_miscorrection_rate,0.45600000,0.03714835,0.40999172,0.50200828,5,100
reed_solomon_binary_32_16,sinusoidal,soft_mld,0.0,ambiguous_rate,0.00000000,0.00000000,0.00000000,0.00000000,5,100
reed_solomon_binary_32_16,sinusoidal,soft_mld,0.0,average_decoding_time_ms,0.77192500,0.02827918,0.73690120,0.80694880,5,100
reed_solomon_binary_32_16,sinusoidal,soft_mld,1.0,ber,0.12887500,0.02270480,0.10075508,0.15699492,5,100
reed_solomon_binary_32_16,sinusoidal,soft_mld,1.0,frame_error_rate,0.28600000,0.04277850,0.23301877,0.33898123,5,100
reed_solomon_binary_32_16,sinusoidal,soft_mld,1.0,failure_rate,0.00000000,0.00000000,0.00000000,0.00000000,5,100
reed_solomon_binary_32_16,sinusoidal,soft_mld,1.0,miscorrection_rate,0.28600000,0.04277850,0.23301877,0.33898123,5,100
reed_solomon_binary_32_16,sinusoidal,soft_mld,1.0,conditional_miscorrection_rate,0.28600000,0.04277850,0.23301877,0.33898123,5,100
reed_solomon_binary_32_16,sinusoidal,soft_mld,1.0,ambiguous_rate,0.00000000,0.00000000,0.00000000,0.00000000,5,100
reed_solomon_binary_32_16,sinusoidal,soft_mld,1.0,average_decoding_time_ms,0.77705500,0.02492171,0.74618943,0.80792057,5,100
reed_solomon_binary_32_16,sinusoidal,soft_mld,2.0,ber,0.05837500,0.01495175,0.03985724,0.07689276,5,100
reed_solomon_binary_32_16,sinusoidal,soft_mld,2.0,frame_error_rate,0.13000000,0.03605551,0.08534520,0.17465480,5,100
reed_solomon_binary_32_16,sinusoidal,soft_mld,2.0,failure_rate,0.00000000,0.00000000,0.00000000,0.00000000,5,100
reed_solomon_binary_32_16,sinusoidal,soft_mld,2.0,miscorrection_rate,0.13000000,0.03605551,0.08534520,0.17465480,5,100
reed_solomon_binary_32_16,sinusoidal,soft_mld,2.0,conditional_miscorrection_rate,0.13000000,0.03605551,0.08534520,0.17465480,5,100
reed_solomon_binary_32_16,sinusoidal,soft_mld,2.0,ambiguous_rate,0.00000000,0.00000000,0.00000000,0.00000000,5,100
reed_solomon_binary_32_16,sinusoidal,soft_mld,2.0,average_decoding_time_ms,0.79365800,0.01444071,0.77577316,0.81154284,5,100
reed_solomon_binary_32_16,sinusoidal,soft_mld,3.0,ber,0.02062500,0.00900304,0.00947473,0.03177527,5,100
reed_solomon_binary_32_16,sinusoidal,soft_mld,3.0,frame_error_rate,0.04800000,0.02280351,0.01975782,0.07624218,5,100
reed_solomon_binary_32_16,sinusoidal,soft_mld,3.0,failure_rate,0.00000000,0.00000000,0.00000000,0.00000000,5,100
reed_solomon_binary_32_16,sinusoidal,soft_mld,3.0,miscorrection_rate,0.04800000,0.02280351,0.01975782,0.07624218,5,100
reed_solomon_binary_32_16,sinusoidal,soft_mld,3.0,conditional_miscorrection_rate,0.04800000,0.02280351,0.01975782,0.07624218,5,100
reed_solomon_binary_32_16,sinusoidal,soft_mld,3.0,ambiguous_rate,0.00000000,0.00000000,0.00000000,0.00000000,5,100
reed_solomon_binary_32_16,sinusoidal,soft_mld,3.0,average_decoding_time_ms,0.78813120,0.03031497,0.75058607,0.82567633,5,100
reed_solomon_binary_32_16,sinusoidal,soft_mld,4.0,ber,0.00662500,0.00642870,0.00000000,0.01458695,5,100
reed_solomon_binary_32_16,sinusoidal,soft_mld,4.0,frame_error_rate,0.01600000,0.01516575,0.00000000,0.03478280,5,100
reed_solomon_binary_32_16,sinusoidal,soft_mld,4.0,failure_rate,0.00000000,0.00000000,0.00000000,0.00000000,5,100
reed_solomon_binary_32_16,sinusoidal,soft_mld,4.0,miscorrection_rate,0.01600000,0.01516575,0.00000000,0.03478280,5,100
reed_solomon_binary_32_16,sinusoidal,soft_mld,4.0,conditional_miscorrection_rate,0.01600000,0.01516575,0.00000000,0.03478280,5,100
reed_solomon_binary_32_16,sinusoidal,soft_mld,4.0,ambiguous_rate,0.00000000,0.00000000,0.00000000,0.00000000,5,100
reed_solomon_binary_32_16,sinusoidal,soft_mld,4.0,average_decoding_time_ms,0.79552900,0.02494361,0.76463630,0.82642170,5,100
reed_solomon_binary_32_16,sinusoidal,soft_mld,5.0,ber,0.00062500,0.00139754,0.00000000,0.00235586,5,100
reed_solomon_binary_32_16,sinusoidal,soft_mld,5.0,frame_error_rate,0.00200000,0.00447214,0.00000000,0.00753875,5,100
reed_solomon_binary_32_16,sinusoidal,soft_mld,5.0,failure_rate,0.00000000,0.00000000,0.00000000,0.00000000,5,100
reed_solomon_binary_32_16,sinusoidal,soft_mld,5.0,miscorrection_rate,0.00200000,0.00447214,0.00000000,0.00753875,5,100
reed_solomon_binary_32_16,sinusoidal,soft_mld,5.0,conditional_miscorrection_rate,0.00200000,0.00447214,0.00000000,0.00753875,5,100
reed_solomon_binary_32_16,sinusoidal,soft_mld,5.0,ambiguous_rate,0.00000000,0.00000000,0.00000000,0.00000000,5,100
reed_solomon_binary_32_16,sinusoidal,soft_mld,5.0,average_decoding_time_ms,0.82600120,0.08061396,0.72616071,0.92584169,5,100
reed_solomon_binary_32_16,sinusoidal,soft_mld,6.0,ber,0.00062500,0.00139754,0.00000000,0.00235586,5,100
reed_solomon_binary_32_16,sinusoidal,soft_mld,6.0,frame_error_rate,0.00200000,0.00447214,0.00000000,0.00753875,5,100
reed_solomon_binary_32_16,sinusoidal,soft_mld,6.0,failure_rate,0.00000000,0.00000000,0.00000000,0.00000000,5,100
reed_solomon_binary_32_16,sinusoidal,soft_mld,6.0,miscorrection_rate,0.00200000,0.00447214,0.00000000,0.00753875,5,100
reed_solomon_binary_32_16,sinusoidal,soft_mld,6.0,conditional_miscorrection_rate,0.00200000,0.00447214,0.00000000,0.00753875,5,100
reed_solomon_binary_32_16,sinusoidal,soft_mld,6.0,ambiguous_rate,0.00000000,0.00000000,0.00000000,0.00000000,5,100
reed_solomon_binary_32_16,sinusoidal,soft_mld,6.0,average_decoding_time_ms,0.85333120,0.10693029,0.72089790,0.98576450,5,100
ldpc_32_16,rayleigh_awgn,syndrome,0.0,ber,0.97950000,0.00762141,0.97006087,0.98893913,5,100
ldpc_32_16,rayleigh_awgn,syndrome,0.0,frame_error_rate,0.98400000,0.00547723,0.97721645,0.99078355,5,100
ldpc_32_16,rayleigh_awgn,syndrome,0.0,failure_rate,0.97800000,0.00836660,0.96763795,0.98836205,5,100
ldpc_32_16,rayleigh_awgn,syndrome,0.0,miscorrection_rate,0.00600000,0.00547723,0.00000000,0.01278355,5,100
ldpc_32_16,rayleigh_awgn,syndrome,0.0,conditional_miscorrection_rate,0.23333333,0.22360680,0.00000000,0.51027064,5,100
ldpc_32_16,rayleigh_awgn,syndrome,0.0,ambiguous_rate,0.00000000,0.00000000,0.00000000,0.00000000,5,100
ldpc_32_16,rayleigh_awgn,syndrome,0.0,average_decoding_time_ms,0.05890380,0.01514593,0.04014554,0.07766206,5,100
ldpc_32_16,rayleigh_awgn,syndrome,1.0,ber,0.95462500,0.02070817,0.92897791,0.98027209,5,100
ldpc_32_16,rayleigh_awgn,syndrome,1.0,frame_error_rate,0.95600000,0.01816590,0.93350151,0.97849849,5,100
ldpc_32_16,rayleigh_awgn,syndrome,1.0,failure_rate,0.95400000,0.02190890,0.92686580,0.98113420,5,100
ldpc_32_16,rayleigh_awgn,syndrome,1.0,miscorrection_rate,0.00200000,0.00447214,0.00000000,0.00753875,5,100
ldpc_32_16,rayleigh_awgn,syndrome,1.0,conditional_miscorrection_rate,0.02500000,0.05590170,0.00000000,0.09423433,5,100
ldpc_32_16,rayleigh_awgn,syndrome,1.0,ambiguous_rate,0.00000000,0.00000000,0.00000000,0.00000000,5,100
ldpc_32_16,rayleigh_awgn,syndrome,1.0,average_decoding_time_ms,0.05815180,0.01777243,0.03614062,0.08016298,5,100
ldpc_32_16,rayleigh_awgn,syndrome,2.0,ber,0.91662500,0.02959228,0.87997492,0.95327508,5,100
ldpc_32_16,rayleigh_awgn,syndrome,2.0,frame_error_rate,0.91800000,0.02774887,0.88363298,0.95236702,5,100
ldpc_32_16,rayleigh_awgn,syndrome,2.0,failure_rate,0.91600000,0.03049590,0.87823079,0.95376921,5,100
ldpc_32_16,rayleigh_awgn,syndrome,2.0,miscorrection_rate,0.00200000,0.00447214,0.00000000,0.00753875,5,100
ldpc_32_16,rayleigh_awgn,syndrome,2.0,conditional_miscorrection_rate,0.01666667,0.03726780,0.00000000,0.06282289,5,100
ldpc_32_16,rayleigh_awgn,syndrome,2.0,ambiguous_rate,0.00000000,0.00000000,0.00000000,0.00000000,5,100
ldpc_32_16,rayleigh_awgn,syndrome,2.0,average_decoding_time_ms,0.06282000,0.01503273,0.04420195,0.08143805,5,100
ldpc_32_16,rayleigh_awgn,syndrome,3.0,ber,0.86062500,0.04193093,0.80869349,0.91255651,5,100
ldpc_32_16,rayleigh_awgn,syndrome,3.0,frame_error_rate,0.86200000,0.03962323,0.81292658,0.91107342,5,100
ldpc_32_16,rayleigh_awgn,syndrome,3.0,failure_rate,0.86000000,0.04301163,0.80673004,0.91326996,5,100
ldpc_32_16,rayleigh_awgn,syndrome,3.0,miscorrection_rate,0.00200000,0.00447214,0.00000000,0.00753875,5,100
ldpc_32_16,rayleigh_awgn,syndrome,3.0,conditional_miscorrection_rate,0.01000000,0.02236068,0.00000000,0.03769373,5,100
ldpc_32_16,rayleigh_awgn,syndrome,3.0,ambiguous_rate,0.00000000,0.00000000,0.00000000,0.00000000,5,100
ldpc_32_16,rayleigh_awgn,syndrome,3.0,average_decoding_time_ms,0.06013240,0.01630612,0.03993725,0.08032755,5,100
ldpc_32_16,rayleigh_awgn,syndrome,4.0,ber,0.80662500,0.02785145,0.77213095,0.84111905,5,100
ldpc_32_16,rayleigh_awgn,syndrome,4.0,frame_error_rate,0.80800000,0.02588436,0.77594219,0.84005781,5,100
ldpc_32_16,rayleigh_awgn,syndrome,4.0,failure_rate,0.80600000,0.02880972,0.77031912,0.84168088,5,100
ldpc_32_16,rayleigh_awgn,syndrome,4.0,miscorrection_rate,0.00200000,0.00447214,0.00000000,0.00753875,5,100
ldpc_32_16,rayleigh_awgn,syndrome,4.0,conditional_miscorrection_rate,0.00869565,0.01944407,0.00000000,0.03277716,5,100
ldpc_32_16,rayleigh_awgn,syndrome,4.0,ambiguous_rate,0.00000000,0.00000000,0.00000000,0.00000000,5,100
ldpc_32_16,rayleigh_awgn,syndrome,4.0,average_decoding_time_ms,0.09006600,0.04228911,0.03769088,0.14244112,5,100
ldpc_32_16,rayleigh_awgn,syndrome,5.0,ber,0.71062500,0.03769222,0.66394314,0.75730686,5,100
ldpc_32_16,rayleigh_awgn,syndrome,5.0,frame_error_rate,0.71200000,0.03701351,0.66615872,0.75784128,5,100
ldpc_32_16,rayleigh_awgn,syndrome,5.0,failure_rate,0.71000000,0.03807887,0.66283928,0.75716072,5,100
ldpc_32_16,rayleigh_awgn,syndrome,5.0,miscorrection_rate,0.00200000,0.00447214,0.00000000,0.00753875,5,100
ldpc_32_16,rayleigh_awgn,syndrome,5.0,conditional_miscorrection_rate,0.00645161,0.01442625,0.00000000,0.02431854,5,100
ldpc_32_16,rayleigh_awgn,syndrome,5.0,ambiguous_rate,0.00000000,0.00000000,0.00000000,0.00000000,5,100
ldpc_32_16,rayleigh_awgn,syndrome,5.0,average_decoding_time_ms,0.07615460,0.01515698,0.05738266,0.09492654,5,100
ldpc_32_16,rayleigh_awgn,syndrome,6.0,ber,0.60862500,0.05798774,0.53680711,0.68044289,5,100
ldpc_32_16,rayleigh_awgn,syndrome,6.0,frame_error_rate,0.61000000,0.05700877,0.53939456,0.68060544,5,100
ldpc_32_16,rayleigh_awgn,syndrome,6.0,failure_rate,0.60800000,0.05848077,0.53557149,0.68042851,5,100
ldpc_32_16,rayleigh_awgn,syndrome,6.0,miscorrection_rate,0.00200000,0.00447214,0.00000000,0.00753875,5,100
ldpc_32_16,rayleigh_awgn,syndrome,6.0,conditional_miscorrection_rate,0.00465116,0.01040032,0.00000000,0.01753197,5,100
ldpc_32_16,rayleigh_awgn,syndrome,6.0,ambiguous_rate,0.00000000,0.00000000,0.00000000,0.00000000,5,100
ldpc_32_16,rayleigh_awgn,syndrome,6.0,average_decoding_time_ms,0.06644740,0.02299608,0.03796673,0.09492807,5,100
ldpc_32_16,rayleigh_awgn,chase,0.0,ber,0.62487500,0.03425091,0.58245520,0.66729480,5,100
ldpc_32_16,rayleigh_awgn,chase,0.0,frame_error_rate,0.80400000,0.02880972,0.76831912,0.83968088,5,100
ldpc_32_16,rayleigh_awgn,chase,0.0,failure_rate,0.55400000,0.04098780,0.50323655,0.60476345,5,100
ldpc_32_16,rayleigh_awgn,chase,0.0,miscorrection_rate,0.25000000,0.03937004,0.20124015,0.29875985,5,100
ldpc_32_16,rayleigh_awgn,chase,0.0,conditional_miscorrection_rate,0.55938600,0.06348964,0.48075400,0.63801800,5,100
ldpc_32_16,rayleigh_awgn,chase,0.0,ambiguous_rate,0.00000000,0.00000000,0.00000000,0.00000000,5,100
ldpc_32_16,rayleigh_awgn,chase,0.0,average_decoding_time_ms,0.49562420,0.09704110,0.37543868,0.61580972,5,100
ldpc_32_16,rayleigh_awgn,chase,1.0,ber,0.54812500,0.04183067,0.49631766,0.59993234,5,100
ldpc_32_16,rayleigh_awgn,chase,1.0,frame_error_rate,0.71800000,0.05069517,0.65521397,0.78078603,5,100
ldpc_32_16,rayleigh_awgn,chase,1.0,failure_rate,0.48200000,0.04658326,0.42430657,0.53969343,5,100
ldpc_32_16,rayleigh_awgn,chase,1.0,miscorrection_rate,0.23600000,0.03507136,0.19256408,0.27943592,5,100
ldpc_32_16,rayleigh_awgn,chase,1.0,conditional_miscorrection_rate,0.45721976,0.06823927,0.37270534,0.54173418,5,100
ldpc_32_16,rayleigh_awgn,chase,1.0,ambiguous_rate,0.00000000,0.00000000,0.00000000,0.00000000,5,100
ldpc_32_16,rayleigh_awgn,chase,1.0,average_decoding_time_ms,0.51169700,0.09341184,0.39600632,0.62738768,5,100
ldpc_32_16,rayleigh_awgn,chase,2.0,ber,0.45725000,0.04359481,0.40325777,0.51124223,5,100
ldpc_32_16,rayleigh_awgn,chase,2.0,frame_error_rate,0.59800000,0.04658326,0.54030657,0.65569343,5,100
ldpc_32_16,rayleigh_awgn,chase,2.0,failure_rate,0.40600000,0.04827007,0.34621745,0.46578255,5,100
ldpc_32_16,rayleigh_awgn,chase,2.0,miscorrection_rate,0.19200000,0.03898718,0.14371433,0.24028567,5,100
ldpc_32_16,rayleigh_awgn,chase,2.0,conditional_miscorrection_rate,0.32292951,0.05908649,0.24975081,0.39610821,5,100
ldpc_32_16,rayleigh_awgn,chase,2.0,ambiguous_rate,0.00000000,0.00000000,0.00000000,0.00000000,5,100
ldpc_32_16,rayleigh_awgn,chase,2.0,average_decoding_time_ms,0.52112640,0.08260674,0.41881785,0.62343495,5,100
ldpc_32_16,rayleigh_awgn,chase,3.0,ber,0.35400000,0.01633153,0.33377338,0.37422662,5,100
ldpc_32_16,rayleigh_awgn,chase,3.0,frame_error_rate,0.45200000,0.04381780,0.39773159,0.50626841,5,100
ldpc_32_16,rayleigh_awgn,chase,3.0,failure_rate,0.32000000,0.02549510,0.28842429,0.35157571,5,100
ldpc_32_16,rayleigh_awgn,chase,3.0,miscorrection_rate,0.13200000,0.06099180,0.05646157,0.20753843,5,100
ldpc_32_16,rayleigh_awgn,chase,3.0,conditional_miscorrection_rate,0.19220886,0.08334079,0.08899119,0.29542653,5,100
ldpc_32_16,rayleigh_awgn,chase,3.0,ambiguous_rate,0.00000000,0.00000000,0.00000000,0.00000000,5,100
ldpc_32_16,rayleigh_awgn,chase,3.0,average_decoding_time_ms,0.52660020,0.09326494,0.41109145,0.64210895,5,100
ldpc_32_16,rayleigh_awgn,chase,4.0,ber,0.25525000,0.03289009,0.21451558,0.29598442,5,100
ldpc_32_16,rayleigh_awgn,chase,4.0,frame_error_rate,0.32400000,0.05813777,0.25199630,0.39600370,5,100
ldpc_32_16,rayleigh_awgn,chase,4.0,failure_rate,0.23000000,0.02828427,0.19496989,0.26503011,5,100
ldpc_32_16,rayleigh_awgn,chase,4.0,miscorrection_rate,0.09400000,0.04774935,0.03486237,0.15313763,5,100
ldpc_32_16,rayleigh_awgn,chase,4.0,conditional_miscorrection_rate,0.12239616,0.06320226,0.04412008,0.20067225,5,100
ldpc_32_16,rayleigh_awgn,chase,4.0,ambiguous_rate,0.00000000,0.00000000,0.00000000,0.00000000,5,100
ldpc_32_16,rayleigh_awgn,chase,4.0,average_decoding_time_ms,0.61118880,0.05579319,0.54208887,0.68028873,5,100
ldpc_32_16,rayleigh_awgn,chase,5.0,ber,0.15975000,0.03049910,0.12197682,0.19752318,5,100
ldpc_32_16,rayleigh_awgn,chase,5.0,frame_error_rate,0.20200000,0.03701351,0.15615872,0.24784128,5,100
ldpc_32_16,rayleigh_awgn,chase,5.0,failure_rate,0.14600000,0.02966479,0.10926011,0.18273989,5,100
ldpc_32_16,rayleigh_awgn,chase,5.0,miscorrection_rate,0.05600000,0.01516575,0.03721720,0.07478280,5,100
ldpc_32_16,rayleigh_awgn,chase,5.0,conditional_miscorrection_rate,0.06577263,0.01850619,0.04285269,0.08869257,5,100
ldpc_32_16,rayleigh_awgn,chase,5.0,ambiguous_rate,0.00000000,0.00000000,0.00000000,0.00000000,5,100
ldpc_32_16,rayleigh_awgn,chase,5.0,average_decoding_time_ms,0.57311840,0.15158320,0.38538241,0.76085439,5,100
ldpc_32_16,rayleigh_awgn,chase,6.0,ber,0.08375000,0.02120860,0.05748312,0.11001688,5,100
ldpc_32_16,rayleigh_awgn,chase,6.0,frame_error_rate,0.11200000,0.01923538,0.08817695,0.13582305,5,100
ldpc_32_16,rayleigh_awgn,chase,6.0,failure_rate,0.07600000,0.02302173,0.04748756,0.10451244,5,100
ldpc_32_16,rayleigh_awgn,chase,6.0,miscorrection_rate,0.03600000,0.01140175,0.02187891,0.05012109,5,100
ldpc_32_16,rayleigh_awgn,chase,6.0,conditional_miscorrection_rate,0.03884430,0.01191123,0.02409223,0.05359637,5,100
ldpc_32_16,rayleigh_awgn,chase,6.0,ambiguous_rate,0.00000000,0.00000000,0.00000000,0.00000000,5,100
ldpc_32_16,rayleigh_awgn,chase,6.0,average_decoding_time_ms,0.61820020,0.03964153,0.56910412,0.66729628,5,100
ldpc_32_16,rayleigh_awgn,hard_mld,0.0,ber,0.27912500,0.01097405,0.26553363,0.29271637,5,100
ldpc_32_16,rayleigh_awgn,hard_mld,0.0,frame_error_rate,0.87000000,0.03937004,0.82124015,0.91875985,5,100
ldpc_32_16,rayleigh_awgn,hard_mld,0.0,failure_rate,0.00000000,0.00000000,0.00000000,0.00000000,5,100
ldpc_32_16,rayleigh_awgn,hard_mld,0.0,miscorrection_rate,0.87000000,0.03937004,0.82124015,0.91875985,5,100
ldpc_32_16,rayleigh_awgn,hard_mld,0.0,conditional_miscorrection_rate,0.87000000,0.03937004,0.82124015,0.91875985,5,100
ldpc_32_16,rayleigh_awgn,hard_mld,0.0,ambiguous_rate,0.86400000,0.02073644,0.83831789,0.88968211,5,100
ldpc_32_16,rayleigh_awgn,hard_mld,0.0,average_decoding_time_ms,3.73767980,0.69383013,2.87837028,4.59698932,5,100
ldpc_32_16,rayleigh_awgn,hard_mld,1.0,ber,0.25200000,0.01052712,0.23896214,0.26503786,5,100
ldpc_32_16,rayleigh_awgn,hard_mld,1.0,frame_error_rate,0.81600000,0.05272571,0.75069915,0.88130085,5,100
ldpc_32_16,rayleigh_awgn,hard_mld,1.0,failure_rate,0.00000000,0.00000000,0.00000000,0.00000000,5,100
ldpc_32_16,rayleigh_awgn,hard_mld,1.0,miscorrection_rate,0.81600000,0.05272571,0.75069915,0.88130085,5,100
ldpc_32_16,rayleigh_awgn,hard_mld,1.0,conditional_miscorrection_rate,0.81600000,0.05272571,0.75069915,0.88130085,5,100
ldpc_32_16,rayleigh_awgn,hard_mld,1.0,ambiguous_rate,0.81000000,0.02449490,0.77966304,0.84033696,5,100
ldpc_32_16,rayleigh_awgn,hard_mld,1.0,average_decoding_time_ms,3.91140240,0.81955871,2.89637787,4.92642693,5,100
ldpc_32_16,rayleigh_awgn,hard_mld,2.0,ber,0.21025000,0.01246558,0.19481137,0.22568863,5,100
ldpc_32_16,rayleigh_awgn,hard_mld,2.0,frame_error_rate,0.70000000,0.06041523,0.62517566,0.77482434,5,100
ldpc_32_16,rayleigh_awgn,hard_mld,2.0,failure_rate,0.00000000,0.00000000,0.00000000,0.00000000,5,100
ldpc_32_16,rayleigh_awgn,hard_mld,2.0,miscorrection_rate,0.70000000,0.06041523,0.62517566,0.77482434,5,100
ldpc_32_16,rayleigh_awgn,hard_mld,2.0,conditional_miscorrection_rate,0.70000000,0.06041523,0.62517566,0.77482434,5,100
ldpc_32_16,rayleigh_awgn,hard_mld,2.0,ambiguous_rate,0.74600000,0.02073644,0.72031789,0.77168211,5,100
ldpc_32_16,rayleigh_awgn,hard_mld,2.0,average_decoding_time_ms,3.72926280,0.61218823,2.97106688,4.48745872,5,100
ldpc_32_16,rayleigh_awgn,hard_mld,3.0,ber,0.16787500,0.01284371,0.15196805,0.18378195,5,100
ldpc_32_16,rayleigh_awgn,hard_mld,3.0,frame_error_rate,0.58600000,0.05128353,0.52248529,0.64951471,5,100
ldpc_32_16,rayleigh_awgn,hard_mld,3.0,failure_rate,0.00000000,0.00000000,0.00000000,0.00000000,5,100
ldpc_32_16,rayleigh_awgn,hard_mld,3.0,miscorrection_rate,0.58600000,0.05128353,0.52248529,0.64951471,5,100
ldpc_32_16,rayleigh_awgn,hard_mld,3.0,conditional_miscorrection_rate,0.58600000,0.05128353,0.52248529,0.64951471,5,100
ldpc_32_16,rayleigh_awgn,hard_mld,3.0,ambiguous_rate,0.67000000,0.01870829,0.64682976,0.69317024,5,100
ldpc_32_16,rayleigh_awgn,hard_mld,3.0,average_decoding_time_ms,3.71589060,0.64927875,2.91175802,4.52002318,5,100
ldpc_32_16,rayleigh_awgn,hard_mld,4.0,ber,0.13612500,0.01064704,0.12293863,0.14931137,5,100
ldpc_32_16,rayleigh_awgn,hard_mld,4.0,frame_error_rate,0.47800000,0.03420526,0.43563674,0.52036326,5,100
ldpc_32_16,rayleigh_awgn,hard_mld,4.0,failure_rate,0.00000000,0.00000000,0.00000000,0.00000000,5,100
ldpc_32_16,rayleigh_awgn,hard_mld,4.0,miscorrection_rate,0.47800000,0.03420526,0.43563674,0.52036326,5,100
ldpc_32_16,rayleigh_awgn,hard_mld,4.0,conditional_miscorrection_rate,0.47800000,0.03420526,0.43563674,0.52036326,5,100
ldpc_32_16,rayleigh_awgn,hard_mld,4.0,ambiguous_rate,0.59000000,0.05000000,0.52807493,0.65192507,5,100
ldpc_32_16,rayleigh_awgn,hard_mld,4.0,average_decoding_time_ms,4.20637180,0.28902959,3.84840828,4.56433532,5,100
ldpc_32_16,rayleigh_awgn,hard_mld,5.0,ber,0.09987500,0.01577057,0.08034313,0.11940687,5,100
ldpc_32_16,rayleigh_awgn,hard_mld,5.0,frame_error_rate,0.35600000,0.05549775,0.28726597,0.42473403,5,100
ldpc_32_16,rayleigh_awgn,hard_mld,5.0,failure_rate,0.00000000,0.00000000,0.00000000,0.00000000,5,100
ldpc_32_16,rayleigh_awgn,hard_mld,5.0,miscorrection_rate,0.35600000,0.05549775,0.28726597,0.42473403,5,100
ldpc_32_16,rayleigh_awgn,hard_mld,5.0,conditional_miscorrection_rate,0.35600000,0.05549775,0.28726597,0.42473403,5,100
ldpc_32_16,rayleigh_awgn,hard_mld,5.0,ambiguous_rate,0.46000000,0.03162278,0.42083515,0.49916485,5,100
ldpc_32_16,rayleigh_awgn,hard_mld,5.0,average_decoding_time_ms,4.37978480,0.71580642,3.49325761,5.26631199,5,100
ldpc_32_16,rayleigh_awgn,hard_mld,6.0,ber,0.07337500,0.01428368,0.05568465,0.09106535,5,100
ldpc_32_16,rayleigh_awgn,hard_mld,6.0,frame_error_rate,0.27200000,0.05890671,0.19904397,0.34495603,5,100
ldpc_32_16,rayleigh_awgn,hard_mld,6.0,failure_rate,0.00000000,0.00000000,0.00000000,0.00000000,5,100
ldpc_32_16,rayleigh_awgn,hard_mld,6.0,miscorrection_rate,0.27200000,0.05890671,0.19904397,0.34495603,5,100
ldpc_32_16,rayleigh_awgn,hard_mld,6.0,conditional_miscorrection_rate,0.27200000,0.05890671,0.19904397,0.34495603,5,100
ldpc_32_16,rayleigh_awgn,hard_mld,6.0,ambiguous_rate,0.35400000,0.07021396,0.26703992,0.44096008,5,100
ldpc_32_16,rayleigh_awgn,hard_mld,6.0,average_decoding_time_ms,4.19423680,0.41619472,3.67877910,4.70969450,5,100
ldpc_32_16,rayleigh_awgn,soft_mld,0.0,ber,0.20387500,0.00294480,0.20022786,0.20752214,5,100
ldpc_32_16,rayleigh_awgn,soft_mld,0.0,frame_error_rate,0.67200000,0.02774887,0.63763298,0.70636702,5,100
ldpc_32_16,rayleigh_awgn,soft_mld,0.0,failure_rate,0.00000000,0.00000000,0.00000000,0.00000000,5,100
ldpc_32_16,rayleigh_awgn,soft_mld,0.0,miscorrection_rate,0.67200000,0.02774887,0.63763298,0.70636702,5,100
ldpc_32_16,rayleigh_awgn,soft_mld,0.0,conditional_miscorrection_rate,0.67200000,0.02774887,0.63763298,0.70636702,5,100
ldpc_32_16,rayleigh_awgn,soft_mld,0.0,ambiguous_rate,0.00000000,0.00000000,0.00000000,0.00000000,5,100
ldpc_32_16,rayleigh_awgn,soft_mld,0.0,average_decoding_time_ms,0.79306860,0.12094993,0.64327196,0.94286524,5,100
ldpc_32_16,rayleigh_awgn,soft_mld,1.0,ber,0.15987500,0.00931648,0.14833652,0.17141348,5,100
ldpc_32_16,rayleigh_awgn,soft_mld,1.0,frame_error_rate,0.54200000,0.04604346,0.48497512,0.59902488,5,100
ldpc_32_16,rayleigh_awgn,soft_mld,1.0,failure_rate,0.00000000,0.00000000,0.00000000,0.00000000,5,100
ldpc_32_16,rayleigh_awgn,soft_mld,1.0,miscorrection_rate,0.54200000,0.04604346,0.48497512,0.59902488,5,100
ldpc_32_16,rayleigh_awgn,soft_mld,1.0,conditional_miscorrection_rate,0.54200000,0.04604346,0.48497512,0.59902488,5,100
ldpc_32_16,rayleigh_awgn,soft_mld,1.0,ambiguous_rate,0.00000000,0.00000000,0.00000000,0.00000000,5,100
ldpc_32_16,rayleigh_awgn,soft_mld,1.0,average_decoding_time_ms,0.77634300,0.08894751,0.66618139,0.88650461,5,100
ldpc_32_16,rayleigh_awgn,soft_mld,2.0,ber,0.10850000,0.01606019,0.08860943,0.12839057,5,100
ldpc_32_16,rayleigh_awgn,soft_mld,2.0,frame_error_rate,0.38800000,0.07049823,0.30068785,0.47531215,5,100
ldpc_32_16,rayleigh_awgn,soft_mld,2.0,failure_rate,0.00000000,0.00000000,0.00000000,0.00000000,5,100
ldpc_32_16,rayleigh_awgn,soft_mld,2.0,miscorrection_rate,0.38800000,0.07049823,0.30068785,0.47531215,5,100
ldpc_32_16,rayleigh_awgn,soft_mld,2.0,conditional_miscorrection_rate,0.38800000,0.07049823,0.30068785,0.47531215,5,100
ldpc_32_16,rayleigh_awgn,soft_mld,2.0,ambiguous_rate,0.00000000,0.00000000,0.00000000,0.00000000,5,100
ldpc_32_16,rayleigh_awgn,soft_mld,2.0,average_decoding_time_ms,0.81819720,0.07406046,0.72647322,0.90992118,5,100
ldpc_32_16,rayleigh_awgn,soft_mld,3.0,ber,0.07325000,0.01277357,0.05742992,0.08907008,5,100
ldpc_32_16,rayleigh_awgn,soft_mld,3.0,frame_error_rate,0.27000000,0.04847680,0.20996142,0.33003858,5,100
ldpc_32_16,rayleigh_awgn,soft_mld,3.0,failure_rate,0.00000000,0.00000000,0.00000000,0.00000000,5,100
ldpc_32_16,rayleigh_awgn,soft_mld,3.0,miscorrection_rate,0.27000000,0.04847680,0.20996142,0.33003858,5,100
ldpc_32_16,rayleigh_awgn,soft_mld,3.0,conditional_miscorrection_rate,0.27000000,0.04847680,0.20996142,0.33003858,5,100
ldpc_32_16,rayleigh_awgn,soft_mld,3.0,ambiguous_rate,0.00000000,0.00000000,0.00000000,0.00000000,5,100
ldpc_32_16,rayleigh_awgn,soft_mld,3.0,average_decoding_time_ms,0.76596700,0.08904877,0.65567998,0.87625402,5,100
ldpc_32_16,rayleigh_awgn,soft_mld,4.0,ber,0.03862500,0.00490933,0.03254478,0.04470522,5,100
ldpc_32_16,rayleigh_awgn,soft_mld,4.0,frame_error_rate,0.15000000,0.02236068,0.12230627,0.17769373,5,100
ldpc_32_16,rayleigh_awgn,soft_mld,4.0,failure_rate,0.00000000,0.00000000,0.00000000,0.00000000,5,100
ldpc_32_16,rayleigh_awgn,soft_mld,4.0,miscorrection_rate,0.15000000,0.02236068,0.12230627,0.17769373,5,100
ldpc_32_16,rayleigh_awgn,soft_mld,4.0,conditional_miscorrection_rate,0.15000000,0.02236068,0.12230627,0.17769373,5,100
ldpc_32_16,rayleigh_awgn,soft_mld,4.0,ambiguous_rate,0.00000000,0.00000000,0.00000000,0.00000000,5,100
ldpc_32_16,rayleigh_awgn,soft_mld,4.0,average_decoding_time_ms,0.84004580,0.09324251,0.72456483,0.95552677,5,100
ldpc_32_16,rayleigh_awgn,soft_mld,5.0,ber,0.01925000,0.00189572,0.01690215,0.02159785,5,100
ldpc_32_16,rayleigh_awgn,soft_mld,5.0,frame_error_rate,0.07400000,0.00894427,0.06292251,0.08507749,5,100
ldpc_32_16,rayleigh_awgn,soft_mld,5.0,failure_rate,0.00000000,0.00000000,0.00000000,0.00000000,5,100
ldpc_32_16,rayleigh_awgn,soft_mld,5.0,miscorrection_rate,0.07400000,0.00894427,0.06292251,0.08507749,5,100
ldpc_32_16,rayleigh_awgn,soft_mld,5.0,conditional_miscorrection_rate,0.07400000,0.00894427,0.06292251,0.08507749,5,100
ldpc_32_16,rayleigh_awgn,soft_mld,5.0,ambiguous_rate,0.00000000,0.00000000,0.00000000,0.00000000,5,100
ldpc_32_16,rayleigh_awgn,soft_mld,5.0,average_decoding_time_ms,0.90217100,0.24921927,0.59351261,1.21082939,5,100
ldpc_32_16,rayleigh_awgn,soft_mld,6.0,ber,0.00862500,0.00429389,0.00330701,0.01394299,5,100
ldpc_32_16,rayleigh_awgn,soft_mld,6.0,frame_error_rate,0.03400000,0.01516575,0.01521720,0.05278280,5,100
ldpc_32_16,rayleigh_awgn,soft_mld,6.0,failure_rate,0.00000000,0.00000000,0.00000000,0.00000000,5,100
ldpc_32_16,rayleigh_awgn,soft_mld,6.0,miscorrection_rate,0.03400000,0.01516575,0.01521720,0.05278280,5,100
ldpc_32_16,rayleigh_awgn,soft_mld,6.0,conditional_miscorrection_rate,0.03400000,0.01516575,0.01521720,0.05278280,5,100
ldpc_32_16,rayleigh_awgn,soft_mld,6.0,ambiguous_rate,0.00000000,0.00000000,0.00000000,0.00000000,5,100
ldpc_32_16,rayleigh_awgn,soft_mld,6.0,average_decoding_time_ms,0.86728220,0.10996936,0.73108500,1.00347940,5,100
ldpc_32_16,rayleigh,syndrome,0.0,ber,0.85212500,0.03415155,0.80982827,0.89442173,5,100
ldpc_32_16,rayleigh,syndrome,0.0,frame_error_rate,0.85400000,0.03361547,0.81236719,0.89563281,5,100
ldpc_32_16,rayleigh,syndrome,0.0,failure_rate,0.85200000,0.03420526,0.80963674,0.89436326,5,100
ldpc_32_16,rayleigh,syndrome,0.0,miscorrection_rate,0.00200000,0.00447214,0.00000000,0.00753875,5,100
ldpc_32_16,rayleigh,syndrome,0.0,conditional_miscorrection_rate,0.01250000,0.02795085,0.00000000,0.04711716,5,100
ldpc_32_16,rayleigh,syndrome,0.0,ambiguous_rate,0.00000000,0.00000000,0.00000000,0.00000000,5,100
ldpc_32_16,rayleigh,syndrome,0.0,average_decoding_time_ms,0.06771340,0.00206226,0.06515928,0.07026752,5,100
ldpc_32_16,rayleigh,syndrome,1.0,ber,0.80150000,0.06362518,0.72270013,0.88029987,5,100
ldpc_32_16,rayleigh,syndrome,1.0,frame_error_rate,0.80600000,0.05856620,0.73346568,0.87853432,5,100
ldpc_32_16,rayleigh,syndrome,1.0,failure_rate,0.80000000,0.06519202,0.71925959,0.88074041,5,100
ldpc_32_16,rayleigh,syndrome,1.0,miscorrection_rate,0.00600000,0.00894427,0.00000000,0.01707749,5,100
ldpc_32_16,rayleigh,syndrome,1.0,conditional_miscorrection_rate,0.02337662,0.03330099,0.00000000,0.06461994,5,100
ldpc_32_16,rayleigh,syndrome,1.0,ambiguous_rate,0.00000000,0.00000000,0.00000000,0.00000000,5,100
ldpc_32_16,rayleigh,syndrome,1.0,average_decoding_time_ms,0.06681940,0.00171103,0.06470029,0.06893851,5,100
ldpc_32_16,rayleigh,syndrome,2.0,ber,0.69962500,0.03165241,0.66042345,0.73882655,5,100
ldpc_32_16,rayleigh,syndrome,2.0,frame_error_rate,0.70400000,0.02509980,0.67291386,0.73508614,5,100
ldpc_32_16,rayleigh,syndrome,2.0,failure_rate,0.69800000,0.03346640,0.65655182,0.73944818,5,100
ldpc_32_16,rayleigh,syndrome,2.0,miscorrection_rate,0.00600000,0.00894427,0.00000000,0.01707749,5,100
ldpc_32_16,rayleigh,syndrome,2.0,conditional_miscorrection_rate,0.01777778,0.02557970,0.00000000,0.04945827,5,100
ldpc_32_16,rayleigh,syndrome,2.0,ambiguous_rate,0.00000000,0.00000000,0.00000000,0.00000000,5,100
ldpc_32_16,rayleigh,syndrome,2.0,average_decoding_time_ms,0.06778480,0.00366166,0.06324983,0.07231977,5,100
ldpc_32_16,rayleigh,syndrome,3.0,ber,0.61800000,0.01483240,0.59963006,0.63636994,5,100
ldpc_32_16,rayleigh,syndrome,3.0,frame_error_rate,0.61800000,0.01483240,0.59963006,0.63636994,5,100
ldpc_32_16,rayleigh,syndrome,3.0,failure_rate,0.61800000,0.01483240,0.59963006,0.63636994,5,100
ldpc_32_16,rayleigh,syndrome,3.0,miscorrection_rate,0.00000000,0.00000000,0.00000000,0.00000000,5,100
ldpc_32_16,rayleigh,syndrome,3.0,conditional_miscorrection_rate,0.00000000,0.00000000,0.00000000,0.00000000,5,100
ldpc_32_16,rayleigh,syndrome,3.0,ambiguous_rate,0.00000000,0.00000000,0.00000000,0.00000000,5,100
ldpc_32_16,rayleigh,syndrome,3.0,average_decoding_time_ms,0.07237060,0.00346294,0.06808175,0.07665945,5,100
ldpc_32_16,rayleigh,syndrome,4.0,ber,0.54800000,0.05263079,0.48281670,0.61318330,5,100
ldpc_32_16,rayleigh,syndrome,4.0,frame_error_rate,0.54800000,0.05263079,0.48281670,0.61318330,5,100
ldpc_32_16,rayleigh,syndrome,4.0,failure_rate,0.54800000,0.05263079,0.48281670,0.61318330,5,100
ldpc_32_16,rayleigh,syndrome,4.0,miscorrection_rate,0.00000000,0.00000000,0.00000000,0.00000000,5,100
ldpc_32_16,rayleigh,syndrome,4.0,conditional_miscorrection_rate,0.00000000,0.00000000,0.00000000,0.00000000,5,100
ldpc_32_16,rayleigh,syndrome,4.0,ambiguous_rate,0.00000000,0.00000000,0.00000000,0.00000000,5,100
ldpc_32_16,rayleigh,syndrome,4.0,average_decoding_time_ms,0.06912820,0.00263564,0.06586396,0.07239244,5,100
ldpc_32_16,rayleigh,syndrome,5.0,ber,0.46000000,0.05099020,0.39684858,0.52315142,5,100
ldpc_32_16,rayleigh,syndrome,5.0,frame_error_rate,0.46000000,0.05099020,0.39684858,0.52315142,5,100
ldpc_32_16,rayleigh,syndrome,5.0,failure_rate,0.46000000,0.05099020,0.39684858,0.52315142,5,100
ldpc_32_16,rayleigh,syndrome,5.0,miscorrection_rate,0.00000000,0.00000000,0.00000000,0.00000000,5,100
ldpc_32_16,rayleigh,syndrome,5.0,conditional_miscorrection_rate,0.00000000,0.00000000,0.00000000,0.00000000,5,100
ldpc_32_16,rayleigh,syndrome,5.0,ambiguous_rate,0.00000000,0.00000000,0.00000000,0.00000000,5,100
ldpc_32_16,rayleigh,syndrome,5.0,average_decoding_time_ms,0.06922480,0.00393496,0.06435134,0.07409826,5,100
ldpc_32_16,rayleigh,syndrome,6.0,ber,0.39000000,0.04743416,0.33125272,0.44874728,5,100
ldpc_32_16,rayleigh,syndrome,6.0,frame_error_rate,0.39000000,0.04743416,0.33125272,0.44874728,5,100
ldpc_32_16,rayleigh,syndrome,6.0,failure_rate,0.39000000,0.04743416,0.33125272,0.44874728,5,100
ldpc_32_16,rayleigh,syndrome,6.0,miscorrection_rate,0.00000000,0.00000000,0.00000000,0.00000000,5,100
ldpc_32_16,rayleigh,syndrome,6.0,conditional_miscorrection_rate,0.00000000,0.00000000,0.00000000,0.00000000,5,100
ldpc_32_16,rayleigh,syndrome,6.0,ambiguous_rate,0.00000000,0.00000000,0.00000000,0.00000000,5,100
ldpc_32_16,rayleigh,syndrome,6.0,average_decoding_time_ms,0.06893160,0.00364084,0.06442242,0.07344078,5,100
ldpc_32_16,rayleigh,chase,0.0,ber,0.52325000,0.04200400,0.47122799,0.57527201,5,100
ldpc_32_16,rayleigh,chase,0.0,frame_error_rate,0.65400000,0.02073644,0.62831789,0.67968211,5,100
ldpc_32_16,rayleigh,chase,0.0,failure_rate,0.45800000,0.05263079,0.39281670,0.52318330,5,100
ldpc_32_16,rayleigh,chase,0.0,miscorrection_rate,0.19600000,0.04929503,0.13494804,0.25705196,5,100
ldpc_32_16,rayleigh,chase,0.0,conditional_miscorrection_rate,0.35799807,0.06064761,0.28288592,0.43311022,5,100
ldpc_32_16,rayleigh,chase,0.0,ambiguous_rate,0.00000000,0.00000000,0.00000000,0.00000000,5,100
ldpc_32_16,rayleigh,chase,0.0,average_decoding_time_ms,0.55002020,0.02642615,0.51729138,0.58274902,5,100
ldpc_32_16,rayleigh,chase,1.0,ber,0.43587500,0.03987431,0.38649061,0.48525939,5,100
ldpc_32_16,rayleigh,chase,1.0,frame_error_rate,0.55200000,0.05019960,0.48982773,0.61417227,5,100
ldpc_32_16,rayleigh,chase,1.0,failure_rate,0.38000000,0.04690416,0.32190914,0.43809086,5,100
ldpc_32_16,rayleigh,chase,1.0,miscorrection_rate,0.17200000,0.05932959,0.09852023,0.24547977,5,100
ldpc_32_16,rayleigh,chase,1.0,conditional_miscorrection_rate,0.27547534,0.08632226,0.16856511,0.38238557,5,100
ldpc_32_16,rayleigh,chase,1.0,ambiguous_rate,0.00000000,0.00000000,0.00000000,0.00000000,5,100
ldpc_32_16,rayleigh,chase,1.0,average_decoding_time_ms,0.54655160,0.05498398,0.47845387,0.61464933,5,100
ldpc_32_16,rayleigh,chase,2.0,ber,0.38012500,0.04910011,0.31931446,0.44093554,5,100
ldpc_32_16,rayleigh,chase,2.0,frame_error_rate,0.48400000,0.06542171,0.40297513,0.56502487,5,100
ldpc_32_16,rayleigh,chase,2.0,failure_rate,0.33200000,0.05263079,0.26681670,0.39718330,5,100
ldpc_32_16,rayleigh,chase,2.0,miscorrection_rate,0.15200000,0.06058052,0.07697094,0.22702906,5,100
ldpc_32_16,rayleigh,chase,2.0,conditional_miscorrection_rate,0.22677794,0.08744738,0.11847425,0.33508164,5,100
ldpc_32_16,rayleigh,chase,2.0,ambiguous_rate,0.00000000,0.00000000,0.00000000,0.00000000,5,100
ldpc_32_16,rayleigh,chase,2.0,average_decoding_time_ms,0.57542060,0.01735754,0.55392327,0.59691793,5,100
ldpc_32_16,rayleigh,chase,3.0,ber,0.32000000,0.05117372,0.25662128,0.38337872,5,100
ldpc_32_16,rayleigh,chase,3.0,frame_error_rate,0.40600000,0.06107373,0.33036011,0.48163989,5,100
ldpc_32_16,rayleigh,chase,3.0,failure_rate,0.28200000,0.06180615,0.20545300,0.35854700,5,100
ldpc_32_16,rayleigh,chase,3.0,miscorrection_rate,0.12400000,0.05594640,0.05471031,0.19328969,5,100
ldpc_32_16,rayleigh,chase,3.0,conditional_miscorrection_rate,0.17104783,0.07546525,0.07758403,0.26451164,5,100
ldpc_32_16,rayleigh,chase,3.0,ambiguous_rate,0.00000000,0.00000000,0.00000000,0.00000000,5,100
ldpc_32_16,rayleigh,chase,3.0,average_decoding_time_ms,0.58830860,0.02062375,0.56276606,0.61385114,5,100
ldpc_32_16,rayleigh,chase,4.0,ber,0.27837500,0.04039019,0.22835170,0.32839830,5,100
ldpc_32_16,rayleigh,chase,4.0,frame_error_rate,0.34400000,0.05029911,0.28170449,0.40629551,5,100
ldpc_32_16,rayleigh,chase,4.0,failure_rate,0.24800000,0.04658326,0.19030657,0.30569343,5,100
ldpc_32_16,rayleigh,chase,4.0,miscorrection_rate,0.09600000,0.04669047,0.03817379,0.15382621,5,100
ldpc_32_16,rayleigh,chase,4.0,conditional_miscorrection_rate,0.12667339,0.06033165,0.05195257,0.20139422,5,100
ldpc_32_16,rayleigh,chase,4.0,ambiguous_rate,0.00000000,0.00000000,0.00000000,0.00000000,5,100
ldpc_32_16,rayleigh,chase,4.0,average_decoding_time_ms,0.56459980,0.04699859,0.50639198,0.62280762,5,100
ldpc_32_16,rayleigh,chase,5.0,ber,0.23650000,0.03614640,0.19173263,0.28126737,5,100
ldpc_32_16,rayleigh,chase,5.0,frame_error_rate,0.28400000,0.02073644,0.25831789,0.30968211,5,100
ldpc_32_16,rayleigh,chase,5.0,failure_rate,0.21200000,0.05069517,0.14921397,0.27478603,5,100
ldpc_32_16,rayleigh,chase,5.0,miscorrection_rate,0.07200000,0.04816638,0.01234588,0.13165412,5,100
ldpc_32_16,rayleigh,chase,5.0,conditional_miscorrection_rate,0.08876148,0.05627907,0.01905978,0.15846318,5,100
ldpc_32_16,rayleigh,chase,5.0,ambiguous_rate,0.00000000,0.00000000,0.00000000,0.00000000,5,100
ldpc_32_16,rayleigh,chase,5.0,average_decoding_time_ms,0.60602900,0.02407061,0.57621752,0.63584048,5,100
ldpc_32_16,rayleigh,chase,6.0,ber,0.18562500,0.02821167,0.15068481,0.22056519,5,100
ldpc_32_16,rayleigh,chase,6.0,frame_error_rate,0.22800000,0.02049390,0.20261828,0.25338172,5,100
ldpc_32_16,rayleigh,chase,6.0,failure_rate,0.16200000,0.04147288,0.11063578,0.21336422,5,100
ldpc_32_16,rayleigh,chase,6.0,miscorrection_rate,0.06600000,0.03847077,0.01835390,0.11364610,5,100
ldpc_32_16,rayleigh,chase,6.0,conditional_miscorrection_rate,0.07734289,0.04230038,0.02495381,0.12973197,5,100
ldpc_32_16,rayleigh,chase,6.0,ambiguous_rate,0.00000000,0.00000000,0.00000000,0.00000000,5,100
ldpc_32_16,rayleigh,chase,6.0,average_decoding_time_ms,0.63552380,0.04919560,0.57459498,0.69645262,5,100
ldpc_32_16,rayleigh,hard_mld,0.0,ber,0.26250000,0.01765003,0.24064042,0.28435958,5,100
ldpc_32_16,rayleigh,hard_mld,0.0,frame_error_rate,0.74200000,0.05449771,0.67450452,0.80949548,5,100
ldpc_32_16,rayleigh,hard_mld,0.0,failure_rate,0.00000000,0.00000000,0.00000000,0.00000000,5,100
ldpc_32_16,rayleigh,hard_mld,0.0,miscorrection_rate,0.74200000,0.05449771,0.67450452,0.80949548,5,100
ldpc_32_16,rayleigh,hard_mld,0.0,conditional_miscorrection_rate,0.74200000,0.05449771,0.67450452,0.80949548,5,100
ldpc_32_16,rayleigh,hard_mld,0.0,ambiguous_rate,0.72200000,0.03701351,0.67615872,0.76784128,5,100
ldpc_32_16,rayleigh,hard_mld,0.0,average_decoding_time_ms,4.00465580,0.07358105,3.91352557,4.09578603,5,100
ldpc_32_16,rayleigh,hard_mld,1.0,ber,0.22812500,0.02231259,0.20049083,0.25575917,5,100
ldpc_32_16,rayleigh,hard_mld,1.0,frame_error_rate,0.64000000,0.05916080,0.56672927,0.71327073,5,100
ldpc_32_16,rayleigh,hard_mld,1.0,failure_rate,0.00000000,0.00000000,0.00000000,0.00000000,5,100
ldpc_32_16,rayleigh,hard_mld,1.0,miscorrection_rate,0.64000000,0.05916080,0.56672927,0.71327073,5,100
ldpc_32_16,rayleigh,hard_mld,1.0,conditional_miscorrection_rate,0.64000000,0.05916080,0.56672927,0.71327073,5,100
ldpc_32_16,rayleigh,hard_mld,1.0,ambiguous_rate,0.64400000,0.06387488,0.56489088,0.72310912,5,100
ldpc_32_16,rayleigh,hard_mld,1.0,average_decoding_time_ms,4.00196520,0.06877859,3.91678282,4.08714758,5,100
ldpc_32_16,rayleigh,hard_mld,2.0,ber,0.18437500,0.02129591,0.15799999,0.21075001,5,100
ldpc_32_16,rayleigh,hard_mld,2.0,frame_error_rate,0.53000000,0.07314369,0.43941144,0.62058856,5,100
ldpc_32_16,rayleigh,hard_mld,2.0,failure_rate,0.00000000,0.00000000,0.00000000,0.00000000,5,100
ldpc_32_16,rayleigh,hard_mld,2.0,miscorrection_rate,0.53000000,0.07314369,0.43941144,0.62058856,5,100
ldpc_32_16,rayleigh,hard_mld,2.0,conditional_miscorrection_rate,0.53000000,0.07314369,0.43941144,0.62058856,5,100
ldpc_32_16,rayleigh,hard_mld,2.0,ambiguous_rate,0.55800000,0.07085196,0.47024976,0.64575024,5,100
ldpc_32_16,rayleigh,hard_mld,2.0,average_decoding_time_ms,3.99835280,0.07892897,3.90059917,4.09610643,5,100
ldpc_32_16,rayleigh,hard_mld,3.0,ber,0.16000000,0.02784584,0.12551289,0.19448711,5,100
ldpc_32_16,rayleigh,hard_mld,3.0,frame_error_rate,0.46400000,0.09126883,0.35096343,0.57703657,5,100
ldpc_32_16,rayleigh,hard_mld,3.0,failure_rate,0.00000000,0.00000000,0.00000000,0.00000000,5,100
ldpc_32_16,rayleigh,hard_mld,3.0,miscorrection_rate,0.46400000,0.09126883,0.35096343,0.57703657,5,100
ldpc_32_16,rayleigh,hard_mld,3.0,conditional_miscorrection_rate,0.46400000,0.09126883,0.35096343,0.57703657,5,100
ldpc_32_16,rayleigh,hard_mld,3.0,ambiguous_rate,0.48400000,0.07402702,0.39231744,0.57568256,5,100
ldpc_32_16,rayleigh,hard_mld,3.0,average_decoding_time_ms,3.99014940,0.07935119,3.89187285,4.08842595,5,100
ldpc_32_16,rayleigh,hard_mld,4.0,ber,0.13837500,0.02217914,0.11090611,0.16584389,5,100
ldpc_32_16,rayleigh,hard_mld,4.0,frame_error_rate,0.40400000,0.06348228,0.32537711,0.48262289,5,100
ldpc_32_16,rayleigh,hard_mld,4.0,failure_rate,0.00000000,0.00000000,0.00000000,0.00000000,5,100
ldpc_32_16,rayleigh,hard_mld,4.0,miscorrection_rate,0.40400000,0.06348228,0.32537711,0.48262289,5,100
ldpc_32_16,rayleigh,hard_mld,4.0,conditional_miscorrection_rate,0.40400000,0.06348228,0.32537711,0.48262289,5,100
ldpc_32_16,rayleigh,hard_mld,4.0,ambiguous_rate,0.42600000,0.05770615,0.35453086,0.49746914,5,100
ldpc_32_16,rayleigh,hard_mld,4.0,average_decoding_time_ms,4.00767820,0.06313308,3.92948780,4.08586860,5,100
ldpc_32_16,rayleigh,hard_mld,5.0,ber,0.11525000,0.02430117,0.08515297,0.14534703,5,100
ldpc_32_16,rayleigh,hard_mld,5.0,frame_error_rate,0.34400000,0.07056912,0.25660006,0.43139994,5,100
ldpc_32_16,rayleigh,hard_mld,5.0,failure_rate,0.00000000,0.00000000,0.00000000,0.00000000,5,100
ldpc_32_16,rayleigh,hard_mld,5.0,miscorrection_rate,0.34400000,0.07056912,0.25660006,0.43139994,5,100
ldpc_32_16,rayleigh,hard_mld,5.0,conditional_miscorrection_rate,0.34400000,0.07056912,0.25660006,0.43139994,5,100
ldpc_32_16,rayleigh,hard_mld,5.0,ambiguous_rate,0.36000000,0.08000000,0.26091990,0.45908010,5,100
ldpc_32_16,rayleigh,hard_mld,5.0,average_decoding_time_ms,3.97902720,0.01735520,3.95753277,4.00052163,5,100
ldpc_32_16,rayleigh,hard_mld,6.0,ber,0.09112500,0.01471341,0.07290242,0.10934758,5,100
ldpc_32_16,rayleigh,hard_mld,6.0,frame_error_rate,0.27400000,0.04159327,0.22248668,0.32551332,5,100
ldpc_32_16,rayleigh,hard_mld,6.0,failure_rate,0.00000000,0.00000000,0.00000000,0.00000000,5,100
ldpc_32_16,rayleigh,hard_mld,6.0,miscorrection_rate,0.27400000,0.04159327,0.22248668,0.32551332,5,100
ldpc_32_16,rayleigh,hard_mld,6.0,conditional_miscorrection_rate,0.27400000,0.04159327,0.22248668,0.32551332,5,100
ldpc_32_16,rayleigh,hard_mld,6.0,ambiguous_rate,0.29200000,0.04969909,0.23044761,0.35355239,5,100
ldpc_32_16,rayleigh,hard_mld,6.0,average_decoding_time_ms,4.14125920,0.23284791,3.85287676,4.42964164,5,100
ldpc_32_16,rayleigh,soft_mld,0.0,ber,0.19300000,0.01929621,0.16910162,0.21689838,5,100
ldpc_32_16,rayleigh,soft_mld,0.0,frame_error_rate,0.55600000,0.04878524,0.49557941,0.61642059,5,100
ldpc_32_16,rayleigh,soft_mld,0.0,failure_rate,0.00000000,0.00000000,0.00000000,0.00000000,5,100
ldpc_32_16,rayleigh,soft_mld,0.0,miscorrection_rate,0.55600000,0.04878524,0.49557941,0.61642059,5,100
ldpc_32_16,rayleigh,soft_mld,0.0,conditional_miscorrection_rate,0.55600000,0.04878524,0.49557941,0.61642059,5,100
ldpc_32_16,rayleigh,soft_mld,0.0,ambiguous_rate,0.00000000,0.00000000,0.00000000,0.00000000,5,100
ldpc_32_16,rayleigh,soft_mld,0.0,average_decoding_time_ms,0.79243420,0.04807704,0.73289073,0.85197767,5,100
ldpc_32_16,rayleigh,soft_mld,1.0,ber,0.16175000,0.02503669,0.13074202,0.19275798,5,100
ldpc_32_16,rayleigh,soft_mld,1.0,frame_error_rate,0.46400000,0.06228965,0.38685419,0.54114581,5,100
ldpc_32_16,rayleigh,soft_mld,1.0,failure_rate,0.00000000,0.00000000,0.00000000,0.00000000,5,100
ldpc_32_16,rayleigh,soft_mld,1.0,miscorrection_rate,0.46400000,0.06228965,0.38685419,0.54114581,5,100
ldpc_32_16,rayleigh,soft_mld,1.0,conditional_miscorrection_rate,0.46400000,0.06228965,0.38685419,0.54114581,5,100
ldpc_32_16,rayleigh,soft_mld,1.0,ambiguous_rate,0.00000000,0.00000000,0.00000000,0.00000000,5,100
ldpc_32_16,rayleigh,soft_mld,1.0,average_decoding_time_ms,0.79334200,0.05844290,0.72096039,0.86572361,5,100
ldpc_32_16,rayleigh,soft_mld,2.0,ber,0.14525000,0.02169389,0.11838209,0.17211791,5,100
ldpc_32_16,rayleigh,soft_mld,2.0,frame_error_rate,0.42000000,0.05787918,0.34831655,0.49168345,5,100
ldpc_32_16,rayleigh,soft_mld,2.0,failure_rate,0.00000000,0.00000000,0.00000000,0.00000000,5,100
ldpc_32_16,rayleigh,soft_mld,2.0,miscorrection_rate,0.42000000,0.05787918,0.34831655,0.49168345,5,100
ldpc_32_16,rayleigh,soft_mld,2.0,conditional_miscorrection_rate,0.42000000,0.05787918,0.34831655,0.49168345,5,100
ldpc_32_16,rayleigh,soft_mld,2.0,ambiguous_rate,0.00000000,0.00000000,0.00000000,0.00000000,5,100
ldpc_32_16,rayleigh,soft_mld,2.0,average_decoding_time_ms,0.82176760,0.04538771,0.76555486,0.87798034,5,100
ldpc_32_16,rayleigh,soft_mld,3.0,ber,0.12050000,0.01300090,0.10439837,0.13660163,5,100
ldpc_32_16,rayleigh,soft_mld,3.0,frame_error_rate,0.34600000,0.03847077,0.29835390,0.39364610,5,100
ldpc_32_16,rayleigh,soft_mld,3.0,failure_rate,0.00000000,0.00000000,0.00000000,0.00000000,5,100
ldpc_32_16,rayleigh,soft_mld,3.0,miscorrection_rate,0.34600000,0.03847077,0.29835390,0.39364610,5,100
ldpc_32_16,rayleigh,soft_mld,3.0,conditional_miscorrection_rate,0.34600000,0.03847077,0.29835390,0.39364610,5,100
ldpc_32_16,rayleigh,soft_mld,3.0,ambiguous_rate,0.00000000,0.00000000,0.00000000,0.00000000,5,100
ldpc_32_16,rayleigh,soft_mld,3.0,average_decoding_time_ms,0.76396220,0.02833824,0.72886525,0.79905915,5,100
ldpc_32_16,rayleigh,soft_mld,4.0,ber,0.09562500,0.01181729,0.08098927,0.11026073,5,100
ldpc_32_16,rayleigh,soft_mld,4.0,frame_error_rate,0.28200000,0.05167204,0.21800411,0.34599589,5,100
ldpc_32_16,rayleigh,soft_mld,4.0,failure_rate,0.00000000,0.00000000,0.00000000,0.00000000,5,100
ldpc_32_16,rayleigh,soft_mld,4.0,miscorrection_rate,0.28200000,0.05167204,0.21800411,0.34599589,5,100
ldpc_32_16,rayleigh,soft_mld,4.0,conditional_miscorrection_rate,0.28200000,0.05167204,0.21800411,0.34599589,5,100
ldpc_32_16,rayleigh,soft_mld,4.0,ambiguous_rate,0.00000000,0.00000000,0.00000000,0.00000000,5,100
ldpc_32_16,rayleigh,soft_mld,4.0,average_decoding_time_ms,0.79783960,0.04806448,0.73831168,0.85736752,5,100
ldpc_32_16,rayleigh,soft_mld,5.0,ber,0.07962500,0.00902038,0.06845325,0.09079675,5,100
ldpc_32_16,rayleigh,soft_mld,5.0,frame_error_rate,0.22600000,0.03646917,0.18083289,0.27116711,5,100
ldpc_32_16,rayleigh,soft_mld,5.0,failure_rate,0.00000000,0.00000000,0.00000000,0.00000000,5,100
ldpc_32_16,rayleigh,soft_mld,5.0,miscorrection_rate,0.22600000,0.03646917,0.18083289,0.27116711,5,100
ldpc_32_16,rayleigh,soft_mld,5.0,conditional_miscorrection_rate,0.22600000,0.03646917,0.18083289,0.27116711,5,100
ldpc_32_16,rayleigh,soft_mld,5.0,ambiguous_rate,0.00000000,0.00000000,0.00000000,0.00000000,5,100
ldpc_32_16,rayleigh,soft_mld,5.0,average_decoding_time_ms,0.87055200,0.14595234,0.68978984,1.05131416,5,100
ldpc_32_16,rayleigh,soft_mld,6.0,ber,0.06737500,0.01204159,0.05246147,0.08228853,5,100
ldpc_32_16,rayleigh,soft_mld,6.0,frame_error_rate,0.19200000,0.03768289,0.14532969,0.23867031,5,100
ldpc_32_16,rayleigh,soft_mld,6.0,failure_rate,0.00000000,0.00000000,0.00000000,0.00000000,5,100
ldpc_32_16,rayleigh,soft_mld,6.0,miscorrection_rate,0.19200000,0.03768289,0.14532969,0.23867031,5,100
ldpc_32_16,rayleigh,soft_mld,6.0,conditional_miscorrection_rate,0.19200000,0.03768289,0.14532969,0.23867031,5,100
ldpc_32_16,rayleigh,soft_mld,6.0,ambiguous_rate,0.00000000,0.00000000,0.00000000,0.00000000,5,100
ldpc_32_16,rayleigh,soft_mld,6.0,average_decoding_time_ms,0.89756820,0.12001800,0.74892575,1.04621065,5,100
ldpc_32_16,sinusoidal,syndrome,0.0,ber,0.92025000,0.01200260,0.90538476,0.93511524,5,100
ldpc_32_16,sinusoidal,syndrome,0.0,frame_error_rate,0.92200000,0.01095445,0.90843290,0.93556710,5,100
ldpc_32_16,sinusoidal,syndrome,0.0,failure_rate,0.92000000,0.01224745,0.90483152,0.93516848,5,100
ldpc_32_16,sinusoidal,syndrome,0.0,miscorrection_rate,0.00200000,0.00447214,0.00000000,0.00753875,5,100
ldpc_32_16,sinusoidal,syndrome,0.0,conditional_miscorrection_rate,0.02222222,0.04969040,0.00000000,0.08376385,5,100
ldpc_32_16,sinusoidal,syndrome,0.0,ambiguous_rate,0.00000000,0.00000000,0.00000000,0.00000000,5,100
ldpc_32_16,sinusoidal,syndrome,0.0,average_decoding_time_ms,0.06942100,0.00279234,0.06596269,0.07287931,5,100
ldpc_32_16,sinusoidal,syndrome,1.0,ber,0.87600000,0.02073644,0.85031789,0.90168211,5,100
ldpc_32_16,sinusoidal,syndrome,1.0,frame_error_rate,0.87600000,0.02073644,0.85031789,0.90168211,5,100
ldpc_32_16,sinusoidal,syndrome,1.0,failure_rate,0.87600000,0.02073644,0.85031789,0.90168211,5,100
ldpc_32_16,sinusoidal,syndrome,1.0,miscorrection_rate,0.00000000,0.00000000,0.00000000,0.00000000,5,100
ldpc_32_16,sinusoidal,syndrome,1.0,conditional_miscorrection_rate,0.00000000,0.00000000,0.00000000,0.00000000,5,100
ldpc_32_16,sinusoidal,syndrome,1.0,ambiguous_rate,0.00000000,0.00000000,0.00000000,0.00000000,5,100
ldpc_32_16,sinusoidal,syndrome,1.0,average_decoding_time_ms,0.07836320,0.02493169,0.04748527,0.10924113,5,100
ldpc_32_16,sinusoidal,syndrome,2.0,ber,0.76250000,0.03579455,0.71816840,0.80683160,5,100
ldpc_32_16,sinusoidal,syndrome,2.0,frame_error_rate,0.76400000,0.03435113,0.72145608,0.80654392,5,100
ldpc_32_16,sinusoidal,syndrome,2.0,failure_rate,0.76200000,0.03633180,0.71700301,0.80699699,5,100
ldpc_32_16,sinusoidal,syndrome,2.0,miscorrection_rate,0.00200000,0.00447214,0.00000000,0.00753875,5,100
ldpc_32_16,sinusoidal,syndrome,2.0,conditional_miscorrection_rate,0.00740741,0.01656347,0.00000000,0.02792128,5,100
ldpc_32_16,sinusoidal,syndrome,2.0,ambiguous_rate,0.00000000,0.00000000,0.00000000,0.00000000,5,100
ldpc_32_16,sinusoidal,syndrome,2.0,average_decoding_time_ms,0.06929360,0.00167629,0.06721751,0.07136969,5,100
ldpc_32_16,sinusoidal,syndrome,3.0,ber,0.65800000,0.01923538,0.63417695,0.68182305,5,100
ldpc_32_16,sinusoidal,syndrome,3.0,frame_error_rate,0.65800000,0.01923538,0.63417695,0.68182305,5,100
ldpc_32_16,sinusoidal,syndrome,3.0,failure_rate,0.65800000,0.01923538,0.63417695,0.68182305,5,100
ldpc_32_16,sinusoidal,syndrome,3.0,miscorrection_rate,0.00000000,0.00000000,0.00000000,0.00000000,5,100
ldpc_32_16,sinusoidal,syndrome,3.0,conditional_miscorrection_rate,0.00000000,0.00000000,0.00000000,0.00000000,5,100
ldpc_32_16,sinusoidal,syndrome,3.0,ambiguous_rate,0.00000000,0.00000000,0.00000000,0.00000000,5,100
ldpc_32_16,sinusoidal,syndrome,3.0,average_decoding_time_ms,0.06777380,0.00152740,0.06588211,0.06966549,5,100
ldpc_32_16,sinusoidal,syndrome,4.0,ber,0.53200000,0.04147288,0.48063578,0.58336422,5,100
ldpc_32_16,sinusoidal,syndrome,4.0,frame_error_rate,0.53200000,0.04147288,0.48063578,0.58336422,5,100
ldpc_32_16,sinusoidal,syndrome,4.0,failure_rate,0.53200000,0.04147288,0.48063578,0.58336422,5,100
ldpc_32_16,sinusoidal,syndrome,4.0,miscorrection_rate,0.00000000,0.00000000,0.00000000,0.00000000,5,100
ldpc_32_16,sinusoidal,syndrome,4.0,conditional_miscorrection_rate,0.00000000,0.00000000,0.00000000,0.00000000,5,100
ldpc_32_16,sinusoidal,syndrome,4.0,ambiguous_rate,0.00000000,0.00000000,0.00000000,0.00000000,5,100
ldpc_32_16,sinusoidal,syndrome,4.0,average_decoding_time_ms,0.07070780,0.00266986,0.06740117,0.07401443,5,100
ldpc_32_16,sinusoidal,syndrome,5.0,ber,0.37400000,0.04219005,0.32174757,0.42625243,5,100
ldpc_32_16,sinusoidal,syndrome,5.0,frame_error_rate,0.37400000,0.04219005,0.32174757,0.42625243,5,100
ldpc_32_16,sinusoidal,syndrome,5.0,failure_rate,0.37400000,0.04219005,0.32174757,0.42625243,5,100
ldpc_32_16,sinusoidal,syndrome,5.0,miscorrection_rate,0.00000000,0.00000000,0.00000000,0.00000000,5,100
ldpc_32_16,sinusoidal,syndrome,5.0,conditional_miscorrection_rate,0.00000000,0.00000000,0.00000000,0.00000000,5,100
ldpc_32_16,sinusoidal,syndrome,5.0,ambiguous_rate,0.00000000,0.00000000,0.00000000,0.00000000,5,100
ldpc_32_16,sinusoidal,syndrome,5.0,average_decoding_time_ms,0.07191740,0.00177801,0.06971533,0.07411947,5,100
ldpc_32_16,sinusoidal,syndrome,6.0,ber,0.26000000,0.03674235,0.21449456,0.30550544,5,100
ldpc_32_16,sinusoidal,syndrome,6.0,frame_error_rate,0.26000000,0.03674235,0.21449456,0.30550544,5,100
ldpc_32_16,sinusoidal,syndrome,6.0,failure_rate,0.26000000,0.03674235,0.21449456,0.30550544,5,100
ldpc_32_16,sinusoidal,syndrome,6.0,miscorrection_rate,0.00000000,0.00000000,0.00000000,0.00000000,5,100
ldpc_32_16,sinusoidal,syndrome,6.0,conditional_miscorrection_rate,0.00000000,0.00000000,0.00000000,0.00000000,5,100
ldpc_32_16,sinusoidal,syndrome,6.0,ambiguous_rate,0.00000000,0.00000000,0.00000000,0.00000000,5,100
ldpc_32_16,sinusoidal,syndrome,6.0,average_decoding_time_ms,0.07243920,0.00404738,0.06742652,0.07745188,5,100
ldpc_32_16,sinusoidal,chase,0.0,ber,0.47650000,0.04471612,0.42111903,0.53188097,5,100
ldpc_32_16,sinusoidal,chase,0.0,frame_error_rate,0.61200000,0.03962323,0.56292658,0.66107342,5,100
ldpc_32_16,sinusoidal,chase,0.0,failure_rate,0.42400000,0.04929503,0.36294804,0.48505196,5,100
ldpc_32_16,sinusoidal,chase,0.0,miscorrection_rate,0.18800000,0.02683282,0.15476752,0.22123248,5,100
ldpc_32_16,sinusoidal,chase,0.0,conditional_miscorrection_rate,0.32634279,0.03615070,0.28157010,0.37111548,5,100
ldpc_32_16,sinusoidal,chase,0.0,ambiguous_rate,0.00000000,0.00000000,0.00000000,0.00000000,5,100
ldpc_32_16,sinusoidal,chase,0.0,average_decoding_time_ms,0.53716800,0.06213464,0.46021416,0.61412184,5,100
ldpc_32_16,sinusoidal,chase,1.0,ber,0.36475000,0.03668010,0.31932165,0.41017835,5,100
ldpc_32_16,sinusoidal,chase,1.0,frame_error_rate,0.45400000,0.05128353,0.39048529,0.51751471,5,100
ldpc_32_16,sinusoidal,chase,1.0,failure_rate,0.33000000,0.03464102,0.28709706,0.37290294,5,100
ldpc_32_16,sinusoidal,chase,1.0,miscorrection_rate,0.12400000,0.03361547,0.08236719,0.16563281,5,100
ldpc_32_16,sinusoidal,chase,1.0,conditional_miscorrection_rate,0.18578310,0.05240499,0.12087945,0.25068675,5,100
ldpc_32_16,sinusoidal,chase,1.0,ambiguous_rate,0.00000000,0.00000000,0.00000000,0.00000000,5,100
ldpc_32_16,sinusoidal,chase,1.0,average_decoding_time_ms,0.57383200,0.01888831,0.55043880,0.59722520,5,100
ldpc_32_16,sinusoidal,chase,2.0,ber,0.23737500,0.03052407,0.19957090,0.27517910,5,100
ldpc_32_16,sinusoidal,chase,2.0,frame_error_rate,0.30000000,0.03937004,0.25124015,0.34875985,5,100
ldpc_32_16,sinusoidal,chase,2.0,failure_rate,0.21600000,0.02792848,0.18141054,0.25058946,5,100
ldpc_32_16,sinusoidal,chase,2.0,miscorrection_rate,0.08400000,0.02190890,0.05686580,0.11113420,5,100
ldpc_32_16,sinusoidal,chase,2.0,conditional_miscorrection_rate,0.10742398,0.02927098,0.07117183,0.14367613,5,100
ldpc_32_16,sinusoidal,chase,2.0,ambiguous_rate,0.00000000,0.00000000,0.00000000,0.00000000,5,100
ldpc_32_16,sinusoidal,chase,2.0,average_decoding_time_ms,0.58525240,0.00710813,0.57644897,0.59405583,5,100
ldpc_32_16,sinusoidal,chase,3.0,ber,0.13812500,0.04891798,0.07754002,0.19870998,5,100
ldpc_32_16,sinusoidal,chase,3.0,frame_error_rate,0.17800000,0.04086563,0.12738786,0.22861214,5,100
ldpc_32_16,sinusoidal,chase,3.0,failure_rate,0.12400000,0.05128353,0.06048529,0.18751471,5,100
ldpc_32_16,sinusoidal,chase,3.0,miscorrection_rate,0.05400000,0.01949359,0.02985716,0.07814284,5,100
ldpc_32_16,sinusoidal,chase,3.0,conditional_miscorrection_rate,0.06109669,0.02097451,0.03511974,0.08707365,5,100
ldpc_32_16,sinusoidal,chase,3.0,ambiguous_rate,0.00000000,0.00000000,0.00000000,0.00000000,5,100
ldpc_32_16,sinusoidal,chase,3.0,average_decoding_time_ms,0.58764100,0.01839959,0.56485308,0.61042892,5,100
ldpc_32_16,sinusoidal,chase,4.0,ber,0.06125000,0.01944544,0.03716680,0.08533320,5,100
ldpc_32_16,sinusoidal,chase,4.0,frame_error_rate,0.07600000,0.01816590,0.05350151,0.09849849,5,100
ldpc_32_16,sinusoidal,chase,4.0,failure_rate,0.05600000,0.02073644,0.03031789,0.08168211,5,100
ldpc_32_16,sinusoidal,chase,4.0,miscorrection_rate,0.02000000,0.01414214,0.00248495,0.03751505,5,100
ldpc_32_16,sinusoidal,chase,4.0,conditional_miscorrection_rate,0.02106109,0.01478154,0.00275414,0.03936805,5,100
ldpc_32_16,sinusoidal,chase,4.0,ambiguous_rate,0.00000000,0.00000000,0.00000000,0.00000000,5,100
ldpc_32_16,sinusoidal,chase,4.0,average_decoding_time_ms,0.61280540,0.00980819,0.60065795,0.62495285,5,100
ldpc_32_16,sinusoidal,chase,5.0,ber,0.02200000,0.01191113,0.00724805,0.03675195,5,100
ldpc_32_16,sinusoidal,chase,5.0,frame_error_rate,0.02800000,0.01303840,0.01185192,0.04414808,5,100
ldpc_32_16,sinusoidal,chase,5.0,failure_rate,0.02000000,0.01224745,0.00483152,0.03516848,5,100
ldpc_32_16,sinusoidal,chase,5.0,miscorrection_rate,0.00800000,0.00836660,0.00000000,0.01836205,5,100
ldpc_32_16,sinusoidal,chase,5.0,conditional_miscorrection_rate,0.00814265,0.00853131,0.00000000,0.01870869,5,100
ldpc_32_16,sinusoidal,chase,5.0,ambiguous_rate,0.00000000,0.00000000,0.00000000,0.00000000,5,100
ldpc_32_16,sinusoidal,chase,5.0,average_decoding_time_ms,0.62411200,0.00954626,0.61228894,0.63593506,5,100
ldpc_32_16,sinusoidal,chase,6.0,ber,0.00450000,0.00622495,0.00000000,0.01220961,5,100
ldpc_32_16,sinusoidal,chase,6.0,frame_error_rate,0.00600000,0.00894427,0.00000000,0.01707749,5,100
ldpc_32_16,sinusoidal,chase,6.0,failure_rate,0.00400000,0.00547723,0.00000000,0.01078355,5,100
ldpc_32_16,sinusoidal,chase,6.0,miscorrection_rate,0.00200000,0.00447214,0.00000000,0.00753875,5,100
ldpc_32_16,sinusoidal,chase,6.0,conditional_miscorrection_rate,0.00202020,0.00451731,0.00000000,0.00761490,5,100
ldpc_32_16,sinusoidal,chase,6.0,ambiguous_rate,0.00000000,0.00000000,0.00000000,0.00000000,5,100
ldpc_32_16,sinusoidal,chase,6.0,average_decoding_time_ms,0.64221620,0.03183084,0.60279367,0.68163873,5,100
ldpc_32_16,sinusoidal,hard_mld,0.0,ber,0.22025000,0.00826325,0.21001596,0.23048404,5,100
ldpc_32_16,sinusoidal,hard_mld,0.0,frame_error_rate,0.73400000,0.03209361,0.69425202,0.77374798,5,100
ldpc_32_16,sinusoidal,hard_mld,0.0,failure_rate,0.00000000,0.00000000,0.00000000,0.00000000,5,100
ldpc_32_16,sinusoidal,hard_mld,0.0,miscorrection_rate,0.73400000,0.03209361,0.69425202,0.77374798,5,100
ldpc_32_16,sinusoidal,hard_mld,0.0,conditional_miscorrection_rate,0.73400000,0.03209361,0.69425202,0.77374798,5,100
ldpc_32_16,sinusoidal,hard_mld,0.0,ambiguous_rate,0.74600000,0.02701851,0.71253754,0.77946246,5,100
ldpc_32_16,sinusoidal,hard_mld,0.0,average_decoding_time_ms,4.14905900,0.23580388,3.85701559,4.44110241,5,100
ldpc_32_16,sinusoidal,hard_mld,1.0,ber,0.17762500,0.00800878,0.16770611,0.18754389,5,100
ldpc_32_16,sinusoidal,hard_mld,1.0,frame_error_rate,0.62000000,0.03391165,0.57800038,0.66199962,5,100
ldpc_32_16,sinusoidal,hard_mld,1.0,failure_rate,0.00000000,0.00000000,0.00000000,0.00000000,5,100
ldpc_32_16,sinusoidal,hard_mld,1.0,miscorrection_rate,0.62000000,0.03391165,0.57800038,0.66199962,5,100
ldpc_32_16,sinusoidal,hard_mld,1.0,conditional_miscorrection_rate,0.62000000,0.03391165,0.57800038,0.66199962,5,100
ldpc_32_16,sinusoidal,hard_mld,1.0,ambiguous_rate,0.64800000,0.01303840,0.63185192,0.66414808,5,100
ldpc_32_16,sinusoidal,hard_mld,1.0,average_decoding_time_ms,4.16808180,0.36909494,3.71095724,4.62520636,5,100
ldpc_32_16,sinusoidal,hard_mld,2.0,ber,0.12675000,0.01490464,0.10829058,0.14520942,5,100
ldpc_32_16,sinusoidal,hard_mld,2.0,frame_error_rate,0.46800000,0.04919350,0.40707379,0.52892621,5,100
ldpc_32_16,sinusoidal,hard_mld,2.0,failure_rate,0.00000000,0.00000000,0.00000000,0.00000000,5,100
ldpc_32_16,sinusoidal,hard_mld,2.0,miscorrection_rate,0.46800000,0.04919350,0.40707379,0.52892621,5,100
ldpc_32_16,sinusoidal,hard_mld,2.0,conditional_miscorrection_rate,0.46800000,0.04919350,0.40707379,0.52892621,5,100
ldpc_32_16,sinusoidal,hard_mld,2.0,ambiguous_rate,0.52200000,0.04438468,0.46702951,0.57697049,5,100
ldpc_32_16,sinusoidal,hard_mld,2.0,average_decoding_time_ms,4.13716620,0.27569815,3.79571368,4.47861872,5,100
ldpc_32_16,sinusoidal,hard_mld,3.0,ber,0.09975000,0.01202699,0.08485456,0.11464544,5,100
ldpc_32_16,sinusoidal,hard_mld,3.0,frame_error_rate,0.35200000,0.03701351,0.30615872,0.39784128,5,100
ldpc_32_16,sinusoidal,hard_mld,3.0,failure_rate,0.00000000,0.00000000,0.00000000,0.00000000,5,100
ldpc_32_16,sinusoidal,hard_mld,3.0,miscorrection_rate,0.35200000,0.03701351,0.30615872,0.39784128,5,100
ldpc_32_16,sinusoidal,hard_mld,3.0,conditional_miscorrection_rate,0.35200000,0.03701351,0.30615872,0.39784128,5,100
ldpc_32_16,sinusoidal,hard_mld,3.0,ambiguous_rate,0.40000000,0.00707107,0.39124247,0.40875753,5,100
ldpc_32_16,sinusoidal,hard_mld,3.0,average_decoding_time_ms,3.98336440,0.07917023,3.88531196,4.08141684,5,100
ldpc_32_16,sinusoidal,hard_mld,4.0,ber,0.06250000,0.00854675,0.05191484,0.07308516,5,100
ldpc_32_16,sinusoidal,hard_mld,4.0,frame_error_rate,0.22800000,0.02588436,0.19594219,0.26005781,5,100
ldpc_32_16,sinusoidal,hard_mld,4.0,failure_rate,0.00000000,0.00000000,0.00000000,0.00000000,5,100
ldpc_32_16,sinusoidal,hard_mld,4.0,miscorrection_rate,0.22800000,0.02588436,0.19594219,0.26005781,5,100
ldpc_32_16,sinusoidal,hard_mld,4.0,conditional_miscorrection_rate,0.22800000,0.02588436,0.19594219,0.26005781,5,100
ldpc_32_16,sinusoidal,hard_mld,4.0,ambiguous_rate,0.27200000,0.04816638,0.21234588,0.33165412,5,100
ldpc_32_16,sinusoidal,hard_mld,4.0,average_decoding_time_ms,3.98850300,0.04908821,3.92770719,4.04929881,5,100
ldpc_32_16,sinusoidal,hard_mld,5.0,ber,0.03712500,0.01220432,0.02200994,0.05224006,5,100
ldpc_32_16,sinusoidal,hard_mld,5.0,frame_error_rate,0.14400000,0.04669047,0.08617379,0.20182621,5,100
ldpc_32_16,sinusoidal,hard_mld,5.0,failure_rate,0.00000000,0.00000000,0.00000000,0.00000000,5,100
ldpc_32_16,sinusoidal,hard_mld,5.0,miscorrection_rate,0.14400000,0.04669047,0.08617379,0.20182621,5,100
ldpc_32_16,sinusoidal,hard_mld,5.0,conditional_miscorrection_rate,0.14400000,0.04669047,0.08617379,0.20182621,5,100
ldpc_32_16,sinusoidal,hard_mld,5.0,ambiguous_rate,0.17800000,0.04438468,0.12302951,0.23297049,5,100
ldpc_32_16,sinusoidal,hard_mld,5.0,average_decoding_time_ms,3.95508160,0.07325274,3.86435798,4.04580522,5,100
ldpc_32_16,sinusoidal,hard_mld,6.0,ber,0.01775000,0.00882335,0.00682227,0.02867773,5,100
ldpc_32_16,sinusoidal,hard_mld,6.0,frame_error_rate,0.07400000,0.03714835,0.02799172,0.12000828,5,100
ldpc_32_16,sinusoidal,hard_mld,6.0,failure_rate,0.00000000,0.00000000,0.00000000,0.00000000,5,100
ldpc_32_16,sinusoidal,hard_mld,6.0,miscorrection_rate,0.07400000,0.03714835,0.02799172,0.12000828,5,100
ldpc_32_16,sinusoidal,hard_mld,6.0,conditional_miscorrection_rate,0.07400000,0.03714835,0.02799172,0.12000828,5,100
ldpc_32_16,sinusoidal,hard_mld,6.0,ambiguous_rate,0.08600000,0.04505552,0.03019868,0.14180132,5,100
ldpc_32_16,sinusoidal,hard_mld,6.0,average_decoding_time_ms,4.00343640,0.05492205,3.93541536,4.07145744,5,100
ldpc_32_16,sinusoidal,soft_mld,0.0,ber,0.12537500,0.01658666,0.10483240,0.14591760,5,100
ldpc_32_16,sinusoidal,soft_mld,0.0,frame_error_rate,0.43400000,0.06024948,0.35938094,0.50861906,5,100
ldpc_32_16,sinusoidal,soft_mld,0.0,failure_rate,0.00000000,0.00000000,0.00000000,0.00000000,5,100
ldpc_32_16,sinusoidal,soft_mld,0.0,miscorrection_rate,0.43400000,0.06024948,0.35938094,0.50861906,5,100
ldpc_32_16,sinusoidal,soft_mld,0.0,conditional_miscorrection_rate,0.43400000,0.06024948,0.35938094,0.50861906,5,100
ldpc_32_16,sinusoidal,soft_mld,0.0,ambiguous_rate,0.00000000,0.00000000,0.00000000,0.00000000,5,100
ldpc_32_16,sinusoidal,soft_mld,0.0,average_decoding_time_ms,0.85608760,0.15605503,0.66281324,1.04936196,5,100
ldpc_32_16,sinusoidal,soft_mld,1.0,ber,0.07425000,0.01479944,0.05592087,0.09257913,5,100
ldpc_32_16,sinusoidal,soft_mld,1.0,frame_error_rate,0.26200000,0.05630275,0.19226897,0.33173103,5,100
ldpc_32_16,sinusoidal,soft_mld,1.0,failure_rate,0.00000000,0.00000000,0.00000000,0.00000000,5,100
ldpc_32_16,sinusoidal,soft_mld,1.0,miscorrection_rate,0.26200000,0.05630275,0.19226897,0.33173103,5,100
ldpc_32_16,sinusoidal,soft_mld,1.0,conditional_miscorrection_rate,0.26200000,0.05630275,0.19226897,0.33173103,5,100
ldpc_32_16,sinusoidal,soft_mld,1.0,ambiguous_rate,0.00000000,0.00000000,0.00000000,0.00000000,5,100
ldpc_32_16,sinusoidal,soft_mld,1.0,average_decoding_time_ms,0.82030600,0.10980375,0.68431391,0.95629809,5,100
ldpc_32_16,sinusoidal,soft_mld,2.0,ber,0.03737500,0.00598501,0.02996256,0.04478744,5,100
ldpc_32_16,sinusoidal,soft_mld,2.0,frame_error_rate,0.14000000,0.02645751,0.10723234,0.17276766,5,100
ldpc_32_16,sinusoidal,soft_mld,2.0,failure_rate,0.00000000,0.00000000,0.00000000,0.00000000,5,100
ldpc_32_16,sinusoidal,soft_mld,2.0,miscorrection_rate,0.14000000,0.02645751,0.10723234,0.17276766,5,100
ldpc_32_16,sinusoidal,soft_mld,2.0,conditional_miscorrection_rate,0.14000000,0.02645751,0.10723234,0.17276766,5,100
ldpc_32_16,sinusoidal,soft_mld,2.0,ambiguous_rate,0.00000000,0.00000000,0.00000000,0.00000000,5,100
ldpc_32_16,sinusoidal,soft_mld,2.0,average_decoding_time_ms,0.77825400,0.02041837,0.75296582,0.80354218,5,100
ldpc_32_16,sinusoidal,soft_mld,3.0,ber,0.01587500,0.00454148,0.01025038,0.02149962,5,100
ldpc_32_16,sinusoidal,soft_mld,3.0,frame_error_rate,0.06000000,0.01414214,0.04248495,0.07751505,5,100
ldpc_32_16,sinusoidal,soft_mld,3.0,failure_rate,0.00000000,0.00000000,0.00000000,0.00000000,5,100
ldpc_32_16,sinusoidal,soft_mld,3.0,miscorrection_rate,0.06000000,0.01414214,0.04248495,0.07751505,5,100
ldpc_32_16,sinusoidal,soft_mld,3.0,conditional_miscorrection_rate,0.06000000,0.01414214,0.04248495,0.07751505,5,100
ldpc_32_16,sinusoidal,soft_mld,3.0,ambiguous_rate,0.00000000,0.00000000,0.00000000,0.00000000,5,100
ldpc_32_16,sinusoidal,soft_mld,3.0,average_decoding_time_ms,0.79784160,0.04446272,0.74277446,0.85290874,5,100
ldpc_32_16,sinusoidal,soft_mld,4.0,ber,0.00700000,0.00161777,0.00499639,0.00900361,5,100
ldpc_32_16,sinusoidal,soft_mld,4.0,frame_error_rate,0.03000000,0.01000000,0.01761499,0.04238501,5,100
ldpc_32_16,sinusoidal,soft_mld,4.0,failure_rate,0.00000000,0.00000000,0.00000000,0.00000000,5,100
ldpc_32_16,sinusoidal,soft_mld,4.0,miscorrection_rate,0.03000000,0.01000000,0.01761499,0.04238501,5,100
ldpc_32_16,sinusoidal,soft_mld,4.0,conditional_miscorrection_rate,0.03000000,0.01000000,0.01761499,0.04238501,5,100
ldpc_32_16,sinusoidal,soft_mld,4.0,ambiguous_rate,0.00000000,0.00000000,0.00000000,0.00000000,5,100
ldpc_32_16,sinusoidal,soft_mld,4.0,average_decoding_time_ms,0.80332800,0.04304827,0.75001266,0.85664334,5,100
ldpc_32_16,sinusoidal,soft_mld,5.0,ber,0.00162500,0.00232177,0.00000000,0.00450052,5,100
ldpc_32_16,sinusoidal,soft_mld,5.0,frame_error_rate,0.00600000,0.00894427,0.00000000,0.01707749,5,100
ldpc_32_16,sinusoidal,soft_mld,5.0,failure_rate,0.00000000,0.00000000,0.00000000,0.00000000,5,100
ldpc_32_16,sinusoidal,soft_mld,5.0,miscorrection_rate,0.00600000,0.00894427,0.00000000,0.01707749,5,100
ldpc_32_16,sinusoidal,soft_mld,5.0,conditional_miscorrection_rate,0.00600000,0.00894427,0.00000000,0.01707749,5,100
ldpc_32_16,sinusoidal,soft_mld,5.0,ambiguous_rate,0.00000000,0.00000000,0.00000000,0.00000000,5,100
ldpc_32_16,sinusoidal,soft_mld,5.0,average_decoding_time_ms,0.78869660,0.04198650,0.73669627,0.84069693,5,100
ldpc_32_16,sinusoidal,soft_mld,6.0,ber,0.00050000,0.00111803,0.00000000,0.00188469,5,100
ldpc_32_16,sinusoidal,soft_mld,6.0,frame_error_rate,0.00200000,0.00447214,0.00000000,0.00753875,5,100
ldpc_32_16,sinusoidal,soft_mld,6.0,failure_rate,0.00000000,0.00000000,0.00000000,0.00000000,5,100
ldpc_32_16,sinusoidal,soft_mld,6.0,miscorrection_rate,0.00200000,0.00447214,0.00000000,0.00753875,5,100
ldpc_32_16,sinusoidal,soft_mld,6.0,conditional_miscorrection_rate,0.00200000,0.00447214,0.00000000,0.00753875,5,100
ldpc_32_16,sinusoidal,soft_mld,6.0,ambiguous_rate,0.00000000,0.00000000,0.00000000,0.00000000,5,100
ldpc_32_16,sinusoidal,soft_mld,6.0,average_decoding_time_ms,0.87135080,0.18427046,0.64313159,1.09957001,5,100
wavelet_64_32,rayleigh_awgn,syndrome,0.0,ber,1.00000000,0.00000000,1.00000000,1.00000000,5,100
wavelet_64_32,rayleigh_awgn,syndrome,0.0,frame_error_rate,1.00000000,0.00000000,1.00000000,1.00000000,5,100
wavelet_64_32,rayleigh_awgn,syndrome,0.0,failure_rate,1.00000000,0.00000000,1.00000000,1.00000000,5,100
wavelet_64_32,rayleigh_awgn,syndrome,0.0,miscorrection_rate,0.00000000,0.00000000,0.00000000,0.00000000,5,100
wavelet_64_32,rayleigh_awgn,syndrome,0.0,ambiguous_rate,0.00000000,0.00000000,0.00000000,0.00000000,5,100
wavelet_64_32,rayleigh_awgn,syndrome,0.0,average_decoding_time_ms,0.45326160,0.01880873,0.42996696,0.47655624,5,100
wavelet_64_32,rayleigh_awgn,syndrome,1.0,ber,1.00000000,0.00000000,1.00000000,1.00000000,5,100
wavelet_64_32,rayleigh_awgn,syndrome,1.0,frame_error_rate,1.00000000,0.00000000,1.00000000,1.00000000,5,100
wavelet_64_32,rayleigh_awgn,syndrome,1.0,failure_rate,1.00000000,0.00000000,1.00000000,1.00000000,5,100
wavelet_64_32,rayleigh_awgn,syndrome,1.0,miscorrection_rate,0.00000000,0.00000000,0.00000000,0.00000000,5,100
wavelet_64_32,rayleigh_awgn,syndrome,1.0,ambiguous_rate,0.00000000,0.00000000,0.00000000,0.00000000,5,100
wavelet_64_32,rayleigh_awgn,syndrome,1.0,average_decoding_time_ms,0.42656480,0.03590713,0.38209377,0.47103583,5,100
wavelet_64_32,rayleigh_awgn,syndrome,2.0,ber,0.99800000,0.00447214,0.99246125,1.00353875,5,100
wavelet_64_32,rayleigh_awgn,syndrome,2.0,frame_error_rate,0.99800000,0.00447214,0.99246125,1.00353875,5,100
wavelet_64_32,rayleigh_awgn,syndrome,2.0,failure_rate,0.99800000,0.00447214,0.99246125,1.00353875,5,100
wavelet_64_32,rayleigh_awgn,syndrome,2.0,miscorrection_rate,0.00000000,0.00000000,0.00000000,0.00000000,5,100
wavelet_64_32,rayleigh_awgn,syndrome,2.0,conditional_miscorrection_rate,0.00000000,0.00000000,0.00000000,0.00000000,1,100
wavelet_64_32,rayleigh_awgn,syndrome,2.0,ambiguous_rate,0.00000000,0.00000000,0.00000000,0.00000000,5,100
wavelet_64_32,rayleigh_awgn,syndrome,2.0,average_decoding_time_ms,0.44164500,0.02405093,0.41185789,0.47143211,5,100
wavelet_64_32,rayleigh_awgn,syndrome,3.0,ber,0.98400000,0.01140175,0.96987891,0.99812109,5,100
wavelet_64_32,rayleigh_awgn,syndrome,3.0,frame_error_rate,0.98400000,0.01140175,0.96987891,0.99812109,5,100
wavelet_64_32,rayleigh_awgn,syndrome,3.0,failure_rate,0.98400000,0.01140175,0.96987891,0.99812109,5,100
wavelet_64_32,rayleigh_awgn,syndrome,3.0,miscorrection_rate,0.00000000,0.00000000,0.00000000,0.00000000,5,100
wavelet_64_32,rayleigh_awgn,syndrome,3.0,conditional_miscorrection_rate,0.00000000,0.00000000,0.00000000,0.00000000,4,100
wavelet_64_32,rayleigh_awgn,syndrome,3.0,ambiguous_rate,0.00000000,0.00000000,0.00000000,0.00000000,5,100
wavelet_64_32,rayleigh_awgn,syndrome,3.0,average_decoding_time_ms,0.45507640,0.02191485,0.42793483,0.48221797,5,100
wavelet_64_32,rayleigh_awgn,syndrome,4.0,ber,0.96000000,0.01581139,0.94041757,0.97958243,5,100
wavelet_64_32,rayleigh_awgn,syndrome,4.0,frame_error_rate,0.96000000,0.01581139,0.94041757,0.97958243,5,100
wavelet_64_32,rayleigh_awgn,syndrome,4.0,failure_rate,0.96000000,0.01581139,0.94041757,0.97958243,5,100
wavelet_64_32,rayleigh_awgn,syndrome,4.0,miscorrection_rate,0.00000000,0.00000000,0.00000000,0.00000000,5,100
wavelet_64_32,rayleigh_awgn,syndrome,4.0,conditional_miscorrection_rate,0.00000000,0.00000000,0.00000000,0.00000000,5,100
wavelet_64_32,rayleigh_awgn,syndrome,4.0,ambiguous_rate,0.00000000,0.00000000,0.00000000,0.00000000,5,100
wavelet_64_32,rayleigh_awgn,syndrome,4.0,average_decoding_time_ms,0.44133200,0.01698880,0.42029135,0.46237265,5,100
wavelet_64_32,rayleigh_awgn,syndrome,5.0,ber,0.92000000,0.01224745,0.90483152,0.93516848,5,100
wavelet_64_32,rayleigh_awgn,syndrome,5.0,frame_error_rate,0.92000000,0.01224745,0.90483152,0.93516848,5,100
wavelet_64_32,rayleigh_awgn,syndrome,5.0,failure_rate,0.92000000,0.01224745,0.90483152,0.93516848,5,100
wavelet_64_32,rayleigh_awgn,syndrome,5.0,miscorrection_rate,0.00000000,0.00000000,0.00000000,0.00000000,5,100
wavelet_64_32,rayleigh_awgn,syndrome,5.0,conditional_miscorrection_rate,0.00000000,0.00000000,0.00000000,0.00000000,5,100
wavelet_64_32,rayleigh_awgn,syndrome,5.0,ambiguous_rate,0.00000000,0.00000000,0.00000000,0.00000000,5,100
wavelet_64_32,rayleigh_awgn,syndrome,5.0,average_decoding_time_ms,0.49602680,0.10110724,0.37080535,0.62124825,5,100
wavelet_64_32,rayleigh_awgn,syndrome,6.0,ber,0.86400000,0.01341641,0.84738376,0.88061624,5,100
wavelet_64_32,rayleigh_awgn,syndrome,6.0,frame_error_rate,0.86400000,0.01341641,0.84738376,0.88061624,5,100
wavelet_64_32,rayleigh_awgn,syndrome,6.0,failure_rate,0.86400000,0.01341641,0.84738376,0.88061624,5,100
wavelet_64_32,rayleigh_awgn,syndrome,6.0,miscorrection_rate,0.00000000,0.00000000,0.00000000,0.00000000,5,100
wavelet_64_32,rayleigh_awgn,syndrome,6.0,conditional_miscorrection_rate,0.00000000,0.00000000,0.00000000,0.00000000,5,100
wavelet_64_32,rayleigh_awgn,syndrome,6.0,ambiguous_rate,0.00000000,0.00000000,0.00000000,0.00000000,5,100
wavelet_64_32,rayleigh_awgn,syndrome,6.0,average_decoding_time_ms,0.42920820,0.05932709,0.35573153,0.50268487,5,100
wavelet_64_32,rayleigh_awgn,chase,0.0,ber,0.99800000,0.00447214,0.99246125,1.00353875,5,100
wavelet_64_32,rayleigh_awgn,chase,0.0,frame_error_rate,0.99800000,0.00447214,0.99246125,1.00353875,5,100
wavelet_64_32,rayleigh_awgn,chase,0.0,failure_rate,0.99800000,0.00447214,0.99246125,1.00353875,5,100
wavelet_64_32,rayleigh_awgn,chase,0.0,miscorrection_rate,0.00000000,0.00000000,0.00000000,0.00000000,5,100
wavelet_64_32,rayleigh_awgn,chase,0.0,conditional_miscorrection_rate,0.00000000,0.00000000,0.00000000,0.00000000,1,100
wavelet_64_32,rayleigh_awgn,chase,0.0,ambiguous_rate,0.00000000,0.00000000,0.00000000,0.00000000,5,100
wavelet_64_32,rayleigh_awgn,chase,0.0,average_decoding_time_ms,3.91695800,0.04464225,3.86166852,3.97224748,5,100
wavelet_64_32,rayleigh_awgn,chase,1.0,ber,0.97706250,0.00443926,0.97156447,0.98256053,5,100
wavelet_64_32,rayleigh_awgn,chase,1.0,frame_error_rate,0.97800000,0.00447214,0.97246125,0.98353875,5,100
wavelet_64_32,rayleigh_awgn,chase,1.0,failure_rate,0.97600000,0.00547723,0.96921645,0.98278355,5,100
wavelet_64_32,rayleigh_awgn,chase,1.0,miscorrection_rate,0.00200000,0.00447214,0.00000000,0.00753875,5,100
wavelet_64_32,rayleigh_awgn,chase,1.0,conditional_miscorrection_rate,0.06666667,0.14907120,0.00000000,0.25129154,5,100
wavelet_64_32,rayleigh_awgn,chase,1.0,ambiguous_rate,0.00000000,0.00000000,0.00000000,0.00000000,5,100
wavelet_64_32,rayleigh_awgn,chase,1.0,average_decoding_time_ms,3.85910280,0.07211914,3.76978315,3.94842245,5,100
wavelet_64_32,rayleigh_awgn,chase,2.0,ber,0.94600000,0.01140175,0.93187891,0.96012109,5,100
wavelet_64_32,rayleigh_awgn,chase,2.0,frame_error_rate,0.94600000,0.01140175,0.93187891,0.96012109,5,100
wavelet_64_32,rayleigh_awgn,chase,2.0,failure_rate,0.94600000,0.01140175,0.93187891,0.96012109,5,100
wavelet_64_32,rayleigh_awgn,chase,2.0,miscorrection_rate,0.00000000,0.00000000,0.00000000,0.00000000,5,100
wavelet_64_32,rayleigh_awgn,chase,2.0,conditional_miscorrection_rate,0.00000000,0.00000000,0.00000000,0.00000000,5,100
wavelet_64_32,rayleigh_awgn,chase,2.0,ambiguous_rate,0.00000000,0.00000000,0.00000000,0.00000000,5,100
wavelet_64_32,rayleigh_awgn,chase,2.0,average_decoding_time_ms,3.98789340,0.24849419,3.68013302,4.29565378,5,100
wavelet_64_32,rayleigh_awgn,chase,3.0,ber,0.87000000,0.01581139,0.85041757,0.88958243,5,100
wavelet_64_32,rayleigh_awgn,chase,3.0,frame_error_rate,0.87000000,0.01581139,0.85041757,0.88958243,5,100
wavelet_64_32,rayleigh_awgn,chase,3.0,failure_rate,0.87000000,0.01581139,0.85041757,0.88958243,5,100
wavelet_64_32,rayleigh_awgn,chase,3.0,miscorrection_rate,0.00000000,0.00000000,0.00000000,0.00000000,5,100
wavelet_64_32,rayleigh_awgn,chase,3.0,conditional_miscorrection_rate,0.00000000,0.00000000,0.00000000,0.00000000,5,100
wavelet_64_32,rayleigh_awgn,chase,3.0,ambiguous_rate,0.00000000,0.00000000,0.00000000,0.00000000,5,100
wavelet_64_32,rayleigh_awgn,chase,3.0,average_decoding_time_ms,3.91965580,0.13299460,3.75494181,4.08436979,5,100
wavelet_64_32,rayleigh_awgn,chase,4.0,ber,0.74000000,0.03316625,0.69892356,0.78107644,5,100
wavelet_64_32,rayleigh_awgn,chase,4.0,frame_error_rate,0.74000000,0.03316625,0.69892356,0.78107644,5,100
wavelet_64_32,rayleigh_awgn,chase,4.0,failure_rate,0.74000000,0.03316625,0.69892356,0.78107644,5,100
wavelet_64_32,rayleigh_awgn,chase,4.0,miscorrection_rate,0.00000000,0.00000000,0.00000000,0.00000000,5,100
wavelet_64_32,rayleigh_awgn,chase,4.0,conditional_miscorrection_rate,0.00000000,0.00000000,0.00000000,0.00000000,5,100
wavelet_64_32,rayleigh_awgn,chase,4.0,ambiguous_rate,0.00000000,0.00000000,0.00000000,0.00000000,5,100
wavelet_64_32,rayleigh_awgn,chase,4.0,average_decoding_time_ms,3.96606940,0.11230652,3.82697763,4.10516117,5,100
wavelet_64_32,rayleigh_awgn,chase,5.0,ber,0.54700000,0.04522168,0.49099290,0.60300710,5,100
wavelet_64_32,rayleigh_awgn,chase,5.0,frame_error_rate,0.54800000,0.04381780,0.49373159,0.60226841,5,100
wavelet_64_32,rayleigh_awgn,chase,5.0,failure_rate,0.54600000,0.04669047,0.48817379,0.60382621,5,100
wavelet_64_32,rayleigh_awgn,chase,5.0,miscorrection_rate,0.00200000,0.00447214,0.00000000,0.00753875,5,100
wavelet_64_32,rayleigh_awgn,chase,5.0,conditional_miscorrection_rate,0.00392157,0.00876889,0.00000000,0.01478186,5,100
wavelet_64_32,rayleigh_awgn,chase,5.0,ambiguous_rate,0.00000000,0.00000000,0.00000000,0.00000000,5,100
wavelet_64_32,rayleigh_awgn,chase,5.0,average_decoding_time_ms,4.04684000,0.24429308,3.74428271,4.34939729,5,100
wavelet_64_32,rayleigh_awgn,chase,6.0,ber,0.32100000,0.01746425,0.29937050,0.34262950,5,100
wavelet_64_32,rayleigh_awgn,chase,6.0,frame_error_rate,0.32200000,0.01923538,0.29817695,0.34582305,5,100
wavelet_64_32,rayleigh_awgn,chase,6.0,failure_rate,0.32000000,0.01581139,0.30041757,0.33958243,5,100
wavelet_64_32,rayleigh_awgn,chase,6.0,miscorrection_rate,0.00200000,0.00447214,0.00000000,0.00753875,5,100
wavelet_64_32,rayleigh_awgn,chase,6.0,conditional_miscorrection_rate,0.00303030,0.00677596,0.00000000,0.01142234,5,100
wavelet_64_32,rayleigh_awgn,chase,6.0,ambiguous_rate,0.00000000,0.00000000,0.00000000,0.00000000,5,100
wavelet_64_32,rayleigh_awgn,chase,6.0,average_decoding_time_ms,4.03134360,0.09320574,3.91590817,4.14677903,5,100
wavelet_64_32,rayleigh,syndrome,0.0,ber,0.90400000,0.03646917,0.85883289,0.94916711,5,100
wavelet_64_32,rayleigh,syndrome,0.0,frame_error_rate,0.90400000,0.03646917,0.85883289,0.94916711,5,100
wavelet_64_32,rayleigh,syndrome,0.0,failure_rate,0.90400000,0.03646917,0.85883289,0.94916711,5,100
wavelet_64_32,rayleigh,syndrome,0.0,miscorrection_rate,0.00000000,0.00000000,0.00000000,0.00000000,5,100
wavelet_64_32,rayleigh,syndrome,0.0,conditional_miscorrection_rate,0.00000000,0.00000000,0.00000000,0.00000000,5,100
wavelet_64_32,rayleigh,syndrome,0.0,ambiguous_rate,0.00000000,0.00000000,0.00000000,0.00000000,5,100
wavelet_64_32,rayleigh,syndrome,0.0,average_decoding_time_ms,0.44760480,0.01796341,0.42535709,0.46985251,5,100
wavelet_64_32,rayleigh,syndrome,1.0,ber,0.86400000,0.04219005,0.81174757,0.91625243,5,100
wavelet_64_32,rayleigh,syndrome,1.0,frame_error_rate,0.86400000,0.04219005,0.81174757,0.91625243,5,100
wavelet_64_32,rayleigh,syndrome,1.0,failure_rate,0.86400000,0.04219005,0.81174757,0.91625243,5,100
wavelet_64_32,rayleigh,syndrome,1.0,miscorrection_rate,0.00000000,0.00000000,0.00000000,0.00000000,5,100
wavelet_64_32,rayleigh,syndrome,1.0,conditional_miscorrection_rate,0.00000000,0.00000000,0.00000000,0.00000000,5,100
wavelet_64_32,rayleigh,syndrome,1.0,ambiguous_rate,0.00000000,0.00000000,0.00000000,0.00000000,5,100
wavelet_64_32,rayleigh,syndrome,1.0,average_decoding_time_ms,0.39189960,0.11389069,0.25084583,0.53295337,5,100
wavelet_64_32,rayleigh,syndrome,2.0,ber,0.79200000,0.04549725,0.73565159,0.84834841,5,100
wavelet_64_32,rayleigh,syndrome,2.0,frame_error_rate,0.79200000,0.04549725,0.73565159,0.84834841,5,100
wavelet_64_32,rayleigh,syndrome,2.0,failure_rate,0.79200000,0.04549725,0.73565159,0.84834841,5,100
wavelet_64_32,rayleigh,syndrome,2.0,miscorrection_rate,0.00000000,0.00000000,0.00000000,0.00000000,5,100
wavelet_64_32,rayleigh,syndrome,2.0,conditional_miscorrection_rate,0.00000000,0.00000000,0.00000000,0.00000000,5,100
wavelet_64_32,rayleigh,syndrome,2.0,ambiguous_rate,0.00000000,0.00000000,0.00000000,0.00000000,5,100
wavelet_64_32,rayleigh,syndrome,2.0,average_decoding_time_ms,0.40221000,0.09383255,0.28599827,0.51842173,5,100
wavelet_64_32,rayleigh,syndrome,3.0,ber,0.70800000,0.03114482,0.66942710,0.74657290,5,100
wavelet_64_32,rayleigh,syndrome,3.0,frame_error_rate,0.70800000,0.03114482,0.66942710,0.74657290,5,100
wavelet_64_32,rayleigh,syndrome,3.0,failure_rate,0.70800000,0.03114482,0.66942710,0.74657290,5,100
wavelet_64_32,rayleigh,syndrome,3.0,miscorrection_rate,0.00000000,0.00000000,0.00000000,0.00000000,5,100
wavelet_64_32,rayleigh,syndrome,3.0,conditional_miscorrection_rate,0.00000000,0.00000000,0.00000000,0.00000000,5,100
wavelet_64_32,rayleigh,syndrome,3.0,ambiguous_rate,0.00000000,0.00000000,0.00000000,0.00000000,5,100
wavelet_64_32,rayleigh,syndrome,3.0,average_decoding_time_ms,0.41492860,0.12084992,0.26525581,0.56460139,5,100
wavelet_64_32,rayleigh,syndrome,4.0,ber,0.61000000,0.04358899,0.55601498,0.66398502,5,100
wavelet_64_32,rayleigh,syndrome,4.0,frame_error_rate,0.61000000,0.04358899,0.55601498,0.66398502,5,100
wavelet_64_32,rayleigh,syndrome,4.0,failure_rate,0.61000000,0.04358899,0.55601498,0.66398502,5,100
wavelet_64_32,rayleigh,syndrome,4.0,miscorrection_rate,0.00000000,0.00000000,0.00000000,0.00000000,5,100
wavelet_64_32,rayleigh,syndrome,4.0,conditional_miscorrection_rate,0.00000000,0.00000000,0.00000000,0.00000000,5,100
wavelet_64_32,rayleigh,syndrome,4.0,ambiguous_rate,0.00000000,0.00000000,0.00000000,0.00000000,5,100
wavelet_64_32,rayleigh,syndrome,4.0,average_decoding_time_ms,0.42098380,0.13862826,0.24929252,0.59267508,5,100
wavelet_64_32,rayleigh,syndrome,5.0,ber,0.54200000,0.04868265,0.48170648,0.60229352,5,100
wavelet_64_32,rayleigh,syndrome,5.0,frame_error_rate,0.54200000,0.04868265,0.48170648,0.60229352,5,100
wavelet_64_32,rayleigh,syndrome,5.0,failure_rate,0.54200000,0.04868265,0.48170648,0.60229352,5,100
wavelet_64_32,rayleigh,syndrome,5.0,miscorrection_rate,0.00000000,0.00000000,0.00000000,0.00000000,5,100
wavelet_64_32,rayleigh,syndrome,5.0,conditional_miscorrection_rate,0.00000000,0.00000000,0.00000000,0.00000000,5,100
wavelet_64_32,rayleigh,syndrome,5.0,ambiguous_rate,0.00000000,0.00000000,0.00000000,0.00000000,5,100
wavelet_64_32,rayleigh,syndrome,5.0,average_decoding_time_ms,0.38738840,0.11050235,0.25053109,0.52424571,5,100
wavelet_64_32,rayleigh,syndrome,6.0,ber,0.46600000,0.04393177,0.41159045,0.52040955,5,100
wavelet_64_32,rayleigh,syndrome,6.0,frame_error_rate,0.46600000,0.04393177,0.41159045,0.52040955,5,100
wavelet_64_32,rayleigh,syndrome,6.0,failure_rate,0.46600000,0.04393177,0.41159045,0.52040955,5,100
wavelet_64_32,rayleigh,syndrome,6.0,miscorrection_rate,0.00000000,0.00000000,0.00000000,0.00000000,5,100
wavelet_64_32,rayleigh,syndrome,6.0,conditional_miscorrection_rate,0.00000000,0.00000000,0.00000000,0.00000000,5,100
wavelet_64_32,rayleigh,syndrome,6.0,ambiguous_rate,0.00000000,0.00000000,0.00000000,0.00000000,5,100
wavelet_64_32,rayleigh,syndrome,6.0,average_decoding_time_ms,0.39676620,0.11073700,0.25961829,0.53391411,5,100
wavelet_64_32,rayleigh,chase,0.0,ber,0.77137500,0.03386670,0.72943105,0.81331895,5,100
wavelet_64_32,rayleigh,chase,0.0,frame_error_rate,0.77200000,0.03492850,0.72874101,0.81525899,5,100
wavelet_64_32,rayleigh,chase,0.0,failure_rate,0.77000000,0.03162278,0.73083515,0.80916485,5,100
wavelet_64_32,rayleigh,chase,0.0,miscorrection_rate,0.00200000,0.00447214,0.00000000,0.00753875,5,100
wavelet_64_32,rayleigh,chase,0.0,conditional_miscorrection_rate,0.01052632,0.02353756,0.00000000,0.03967761,5,100
wavelet_64_32,rayleigh,chase,0.0,ambiguous_rate,0.00000000,0.00000000,0.00000000,0.00000000,5,100
wavelet_64_32,rayleigh,chase,0.0,average_decoding_time_ms,3.82193320,0.24144690,3.52290089,4.12096551,5,100
wavelet_64_32,rayleigh,chase,1.0,ber,0.70400000,0.03911521,0.65555576,0.75244424,5,100
wavelet_64_32,rayleigh,chase,1.0,frame_error_rate,0.70400000,0.03911521,0.65555576,0.75244424,5,100
wavelet_64_32,rayleigh,chase,1.0,failure_rate,0.70400000,0.03911521,0.65555576,0.75244424,5,100
wavelet_64_32,rayleigh,chase,1.0,miscorrection_rate,0.00000000,0.00000000,0.00000000,0.00000000,5,100
wavelet_64_32,rayleigh,chase,1.0,conditional_miscorrection_rate,0.00000000,0.00000000,0.00000000,0.00000000,5,100
wavelet_64_32,rayleigh,chase,1.0,ambiguous_rate,0.00000000,0.00000000,0.00000000,0.00000000,5,100
wavelet_64_32,rayleigh,chase,1.0,average_decoding_time_ms,3.72297860,0.53788837,3.05680316,4.38915404,5,100
wavelet_64_32,rayleigh,chase,2.0,ber,0.59800000,0.05630275,0.52826897,0.66773103,5,100
wavelet_64_32,rayleigh,chase,2.0,frame_error_rate,0.59800000,0.05630275,0.52826897,0.66773103,5,100
wavelet_64_32,rayleigh,chase,2.0,failure_rate,0.59800000,0.05630275,0.52826897,0.66773103,5,100
wavelet_64_32,rayleigh,chase,2.0,miscorrection_rate,0.00000000,0.00000000,0.00000000,0.00000000,5,100
wavelet_64_32,rayleigh,chase,2.0,conditional_miscorrection_rate,0.00000000,0.00000000,0.00000000,0.00000000,5,100
wavelet_64_32,rayleigh,chase,2.0,ambiguous_rate,0.00000000,0.00000000,0.00000000,0.00000000,5,100
wavelet_64_32,rayleigh,chase,2.0,average_decoding_time_ms,3.82629260,0.67969752,2.98448633,4.66809887,5,100
wavelet_64_32,rayleigh,chase,3.0,ber,0.51800000,0.03962323,0.46892658,0.56707342,5,100
wavelet_64_32,rayleigh,chase,3.0,frame_error_rate,0.51800000,0.03962323,0.46892658,0.56707342,5,100
wavelet_64_32,rayleigh,chase,3.0,failure_rate,0.51800000,0.03962323,0.46892658,0.56707342,5,100
wavelet_64_32,rayleigh,chase,3.0,miscorrection_rate,0.00000000,0.00000000,0.00000000,0.00000000,5,100
wavelet_64_32,rayleigh,chase,3.0,conditional_miscorrection_rate,0.00000000,0.00000000,0.00000000,0.00000000,5,100
wavelet_64_32,rayleigh,chase,3.0,ambiguous_rate,0.00000000,0.00000000,0.00000000,0.00000000,5,100
wavelet_64_32,rayleigh,chase,3.0,average_decoding_time_ms,3.81324760,0.66524614,2.98933939,4.63715581,5,100
wavelet_64_32,rayleigh,chase,4.0,ber,0.44800000,0.05540758,0.37937764,0.51662236,5,100
wavelet_64_32,rayleigh,chase,4.0,frame_error_rate,0.44800000,0.05540758,0.37937764,0.51662236,5,100
wavelet_64_32,rayleigh,chase,4.0,failure_rate,0.44800000,0.05540758,0.37937764,0.51662236,5,100
wavelet_64_32,rayleigh,chase,4.0,miscorrection_rate,0.00000000,0.00000000,0.00000000,0.00000000,5,100
wavelet_64_32,rayleigh,chase,4.0,conditional_miscorrection_rate,0.00000000,0.00000000,0.00000000,0.00000000,5,100
wavelet_64_32,rayleigh,chase,4.0,ambiguous_rate,0.00000000,0.00000000,0.00000000,0.00000000,5,100
wavelet_64_32,rayleigh,chase,4.0,average_decoding_time_ms,3.80385540,0.72074343,2.91121372,4.69649708,5,100
wavelet_64_32,rayleigh,chase,5.0,ber,0.37000000,0.06164414,0.29365365,0.44634635,5,100
wavelet_64_32,rayleigh,chase,5.0,frame_error_rate,0.37000000,0.06164414,0.29365365,0.44634635,5,100
wavelet_64_32,rayleigh,chase,5.0,failure_rate,0.37000000,0.06164414,0.29365365,0.44634635,5,100
wavelet_64_32,rayleigh,chase,5.0,miscorrection_rate,0.00000000,0.00000000,0.00000000,0.00000000,5,100
wavelet_64_32,rayleigh,chase,5.0,conditional_miscorrection_rate,0.00000000,0.00000000,0.00000000,0.00000000,5,100
wavelet_64_32,rayleigh,chase,5.0,ambiguous_rate,0.00000000,0.00000000,0.00000000,0.00000000,5,100
wavelet_64_32,rayleigh,chase,5.0,average_decoding_time_ms,3.77827080,0.71666074,2.89068554,4.66585606,5,100
wavelet_64_32,rayleigh,chase,6.0,ber,0.31000000,0.05612486,0.24048929,0.37951071,5,100
wavelet_64_32,rayleigh,chase,6.0,frame_error_rate,0.31000000,0.05612486,0.24048929,0.37951071,5,100
wavelet_64_32,rayleigh,chase,6.0,failure_rate,0.31000000,0.05612486,0.24048929,0.37951071,5,100
wavelet_64_32,rayleigh,chase,6.0,miscorrection_rate,0.00000000,0.00000000,0.00000000,0.00000000,5,100
wavelet_64_32,rayleigh,chase,6.0,conditional_miscorrection_rate,0.00000000,0.00000000,0.00000000,0.00000000,5,100
wavelet_64_32,rayleigh,chase,6.0,ambiguous_rate,0.00000000,0.00000000,0.00000000,0.00000000,5,100
wavelet_64_32,rayleigh,chase,6.0,average_decoding_time_ms,3.92404720,0.70671573,3.04877884,4.79931556,5,100
wavelet_64_32,sinusoidal,syndrome,0.0,ber,1.00000000,0.00000000,1.00000000,1.00000000,5,100
wavelet_64_32,sinusoidal,syndrome,0.0,frame_error_rate,1.00000000,0.00000000,1.00000000,1.00000000,5,100
wavelet_64_32,sinusoidal,syndrome,0.0,failure_rate,1.00000000,0.00000000,1.00000000,1.00000000,5,100
wavelet_64_32,sinusoidal,syndrome,0.0,miscorrection_rate,0.00000000,0.00000000,0.00000000,0.00000000,5,100
wavelet_64_32,sinusoidal,syndrome,0.0,ambiguous_rate,0.00000000,0.00000000,0.00000000,0.00000000,5,100
wavelet_64_32,sinusoidal,syndrome,0.0,average_decoding_time_ms,0.45315760,0.02668385,0.42010961,0.48620559,5,100
wavelet_64_32,sinusoidal,syndrome,1.0,ber,0.99000000,0.01414214,0.97248495,1.00751505,5,100
wavelet_64_32,sinusoidal,syndrome,1.0,frame_error_rate,0.99000000,0.01414214,0.97248495,1.00751505,5,100
wavelet_64_32,sinusoidal,syndrome,1.0,failure_rate,0.99000000,0.01414214,0.97248495,1.00751505,5,100
wavelet_64_32,sinusoidal,syndrome,1.0,miscorrection_rate,0.00000000,0.00000000,0.00000000,0.00000000,5,100
wavelet_64_32,sinusoidal,syndrome,1.0,conditional_miscorrection_rate,0.00000000,0.00000000,0.00000000,0.00000000,2,100
wavelet_64_32,sinusoidal,syndrome,1.0,ambiguous_rate,0.00000000,0.00000000,0.00000000,0.00000000,5,100
wavelet_64_32,sinusoidal,syndrome,1.0,average_decoding_time_ms,0.45322020,0.01169389,0.43873730,0.46770310,5,100
wavelet_64_32,sinusoidal,syndrome,2.0,ber,0.97000000,0.02000000,0.94522997,0.99477003,5,100
wavelet_64_32,sinusoidal,syndrome,2.0,frame_error_rate,0.97000000,0.02000000,0.94522997,0.99477003,5,100
wavelet_64_32,sinusoidal,syndrome,2.0,failure_rate,0.97000000,0.02000000,0.94522997,0.99477003,5,100
wavelet_64_32,sinusoidal,syndrome,2.0,miscorrection_rate,0.00000000,0.00000000,0.00000000,0.00000000,5,100
wavelet_64_32,sinusoidal,syndrome,2.0,conditional_miscorrection_rate,0.00000000,0.00000000,0.00000000,0.00000000,4,100
wavelet_64_32,sinusoidal,syndrome,2.0,ambiguous_rate,0.00000000,0.00000000,0.00000000,0.00000000,5,100
wavelet_64_32,sinusoidal,syndrome,2.0,average_decoding_time_ms,0.45436640,0.01860260,0.43132705,0.47740575,5,100
wavelet_64_32,sinusoidal,syndrome,3.0,ber,0.93600000,0.03049590,0.89823079,0.97376921,5,100
wavelet_64_32,sinusoidal,syndrome,3.0,frame_error_rate,0.93600000,0.03049590,0.89823079,0.97376921,5,100
wavelet_64_32,sinusoidal,syndrome,3.0,failure_rate,0.93600000,0.03049590,0.89823079,0.97376921,5,100
wavelet_64_32,sinusoidal,syndrome,3.0,miscorrection_rate,0.00000000,0.00000000,0.00000000,0.00000000,5,100
wavelet_64_32,sinusoidal,syndrome,3.0,conditional_miscorrection_rate,0.00000000,0.00000000,0.00000000,0.00000000,5,100
wavelet_64_32,sinusoidal,syndrome,3.0,ambiguous_rate,0.00000000,0.00000000,0.00000000,0.00000000,5,100
wavelet_64_32,sinusoidal,syndrome,3.0,average_decoding_time_ms,0.45734700,0.03190216,0.41783613,0.49685787,5,100
wavelet_64_32,sinusoidal,syndrome,4.0,ber,0.83200000,0.01483240,0.81363006,0.85036994,5,100
wavelet_64_32,sinusoidal,syndrome,4.0,frame_error_rate,0.83200000,0.01483240,0.81363006,0.85036994,5,100
wavelet_64_32,sinusoidal,syndrome,4.0,failure_rate,0.83200000,0.01483240,0.81363006,0.85036994,5,100
wavelet_64_32,sinusoidal,syndrome,4.0,miscorrection_rate,0.00000000,0.00000000,0.00000000,0.00000000,5,100
wavelet_64_32,sinusoidal,syndrome,4.0,conditional_miscorrection_rate,0.00000000,0.00000000,0.00000000,0.00000000,5,100
wavelet_64_32,sinusoidal,syndrome,4.0,ambiguous_rate,0.00000000,0.00000000,0.00000000,0.00000000,5,100
wavelet_64_32,sinusoidal,syndrome,4.0,average_decoding_time_ms,0.44550720,0.02189311,0.41839255,0.47262185,5,100
wavelet_64_32,sinusoidal,syndrome,5.0,ber,0.65600000,0.04979960,0.59432313,0.71767687,5,100
wavelet_64_32,sinusoidal,syndrome,5.0,frame_error_rate,0.65600000,0.04979960,0.59432313,0.71767687,5,100
wavelet_64_32,sinusoidal,syndrome,5.0,failure_rate,0.65600000,0.04979960,0.59432313,0.71767687,5,100
wavelet_64_32,sinusoidal,syndrome,5.0,miscorrection_rate,0.00000000,0.00000000,0.00000000,0.00000000,5,100
wavelet_64_32,sinusoidal,syndrome,5.0,conditional_miscorrection_rate,0.00000000,0.00000000,0.00000000,0.00000000,5,100
wavelet_64_32,sinusoidal,syndrome,5.0,ambiguous_rate,0.00000000,0.00000000,0.00000000,0.00000000,5,100
wavelet_64_32,sinusoidal,syndrome,5.0,average_decoding_time_ms,0.45712960,0.00999204,0.44475444,0.46950476,5,100
wavelet_64_32,sinusoidal,syndrome,6.0,ber,0.44800000,0.02167948,0.42114993,0.47485007,5,100
wavelet_64_32,sinusoidal,syndrome,6.0,frame_error_rate,0.44800000,0.02167948,0.42114993,0.47485007,5,100
wavelet_64_32,sinusoidal,syndrome,6.0,failure_rate,0.44800000,0.02167948,0.42114993,0.47485007,5,100
wavelet_64_32,sinusoidal,syndrome,6.0,miscorrection_rate,0.00000000,0.00000000,0.00000000,0.00000000,5,100
wavelet_64_32,sinusoidal,syndrome,6.0,conditional_miscorrection_rate,0.00000000,0.00000000,0.00000000,0.00000000,5,100
wavelet_64_32,sinusoidal,syndrome,6.0,ambiguous_rate,0.00000000,0.00000000,0.00000000,0.00000000,5,100
wavelet_64_32,sinusoidal,syndrome,6.0,average_decoding_time_ms,0.46036800,0.01121862,0.44647373,0.47426227,5,100
wavelet_64_32,sinusoidal,chase,0.0,ber,0.96306250,0.01992221,0.93838881,0.98773619,5,100
wavelet_64_32,sinusoidal,chase,0.0,frame_error_rate,0.96400000,0.02073644,0.93831789,0.98968211,5,100
wavelet_64_32,sinusoidal,chase,0.0,failure_rate,0.96200000,0.01923538,0.93817695,0.98582305,5,100
wavelet_64_32,sinusoidal,chase,0.0,miscorrection_rate,0.00200000,0.00447214,0.00000000,0.00753875,5,100
wavelet_64_32,sinusoidal,chase,0.0,conditional_miscorrection_rate,0.06666667,0.14907120,0.00000000,0.25129154,5,100
wavelet_64_32,sinusoidal,chase,0.0,ambiguous_rate,0.00000000,0.00000000,0.00000000,0.00000000,5,100
wavelet_64_32,sinusoidal,chase,0.0,average_decoding_time_ms,3.94814940,0.10875062,3.81346161,4.08283719,5,100
wavelet_64_32,sinusoidal,chase,1.0,ber,0.89900000,0.01244990,0.88358078,0.91441922,5,100
wavelet_64_32,sinusoidal,chase,1.0,frame_error_rate,0.90000000,0.01414214,0.88248495,0.91751505,5,100
wavelet_64_32,sinusoidal,chase,1.0,failure_rate,0.89800000,0.01095445,0.88443290,0.91156710,5,100
wavelet_64_32,sinusoidal,chase,1.0,miscorrection_rate,0.00200000,0.00447214,0.00000000,0.00753875,5,100
wavelet_64_32,sinusoidal,chase,1.0,conditional_miscorrection_rate,0.02222222,0.04969040,0.00000000,0.08376385,5,100
wavelet_64_32,sinusoidal,chase,1.0,ambiguous_rate,0.00000000,0.00000000,0.00000000,0.00000000,5,100
wavelet_64_32,sinusoidal,chase,1.0,average_decoding_time_ms,3.97763980,0.11543694,3.83467100,4.12060860,5,100
wavelet_64_32,sinusoidal,chase,2.0,ber,0.74500000,0.03774917,0.69824760,0.79175240,5,100
wavelet_64_32,sinusoidal,chase,2.0,frame_error_rate,0.74600000,0.03781534,0.69916565,0.79283435,5,100
wavelet_64_32,sinusoidal,chase,2.0,failure_rate,0.74400000,0.03781534,0.69716565,0.79083435,5,100
wavelet_64_32,sinusoidal,chase,2.0,miscorrection_rate,0.00200000,0.00447214,0.00000000,0.00753875,5,100
wavelet_64_32,sinusoidal,chase,2.0,conditional_miscorrection_rate,0.00769231,0.01720052,0.00000000,0.02899518,5,100
wavelet_64_32,sinusoidal,chase,2.0,ambiguous_rate,0.00000000,0.00000000,0.00000000,0.00000000,5,100
wavelet_64_32,sinusoidal,chase,2.0,average_decoding_time_ms,4.02868220,0.13004211,3.86762488,4.18973952,5,100
wavelet_64_32,sinusoidal,chase,3.0,ber,0.48200000,0.04147288,0.43063578,0.53336422,5,100
wavelet_64_32,sinusoidal,chase,3.0,frame_error_rate,0.48200000,0.04147288,0.43063578,0.53336422,5,100
wavelet_64_32,sinusoidal,chase,3.0,failure_rate,0.48200000,0.04147288,0.43063578,0.53336422,5,100
wavelet_64_32,sinusoidal,chase,3.0,miscorrection_rate,0.00000000,0.00000000,0.00000000,0.00000000,5,100
wavelet_64_32,sinusoidal,chase,3.0,conditional_miscorrection_rate,0.00000000,0.00000000,0.00000000,0.00000000,5,100
wavelet_64_32,sinusoidal,chase,3.0,ambiguous_rate,0.00000000,0.00000000,0.00000000,0.00000000,5,100
wavelet_64_32,sinusoidal,chase,3.0,average_decoding_time_ms,4.01293480,0.14921584,3.82813078,4.19773882,5,100
wavelet_64_32,sinusoidal,chase,4.0,ber,0.27400000,0.03361547,0.23236719,0.31563281,5,100
wavelet_64_32,sinusoidal,chase,4.0,frame_error_rate,0.27400000,0.03361547,0.23236719,0.31563281,5,100
wavelet_64_32,sinusoidal,chase,4.0,failure_rate,0.27400000,0.03361547,0.23236719,0.31563281,5,100
wavelet_64_32,sinusoidal,chase,4.0,miscorrection_rate,0.00000000,0.00000000,0.00000000,0.00000000,5,100
wavelet_64_32,sinusoidal,chase,4.0,conditional_miscorrection_rate,0.00000000,0.00000000,0.00000000,0.00000000,5,100
wavelet_64_32,sinusoidal,chase,4.0,ambiguous_rate,0.00000000,0.00000000,0.00000000,0.00000000,5,100
wavelet_64_32,sinusoidal,chase,4.0,average_decoding_time_ms,4.14996060,0.10545030,4.01936026,4.28056094,5,100
wavelet_64_32,sinusoidal,chase,5.0,ber,0.11800000,0.03563706,0.07386346,0.16213654,5,100
wavelet_64_32,sinusoidal,chase,5.0,frame_error_rate,0.11800000,0.03563706,0.07386346,0.16213654,5,100
wavelet_64_32,sinusoidal,chase,5.0,failure_rate,0.11800000,0.03563706,0.07386346,0.16213654,5,100
wavelet_64_32,sinusoidal,chase,5.0,miscorrection_rate,0.00000000,0.00000000,0.00000000,0.00000000,5,100
wavelet_64_32,sinusoidal,chase,5.0,conditional_miscorrection_rate,0.00000000,0.00000000,0.00000000,0.00000000,5,100
wavelet_64_32,sinusoidal,chase,5.0,ambiguous_rate,0.00000000,0.00000000,0.00000000,0.00000000,5,100
wavelet_64_32,sinusoidal,chase,5.0,average_decoding_time_ms,4.18391680,0.12770689,4.02575165,4.34208195,5,100
wavelet_64_32,sinusoidal,chase,6.0,ber,0.03000000,0.01000000,0.01761499,0.04238501,5,100
wavelet_64_32,sinusoidal,chase,6.0,frame_error_rate,0.03000000,0.01000000,0.01761499,0.04238501,5,100
wavelet_64_32,sinusoidal,chase,6.0,failure_rate,0.03000000,0.01000000,0.01761499,0.04238501,5,100
wavelet_64_32,sinusoidal,chase,6.0,miscorrection_rate,0.00000000,0.00000000,0.00000000,0.00000000,5,100
wavelet_64_32,sinusoidal,chase,6.0,conditional_miscorrection_rate,0.00000000,0.00000000,0.00000000,0.00000000,5,100
wavelet_64_32,sinusoidal,chase,6.0,ambiguous_rate,0.00000000,0.00000000,0.00000000,0.00000000,5,100
wavelet_64_32,sinusoidal,chase,6.0,average_decoding_time_ms,4.17449520,0.19900791,3.92802364,4.42096676,5,100
bch_derived_64_32,rayleigh_awgn,syndrome,0.0,ber,1.00000000,0.00000000,1.00000000,1.00000000,5,100
bch_derived_64_32,rayleigh_awgn,syndrome,0.0,frame_error_rate,1.00000000,0.00000000,1.00000000,1.00000000,5,100
bch_derived_64_32,rayleigh_awgn,syndrome,0.0,failure_rate,1.00000000,0.00000000,1.00000000,1.00000000,5,100
bch_derived_64_32,rayleigh_awgn,syndrome,0.0,miscorrection_rate,0.00000000,0.00000000,0.00000000,0.00000000,5,100
bch_derived_64_32,rayleigh_awgn,syndrome,0.0,ambiguous_rate,0.00000000,0.00000000,0.00000000,0.00000000,5,100
bch_derived_64_32,rayleigh_awgn,syndrome,0.0,average_decoding_time_ms,0.16373300,0.00648393,0.15570264,0.17176336,5,100
bch_derived_64_32,rayleigh_awgn,syndrome,1.0,ber,0.99800000,0.00447214,0.99246125,1.00353875,5,100
bch_derived_64_32,rayleigh_awgn,syndrome,1.0,frame_error_rate,0.99800000,0.00447214,0.99246125,1.00353875,5,100
bch_derived_64_32,rayleigh_awgn,syndrome,1.0,failure_rate,0.99800000,0.00447214,0.99246125,1.00353875,5,100
bch_derived_64_32,rayleigh_awgn,syndrome,1.0,miscorrection_rate,0.00000000,0.00000000,0.00000000,0.00000000,5,100
bch_derived_64_32,rayleigh_awgn,syndrome,1.0,conditional_miscorrection_rate,0.00000000,0.00000000,0.00000000,0.00000000,1,100
bch_derived_64_32,rayleigh_awgn,syndrome,1.0,ambiguous_rate,0.00000000,0.00000000,0.00000000,0.00000000,5,100
bch_derived_64_32,rayleigh_awgn,syndrome,1.0,average_decoding_time_ms,0.15753440,0.01018066,0.14492564,0.17014316,5,100
bch_derived_64_32,rayleigh_awgn,syndrome,2.0,ber,0.99600000,0.00547723,0.98921645,1.00278355,5,100
bch_derived_64_32,rayleigh_awgn,syndrome,2.0,frame_error_rate,0.99600000,0.00547723,0.98921645,1.00278355,5,100
bch_derived_64_32,rayleigh_awgn,syndrome,2.0,failure_rate,0.99600000,0.00547723,0.98921645,1.00278355,5,100
bch_derived_64_32,rayleigh_awgn,syndrome,2.0,miscorrection_rate,0.00000000,0.00000000,0.00000000,0.00000000,5,100
bch_derived_64_32,rayleigh_awgn,syndrome,2.0,conditional_miscorrection_rate,0.00000000,0.00000000,0.00000000,0.00000000,2,100
bch_derived_64_32,rayleigh_awgn,syndrome,2.0,ambiguous_rate,0.00000000,0.00000000,0.00000000,0.00000000,5,100
bch_derived_64_32,rayleigh_awgn,syndrome,2.0,average_decoding_time_ms,0.16262360,0.00987757,0.15039022,0.17485698,5,100
bch_derived_64_32,rayleigh_awgn,syndrome,3.0,ber,0.99000000,0.01000000,0.97761499,1.00238501,5,100
bch_derived_64_32,rayleigh_awgn,syndrome,3.0,frame_error_rate,0.99000000,0.01000000,0.97761499,1.00238501,5,100
bch_derived_64_32,rayleigh_awgn,syndrome,3.0,failure_rate,0.99000000,0.01000000,0.97761499,1.00238501,5,100
bch_derived_64_32,rayleigh_awgn,syndrome,3.0,miscorrection_rate,0.00000000,0.00000000,0.00000000,0.00000000,5,100
bch_derived_64_32,rayleigh_awgn,syndrome,3.0,conditional_miscorrection_rate,0.00000000,0.00000000,0.00000000,0.00000000,3,100
bch_derived_64_32,rayleigh_awgn,syndrome,3.0,ambiguous_rate,0.00000000,0.00000000,0.00000000,0.00000000,5,100
bch_derived_64_32,rayleigh_awgn,syndrome,3.0,average_decoding_time_ms,0.16184720,0.00509568,0.15553619,0.16815821,5,100
bch_derived_64_32,rayleigh_awgn,syndrome,4.0,ber,0.97200000,0.01643168,0.95164935,0.99235065,5,100
bch_derived_64_32,rayleigh_awgn,syndrome,4.0,frame_error_rate,0.97200000,0.01643168,0.95164935,0.99235065,5,100
bch_derived_64_32,rayleigh_awgn,syndrome,4.0,failure_rate,0.97200000,0.01643168,0.95164935,0.99235065,5,100
bch_derived_64_32,rayleigh_awgn,syndrome,4.0,miscorrection_rate,0.00000000,0.00000000,0.00000000,0.00000000,5,100
bch_derived_64_32,rayleigh_awgn,syndrome,4.0,conditional_miscorrection_rate,0.00000000,0.00000000,0.00000000,0.00000000,5,100
bch_derived_64_32,rayleigh_awgn,syndrome,4.0,ambiguous_rate,0.00000000,0.00000000,0.00000000,0.00000000,5,100
bch_derived_64_32,rayleigh_awgn,syndrome,4.0,average_decoding_time_ms,0.15485380,0.00564239,0.14786569,0.16184191,5,100
bch_derived_64_32,rayleigh_awgn,syndrome,5.0,ber,0.94000000,0.00707107,0.93124247,0.94875753,5,100
bch_derived_64_32,rayleigh_awgn,syndrome,5.0,frame_error_rate,0.94000000,0.00707107,0.93124247,0.94875753,5,100
bch_derived_64_32,rayleigh_awgn,syndrome,5.0,failure_rate,0.94000000,0.00707107,0.93124247,0.94875753,5,100
bch_derived_64_32,rayleigh_awgn,syndrome,5.0,miscorrection_rate,0.00000000,0.00000000,0.00000000,0.00000000,5,100
bch_derived_64_32,rayleigh_awgn,syndrome,5.0,conditional_miscorrection_rate,0.00000000,0.00000000,0.00000000,0.00000000,5,100
bch_derived_64_32,rayleigh_awgn,syndrome,5.0,ambiguous_rate,0.00000000,0.00000000,0.00000000,0.00000000,5,100
bch_derived_64_32,rayleigh_awgn,syndrome,5.0,average_decoding_time_ms,0.15887080,0.00728772,0.14984495,0.16789665,5,100
bch_derived_64_32,rayleigh_awgn,syndrome,6.0,ber,0.85000000,0.03391165,0.80800038,0.89199962,5,100
bch_derived_64_32,rayleigh_awgn,syndrome,6.0,frame_error_rate,0.85000000,0.03391165,0.80800038,0.89199962,5,100
bch_derived_64_32,rayleigh_awgn,syndrome,6.0,failure_rate,0.85000000,0.03391165,0.80800038,0.89199962,5,100
bch_derived_64_32,rayleigh_awgn,syndrome,6.0,miscorrection_rate,0.00000000,0.00000000,0.00000000,0.00000000,5,100
bch_derived_64_32,rayleigh_awgn,syndrome,6.0,conditional_miscorrection_rate,0.00000000,0.00000000,0.00000000,0.00000000,5,100
bch_derived_64_32,rayleigh_awgn,syndrome,6.0,ambiguous_rate,0.00000000,0.00000000,0.00000000,0.00000000,5,100
bch_derived_64_32,rayleigh_awgn,syndrome,6.0,average_decoding_time_ms,0.16367740,0.00935030,0.15209704,0.17525776,5,100
bch_derived_64_32,rayleigh_awgn,chase,0.0,ber,0.99600000,0.00894427,0.98492251,1.00707749,5,100
bch_derived_64_32,rayleigh_awgn,chase,0.0,frame_error_rate,0.99600000,0.00894427,0.98492251,1.00707749,5,100
bch_derived_64_32,rayleigh_awgn,chase,0.0,failure_rate,0.99600000,0.00894427,0.98492251,1.00707749,5,100
bch_derived_64_32,rayleigh_awgn,chase,0.0,miscorrection_rate,0.00000000,0.00000000,0.00000000,0.00000000,5,100
bch_derived_64_32,rayleigh_awgn,chase,0.0,conditional_miscorrection_rate,0.00000000,0.00000000,0.00000000,0.00000000,1,100
bch_derived_64_32,rayleigh_awgn,chase,0.0,ambiguous_rate,0.00000000,0.00000000,0.00000000,0.00000000,5,100
bch_derived_64_32,rayleigh_awgn,chase,0.0,average_decoding_time_ms,1.02521100,0.03533885,0.98144379,1.06897821,5,100
bch_derived_64_32,rayleigh_awgn,chase,1.0,ber,0.98600000,0.01140175,0.97187891,1.00012109,5,100
bch_derived_64_32,rayleigh_awgn,chase,1.0,frame_error_rate,0.98600000,0.01140175,0.97187891,1.00012109,5,100
bch_derived_64_32,rayleigh_awgn,chase,1.0,failure_rate,0.98600000,0.01140175,0.97187891,1.00012109,5,100
bch_derived_64_32,rayleigh_awgn,chase,1.0,miscorrection_rate,0.00000000,0.00000000,0.00000000,0.00000000,5,100
bch_derived_64_32,rayleigh_awgn,chase,1.0,conditional_miscorrection_rate,0.00000000,0.00000000,0.00000000,0.00000000,4,100
bch_derived_64_32,rayleigh_awgn,chase,1.0,ambiguous_rate,0.00000000,0.00000000,0.00000000,0.00000000,5,100
bch_derived_64_32,rayleigh_awgn,chase,1.0,average_decoding_time_ms,0.98949420,0.01829093,0.96684086,1.01214754,5,100
bch_derived_64_32,rayleigh_awgn,chase,2.0,ber,0.96400000,0.01816590,0.94150151,0.98649849,5,100
bch_derived_64_32,rayleigh_awgn,chase,2.0,frame_error_rate,0.96400000,0.01816590,0.94150151,0.98649849,5,100
bch_derived_64_32,rayleigh_awgn,chase,2.0,failure_rate,0.96400000,0.01816590,0.94150151,0.98649849,5,100
bch_derived_64_32,rayleigh_awgn,chase,2.0,miscorrection_rate,0.00000000,0.00000000,0.00000000,0.00000000,5,100
bch_derived_64_32,rayleigh_awgn,chase,2.0,conditional_miscorrection_rate,0.00000000,0.00000000,0.00000000,0.00000000,5,100
bch_derived_64_32,rayleigh_awgn,chase,2.0,ambiguous_rate,0.00000000,0.00000000,0.00000000,0.00000000,5,100
bch_derived_64_32,rayleigh_awgn,chase,2.0,average_decoding_time_ms,0.99900020,0.01124677,0.98507106,1.01292934,5,100
bch_derived_64_32,rayleigh_awgn,chase,3.0,ber,0.92000000,0.02738613,0.88608224,0.95391776,5,100
bch_derived_64_32,rayleigh_awgn,chase,3.0,frame_error_rate,0.92000000,0.02738613,0.88608224,0.95391776,5,100
bch_derived_64_32,rayleigh_awgn,chase,3.0,failure_rate,0.92000000,0.02738613,0.88608224,0.95391776,5,100
bch_derived_64_32,rayleigh_awgn,chase,3.0,miscorrection_rate,0.00000000,0.00000000,0.00000000,0.00000000,5,100
bch_derived_64_32,rayleigh_awgn,chase,3.0,conditional_miscorrection_rate,0.00000000,0.00000000,0.00000000,0.00000000,5,100
bch_derived_64_32,rayleigh_awgn,chase,3.0,ambiguous_rate,0.00000000,0.00000000,0.00000000,0.00000000,5,100
bch_derived_64_32,rayleigh_awgn,chase,3.0,average_decoding_time_ms,1.00863500,0.01554748,0.98937943,1.02789057,5,100
bch_derived_64_32,rayleigh_awgn,chase,4.0,ber,0.81200000,0.02949576,0.77546946,0.84853054,5,100
bch_derived_64_32,rayleigh_awgn,chase,4.0,frame_error_rate,0.81200000,0.02949576,0.77546946,0.84853054,5,100
bch_derived_64_32,rayleigh_awgn,chase,4.0,failure_rate,0.81200000,0.02949576,0.77546946,0.84853054,5,100
bch_derived_64_32,rayleigh_awgn,chase,4.0,miscorrection_rate,0.00000000,0.00000000,0.00000000,0.00000000,5,100
bch_derived_64_32,rayleigh_awgn,chase,4.0,conditional_miscorrection_rate,0.00000000,0.00000000,0.00000000,0.00000000,5,100
bch_derived_64_32,rayleigh_awgn,chase,4.0,ambiguous_rate,0.00000000,0.00000000,0.00000000,0.00000000,5,100
bch_derived_64_32,rayleigh_awgn,chase,4.0,average_decoding_time_ms,1.01631560,0.02269037,0.98821355,1.04441765,5,100
bch_derived_64_32,rayleigh_awgn,chase,5.0,ber,0.66200000,0.02588436,0.62994219,0.69405781,5,100
bch_derived_64_32,rayleigh_awgn,chase,5.0,frame_error_rate,0.66200000,0.02588436,0.62994219,0.69405781,5,100
bch_derived_64_32,rayleigh_awgn,chase,5.0,failure_rate,0.66200000,0.02588436,0.62994219,0.69405781,5,100
bch_derived_64_32,rayleigh_awgn,chase,5.0,miscorrection_rate,0.00000000,0.00000000,0.00000000,0.00000000,5,100
bch_derived_64_32,rayleigh_awgn,chase,5.0,conditional_miscorrection_rate,0.00000000,0.00000000,0.00000000,0.00000000,5,100
bch_derived_64_32,rayleigh_awgn,chase,5.0,ambiguous_rate,0.00000000,0.00000000,0.00000000,0.00000000,5,100
bch_derived_64_32,rayleigh_awgn,chase,5.0,average_decoding_time_ms,1.02951120,0.04065367,0.97916158,1.07986082,5,100
bch_derived_64_32,rayleigh_awgn,chase,6.0,ber,0.47600000,0.05770615,0.40453086,0.54746914,5,100
bch_derived_64_32,rayleigh_awgn,chase,6.0,frame_error_rate,0.47600000,0.05770615,0.40453086,0.54746914,5,100
bch_derived_64_32,rayleigh_awgn,chase,6.0,failure_rate,0.47600000,0.05770615,0.40453086,0.54746914,5,100
bch_derived_64_32,rayleigh_awgn,chase,6.0,miscorrection_rate,0.00000000,0.00000000,0.00000000,0.00000000,5,100
bch_derived_64_32,rayleigh_awgn,chase,6.0,conditional_miscorrection_rate,0.00000000,0.00000000,0.00000000,0.00000000,5,100
bch_derived_64_32,rayleigh_awgn,chase,6.0,ambiguous_rate,0.00000000,0.00000000,0.00000000,0.00000000,5,100
bch_derived_64_32,rayleigh_awgn,chase,6.0,average_decoding_time_ms,1.05069960,0.02588069,1.01864633,1.08275287,5,100
bch_derived_64_32,rayleigh,syndrome,0.0,ber,0.90600000,0.03130495,0.86722878,0.94477122,5,100
bch_derived_64_32,rayleigh,syndrome,0.0,frame_error_rate,0.90600000,0.03130495,0.86722878,0.94477122,5,100
bch_derived_64_32,rayleigh,syndrome,0.0,failure_rate,0.90600000,0.03130495,0.86722878,0.94477122,5,100
bch_derived_64_32,rayleigh,syndrome,0.0,miscorrection_rate,0.00000000,0.00000000,0.00000000,0.00000000,5,100
bch_derived_64_32,rayleigh,syndrome,0.0,conditional_miscorrection_rate,0.00000000,0.00000000,0.00000000,0.00000000,5,100
bch_derived_64_32,rayleigh,syndrome,0.0,ambiguous_rate,0.00000000,0.00000000,0.00000000,0.00000000,5,100
bch_derived_64_32,rayleigh,syndrome,0.0,average_decoding_time_ms,0.15110460,0.04113921,0.10015363,0.20205557,5,100
bch_derived_64_32,rayleigh,syndrome,1.0,ber,0.86200000,0.02588436,0.82994219,0.89405781,5,100
bch_derived_64_32,rayleigh,syndrome,1.0,frame_error_rate,0.86200000,0.02588436,0.82994219,0.89405781,5,100
bch_derived_64_32,rayleigh,syndrome,1.0,failure_rate,0.86200000,0.02588436,0.82994219,0.89405781,5,100
bch_derived_64_32,rayleigh,syndrome,1.0,miscorrection_rate,0.00000000,0.00000000,0.00000000,0.00000000,5,100
bch_derived_64_32,rayleigh,syndrome,1.0,conditional_miscorrection_rate,0.00000000,0.00000000,0.00000000,0.00000000,5,100
bch_derived_64_32,rayleigh,syndrome,1.0,ambiguous_rate,0.00000000,0.00000000,0.00000000,0.00000000,5,100
bch_derived_64_32,rayleigh,syndrome,1.0,average_decoding_time_ms,0.14379200,0.02448130,0.11347188,0.17411212,5,100
bch_derived_64_32,rayleigh,syndrome,2.0,ber,0.77400000,0.04827007,0.71421745,0.83378255,5,100
bch_derived_64_32,rayleigh,syndrome,2.0,frame_error_rate,0.77400000,0.04827007,0.71421745,0.83378255,5,100
bch_derived_64_32,rayleigh,syndrome,2.0,failure_rate,0.77400000,0.04827007,0.71421745,0.83378255,5,100
bch_derived_64_32,rayleigh,syndrome,2.0,miscorrection_rate,0.00000000,0.00000000,0.00000000,0.00000000,5,100
bch_derived_64_32,rayleigh,syndrome,2.0,conditional_miscorrection_rate,0.00000000,0.00000000,0.00000000,0.00000000,5,100
bch_derived_64_32,rayleigh,syndrome,2.0,ambiguous_rate,0.00000000,0.00000000,0.00000000,0.00000000,5,100
bch_derived_64_32,rayleigh,syndrome,2.0,average_decoding_time_ms,0.14056360,0.03323275,0.09940479,0.18172241,5,100
bch_derived_64_32,rayleigh,syndrome,3.0,ber,0.71200000,0.05890671,0.63904397,0.78495603,5,100
bch_derived_64_32,rayleigh,syndrome,3.0,frame_error_rate,0.71200000,0.05890671,0.63904397,0.78495603,5,100
bch_derived_64_32,rayleigh,syndrome,3.0,failure_rate,0.71200000,0.05890671,0.63904397,0.78495603,5,100
bch_derived_64_32,rayleigh,syndrome,3.0,miscorrection_rate,0.00000000,0.00000000,0.00000000,0.00000000,5,100
bch_derived_64_32,rayleigh,syndrome,3.0,conditional_miscorrection_rate,0.00000000,0.00000000,0.00000000,0.00000000,5,100
bch_derived_64_32,rayleigh,syndrome,3.0,ambiguous_rate,0.00000000,0.00000000,0.00000000,0.00000000,5,100
bch_derived_64_32,rayleigh,syndrome,3.0,average_decoding_time_ms,0.13690720,0.03618203,0.09209571,0.18171869,5,100
bch_derived_64_32,rayleigh,syndrome,4.0,ber,0.61800000,0.03346640,0.57655182,0.65944818,5,100
bch_derived_64_32,rayleigh,syndrome,4.0,frame_error_rate,0.61800000,0.03346640,0.57655182,0.65944818,5,100
bch_derived_64_32,rayleigh,syndrome,4.0,failure_rate,0.61800000,0.03346640,0.57655182,0.65944818,5,100
bch_derived_64_32,rayleigh,syndrome,4.0,miscorrection_rate,0.00000000,0.00000000,0.00000000,0.00000000,5,100
bch_derived_64_32,rayleigh,syndrome,4.0,conditional_miscorrection_rate,0.00000000,0.00000000,0.00000000,0.00000000,5,100
bch_derived_64_32,rayleigh,syndrome,4.0,ambiguous_rate,0.00000000,0.00000000,0.00000000,0.00000000,5,100
bch_derived_64_32,rayleigh,syndrome,4.0,average_decoding_time_ms,0.14784500,0.03737977,0.10155011,0.19413989,5,100
bch_derived_64_32,rayleigh,syndrome,5.0,ber,0.54600000,0.04505552,0.49019868,0.60180132,5,100
bch_derived_64_32,rayleigh,syndrome,5.0,frame_error_rate,0.54600000,0.04505552,0.49019868,0.60180132,5,100
bch_derived_64_32,rayleigh,syndrome,5.0,failure_rate,0.54600000,0.04505552,0.49019868,0.60180132,5,100
bch_derived_64_32,rayleigh,syndrome,5.0,miscorrection_rate,0.00000000,0.00000000,0.00000000,0.00000000,5,100
bch_derived_64_32,rayleigh,syndrome,5.0,conditional_miscorrection_rate,0.00000000,0.00000000,0.00000000,0.00000000,5,100
bch_derived_64_32,rayleigh,syndrome,5.0,ambiguous_rate,0.00000000,0.00000000,0.00000000,0.00000000,5,100
bch_derived_64_32,rayleigh,syndrome,5.0,average_decoding_time_ms,0.15085980,0.03789875,0.10392215,0.19779745,5,100
bch_derived_64_32,rayleigh,syndrome,6.0,ber,0.45400000,0.05813777,0.38199630,0.52600370,5,100
bch_derived_64_32,rayleigh,syndrome,6.0,frame_error_rate,0.45400000,0.05813777,0.38199630,0.52600370,5,100
bch_derived_64_32,rayleigh,syndrome,6.0,failure_rate,0.45400000,0.05813777,0.38199630,0.52600370,5,100
bch_derived_64_32,rayleigh,syndrome,6.0,miscorrection_rate,0.00000000,0.00000000,0.00000000,0.00000000,5,100
bch_derived_64_32,rayleigh,syndrome,6.0,conditional_miscorrection_rate,0.00000000,0.00000000,0.00000000,0.00000000,5,100
bch_derived_64_32,rayleigh,syndrome,6.0,ambiguous_rate,0.00000000,0.00000000,0.00000000,0.00000000,5,100
bch_derived_64_32,rayleigh,syndrome,6.0,average_decoding_time_ms,0.14830280,0.03697935,0.10250382,0.19410178,5,100
bch_derived_64_32,rayleigh,chase,0.0,ber,0.80400000,0.03577709,0.75969003,0.84830997,5,100
bch_derived_64_32,rayleigh,chase,0.0,frame_error_rate,0.80400000,0.03577709,0.75969003,0.84830997,5,100
bch_derived_64_32,rayleigh,chase,0.0,failure_rate,0.80400000,0.03577709,0.75969003,0.84830997,5,100
bch_derived_64_32,rayleigh,chase,0.0,miscorrection_rate,0.00000000,0.00000000,0.00000000,0.00000000,5,100
bch_derived_64_32,rayleigh,chase,0.0,conditional_miscorrection_rate,0.00000000,0.00000000,0.00000000,0.00000000,5,100
bch_derived_64_32,rayleigh,chase,0.0,ambiguous_rate,0.00000000,0.00000000,0.00000000,0.00000000,5,100
bch_derived_64_32,rayleigh,chase,0.0,average_decoding_time_ms,0.95846160,0.18584623,0.72829080,1.18863240,5,100
bch_derived_64_32,rayleigh,chase,1.0,ber,0.72800000,0.06610598,0.64612766,0.80987234,5,100
bch_derived_64_32,rayleigh,chase,1.0,frame_error_rate,0.72800000,0.06610598,0.64612766,0.80987234,5,100
bch_derived_64_32,rayleigh,chase,1.0,failure_rate,0.72800000,0.06610598,0.64612766,0.80987234,5,100
bch_derived_64_32,rayleigh,chase,1.0,miscorrection_rate,0.00000000,0.00000000,0.00000000,0.00000000,5,100
bch_derived_64_32,rayleigh,chase,1.0,conditional_miscorrection_rate,0.00000000,0.00000000,0.00000000,0.00000000,5,100
bch_derived_64_32,rayleigh,chase,1.0,ambiguous_rate,0.00000000,0.00000000,0.00000000,0.00000000,5,100
bch_derived_64_32,rayleigh,chase,1.0,average_decoding_time_ms,0.92733520,0.17466583,0.71101134,1.14365906,5,100
bch_derived_64_32,rayleigh,chase,2.0,ber,0.65600000,0.04929503,0.59494804,0.71705196,5,100
bch_derived_64_32,rayleigh,chase,2.0,frame_error_rate,0.65600000,0.04929503,0.59494804,0.71705196,5,100
bch_derived_64_32,rayleigh,chase,2.0,failure_rate,0.65600000,0.04929503,0.59494804,0.71705196,5,100
bch_derived_64_32,rayleigh,chase,2.0,miscorrection_rate,0.00000000,0.00000000,0.00000000,0.00000000,5,100
bch_derived_64_32,rayleigh,chase,2.0,conditional_miscorrection_rate,0.00000000,0.00000000,0.00000000,0.00000000,5,100
bch_derived_64_32,rayleigh,chase,2.0,ambiguous_rate,0.00000000,0.00000000,0.00000000,0.00000000,5,100
bch_derived_64_32,rayleigh,chase,2.0,average_decoding_time_ms,0.93902820,0.17111694,0.72709965,1.15095675,5,100
bch_derived_64_32,rayleigh,chase,3.0,ber,0.56400000,0.04393177,0.50959045,0.61840955,5,100
bch_derived_64_32,rayleigh,chase,3.0,frame_error_rate,0.56400000,0.04393177,0.50959045,0.61840955,5,100
bch_derived_64_32,rayleigh,chase,3.0,failure_rate,0.56400000,0.04393177,0.50959045,0.61840955,5,100
bch_derived_64_32,rayleigh,chase,3.0,miscorrection_rate,0.00000000,0.00000000,0.00000000,0.00000000,5,100
bch_derived_64_32,rayleigh,chase,3.0,conditional_miscorrection_rate,0.00000000,0.00000000,0.00000000,0.00000000,5,100
bch_derived_64_32,rayleigh,chase,3.0,ambiguous_rate,0.00000000,0.00000000,0.00000000,0.00000000,5,100
bch_derived_64_32,rayleigh,chase,3.0,average_decoding_time_ms,0.97362520,0.18554966,0.74382171,1.20342869,5,100
bch_derived_64_32,rayleigh,chase,4.0,ber,0.48275000,0.05733945,0.41173502,0.55376498,5,100
bch_derived_64_32,rayleigh,chase,4.0,frame_error_rate,0.48400000,0.05770615,0.41253086,0.55546914,5,100
bch_derived_64_32,rayleigh,chase,4.0,failure_rate,0.48200000,0.05718391,0.41117765,0.55282235,5,100
bch_derived_64_32,rayleigh,chase,4.0,miscorrection_rate,0.00200000,0.00447214,0.00000000,0.00753875,5,100
bch_derived_64_32,rayleigh,chase,4.0,conditional_miscorrection_rate,0.00392157,0.00876889,0.00000000,0.01478186,5,100
bch_derived_64_32,rayleigh,chase,4.0,ambiguous_rate,0.00000000,0.00000000,0.00000000,0.00000000,5,100
bch_derived_64_32,rayleigh,chase,4.0,average_decoding_time_ms,1.02978040,0.19505914,0.78819940,1.27136140,5,100
bch_derived_64_32,rayleigh,chase,5.0,ber,0.40200000,0.06140033,0.32595562,0.47804438,5,100
bch_derived_64_32,rayleigh,chase,5.0,frame_error_rate,0.40200000,0.06140033,0.32595562,0.47804438,5,100
bch_derived_64_32,rayleigh,chase,5.0,failure_rate,0.40200000,0.06140033,0.32595562,0.47804438,5,100
bch_derived_64_32,rayleigh,chase,5.0,miscorrection_rate,0.00000000,0.00000000,0.00000000,0.00000000,5,100
bch_derived_64_32,rayleigh,chase,5.0,conditional_miscorrection_rate,0.00000000,0.00000000,0.00000000,0.00000000,5,100
bch_derived_64_32,rayleigh,chase,5.0,ambiguous_rate,0.00000000,0.00000000,0.00000000,0.00000000,5,100
bch_derived_64_32,rayleigh,chase,5.0,average_decoding_time_ms,1.04682920,0.21407597,0.78169583,1.31196257,5,100
bch_derived_64_32,rayleigh,chase,6.0,ber,0.32400000,0.05770615,0.25253086,0.39546914,5,100
bch_derived_64_32,rayleigh,chase,6.0,frame_error_rate,0.32400000,0.05770615,0.25253086,0.39546914,5,100
bch_derived_64_32,rayleigh,chase,6.0,failure_rate,0.32400000,0.05770615,0.25253086,0.39546914,5,100
bch_derived_64_32,rayleigh,chase,6.0,miscorrection_rate,0.00000000,0.00000000,0.00000000,0.00000000,5,100
bch_derived_64_32,rayleigh,chase,6.0,conditional_miscorrection_rate,0.00000000,0.00000000,0.00000000,0.00000000,5,100
bch_derived_64_32,rayleigh,chase,6.0,ambiguous_rate,0.00000000,0.00000000,0.00000000,0.00000000,5,100
bch_derived_64_32,rayleigh,chase,6.0,average_decoding_time_ms,1.05471680,0.21366781,0.79008894,1.31934466,5,100
bch_derived_64_32,sinusoidal,syndrome,0.0,ber,1.00000000,0.00000000,1.00000000,1.00000000,5,100
bch_derived_64_32,sinusoidal,syndrome,0.0,frame_error_rate,1.00000000,0.00000000,1.00000000,1.00000000,5,100
bch_derived_64_32,sinusoidal,syndrome,0.0,failure_rate,1.00000000,0.00000000,1.00000000,1.00000000,5,100
bch_derived_64_32,sinusoidal,syndrome,0.0,miscorrection_rate,0.00000000,0.00000000,0.00000000,0.00000000,5,100
bch_derived_64_32,sinusoidal,syndrome,0.0,ambiguous_rate,0.00000000,0.00000000,0.00000000,0.00000000,5,100
bch_derived_64_32,sinusoidal,syndrome,0.0,average_decoding_time_ms,0.16670420,0.00409127,0.16163715,0.17177125,5,100
bch_derived_64_32,sinusoidal,syndrome,1.0,ber,0.99600000,0.00547723,0.98921645,1.00278355,5,100
bch_derived_64_32,sinusoidal,syndrome,1.0,frame_error_rate,0.99600000,0.00547723,0.98921645,1.00278355,5,100
bch_derived_64_32,sinusoidal,syndrome,1.0,failure_rate,0.99600000,0.00547723,0.98921645,1.00278355,5,100
bch_derived_64_32,sinusoidal,syndrome,1.0,miscorrection_rate,0.00000000,0.00000000,0.00000000,0.00000000,5,100
bch_derived_64_32,sinusoidal,syndrome,1.0,conditional_miscorrection_rate,0.00000000,0.00000000,0.00000000,0.00000000,2,100
bch_derived_64_32,sinusoidal,syndrome,1.0,ambiguous_rate,0.00000000,0.00000000,0.00000000,0.00000000,5,100
bch_derived_64_32,sinusoidal,syndrome,1.0,average_decoding_time_ms,0.16616120,0.00811120,0.15611547,0.17620693,5,100
bch_derived_64_32,sinusoidal,syndrome,2.0,ber,0.97400000,0.00547723,0.96721645,0.98078355,5,100
bch_derived_64_32,sinusoidal,syndrome,2.0,frame_error_rate,0.97400000,0.00547723,0.96721645,0.98078355,5,100
bch_derived_64_32,sinusoidal,syndrome,2.0,failure_rate,0.97400000,0.00547723,0.96721645,0.98078355,5,100
bch_derived_64_32,sinusoidal,syndrome,2.0,miscorrection_rate,0.00000000,0.00000000,0.00000000,0.00000000,5,100
bch_derived_64_32,sinusoidal,syndrome,2.0,conditional_miscorrection_rate,0.00000000,0.00000000,0.00000000,0.00000000,5,100
bch_derived_64_32,sinusoidal,syndrome,2.0,ambiguous_rate,0.00000000,0.00000000,0.00000000,0.00000000,5,100
bch_derived_64_32,sinusoidal,syndrome,2.0,average_decoding_time_ms,0.16691240,0.00274235,0.16351600,0.17030880,5,100
bch_derived_64_32,sinusoidal,syndrome,3.0,ber,0.93000000,0.01581139,0.91041757,0.94958243,5,100
bch_derived_64_32,sinusoidal,syndrome,3.0,frame_error_rate,0.93000000,0.01581139,0.91041757,0.94958243,5,100
bch_derived_64_32,sinusoidal,syndrome,3.0,failure_rate,0.93000000,0.01581139,0.91041757,0.94958243,5,100
bch_derived_64_32,sinusoidal,syndrome,3.0,miscorrection_rate,0.00000000,0.00000000,0.00000000,0.00000000,5,100
bch_derived_64_32,sinusoidal,syndrome,3.0,conditional_miscorrection_rate,0.00000000,0.00000000,0.00000000,0.00000000,5,100
bch_derived_64_32,sinusoidal,syndrome,3.0,ambiguous_rate,0.00000000,0.00000000,0.00000000,0.00000000,5,100
bch_derived_64_32,sinusoidal,syndrome,3.0,average_decoding_time_ms,0.17117960,0.01753360,0.14946422,0.19289498,5,100
bch_derived_64_32,sinusoidal,syndrome,4.0,ber,0.83800000,0.02489980,0.80716157,0.86883843,5,100
bch_derived_64_32,sinusoidal,syndrome,4.0,frame_error_rate,0.83800000,0.02489980,0.80716157,0.86883843,5,100
bch_derived_64_32,sinusoidal,syndrome,4.0,failure_rate,0.83800000,0.02489980,0.80716157,0.86883843,5,100
bch_derived_64_32,sinusoidal,syndrome,4.0,miscorrection_rate,0.00000000,0.00000000,0.00000000,0.00000000,5,100
bch_derived_64_32,sinusoidal,syndrome,4.0,conditional_miscorrection_rate,0.00000000,0.00000000,0.00000000,0.00000000,5,100
bch_derived_64_32,sinusoidal,syndrome,4.0,ambiguous_rate,0.00000000,0.00000000,0.00000000,0.00000000,5,100
bch_derived_64_32,sinusoidal,syndrome,4.0,average_decoding_time_ms,0.16657760,0.00503472,0.16034209,0.17281311,5,100
bch_derived_64_32,sinusoidal,syndrome,5.0,ber,0.64200000,0.03492850,0.59874101,0.68525899,5,100
bch_derived_64_32,sinusoidal,syndrome,5.0,frame_error_rate,0.64200000,0.03492850,0.59874101,0.68525899,5,100
bch_derived_64_32,sinusoidal,syndrome,5.0,failure_rate,0.64200000,0.03492850,0.59874101,0.68525899,5,100
bch_derived_64_32,sinusoidal,syndrome,5.0,miscorrection_rate,0.00000000,0.00000000,0.00000000,0.00000000,5,100
bch_derived_64_32,sinusoidal,syndrome,5.0,conditional_miscorrection_rate,0.00000000,0.00000000,0.00000000,0.00000000,5,100
bch_derived_64_32,sinusoidal,syndrome,5.0,ambiguous_rate,0.00000000,0.00000000,0.00000000,0.00000000,5,100
bch_derived_64_32,sinusoidal,syndrome,5.0,average_decoding_time_ms,0.16637300,0.00863983,0.15567256,0.17707344,5,100
bch_derived_64_32,sinusoidal,syndrome,6.0,ber,0.45800000,0.03114482,0.41942710,0.49657290,5,100
bch_derived_64_32,sinusoidal,syndrome,6.0,frame_error_rate,0.45800000,0.03114482,0.41942710,0.49657290,5,100
bch_derived_64_32,sinusoidal,syndrome,6.0,failure_rate,0.45800000,0.03114482,0.41942710,0.49657290,5,100
bch_derived_64_32,sinusoidal,syndrome,6.0,miscorrection_rate,0.00000000,0.00000000,0.00000000,0.00000000,5,100
bch_derived_64_32,sinusoidal,syndrome,6.0,conditional_miscorrection_rate,0.00000000,0.00000000,0.00000000,0.00000000,5,100
bch_derived_64_32,sinusoidal,syndrome,6.0,ambiguous_rate,0.00000000,0.00000000,0.00000000,0.00000000,5,100
bch_derived_64_32,sinusoidal,syndrome,6.0,average_decoding_time_ms,0.16698020,0.00608726,0.15944112,0.17451928,5,100
bch_derived_64_32,sinusoidal,chase,0.0,ber,0.97400000,0.01140175,0.95987891,0.98812109,5,100
bch_derived_64_32,sinusoidal,chase,0.0,frame_error_rate,0.97400000,0.01140175,0.95987891,0.98812109,5,100
bch_derived_64_32,sinusoidal,chase,0.0,failure_rate,0.97400000,0.01140175,0.95987891,0.98812109,5,100
bch_derived_64_32,sinusoidal,chase,0.0,miscorrection_rate,0.00000000,0.00000000,0.00000000,0.00000000,5,100
bch_derived_64_32,sinusoidal,chase,0.0,conditional_miscorrection_rate,0.00000000,0.00000000,0.00000000,0.00000000,5,100
bch_derived_64_32,sinusoidal,chase,0.0,ambiguous_rate,0.00000000,0.00000000,0.00000000,0.00000000,5,100
bch_derived_64_32,sinusoidal,chase,0.0,average_decoding_time_ms,1.00968300,0.02977790,0.97280304,1.04656296,5,100
bch_derived_64_32,sinusoidal,chase,1.0,ber,0.93800000,0.01788854,0.91584502,0.96015498,5,100
bch_derived_64_32,sinusoidal,chase,1.0,frame_error_rate,0.93800000,0.01788854,0.91584502,0.96015498,5,100
bch_derived_64_32,sinusoidal,chase,1.0,failure_rate,0.93800000,0.01788854,0.91584502,0.96015498,5,100
bch_derived_64_32,sinusoidal,chase,1.0,miscorrection_rate,0.00000000,0.00000000,0.00000000,0.00000000,5,100
bch_derived_64_32,sinusoidal,chase,1.0,conditional_miscorrection_rate,0.00000000,0.00000000,0.00000000,0.00000000,5,100
bch_derived_64_32,sinusoidal,chase,1.0,ambiguous_rate,0.00000000,0.00000000,0.00000000,0.00000000,5,100
bch_derived_64_32,sinusoidal,chase,1.0,average_decoding_time_ms,1.01859200,0.03006295,0.98135899,1.05582501,5,100
bch_derived_64_32,sinusoidal,chase,2.0,ber,0.83800000,0.03114482,0.79942710,0.87657290,5,100
bch_derived_64_32,sinusoidal,chase,2.0,frame_error_rate,0.83800000,0.03114482,0.79942710,0.87657290,5,100
bch_derived_64_32,sinusoidal,chase,2.0,failure_rate,0.83800000,0.03114482,0.79942710,0.87657290,5,100
bch_derived_64_32,sinusoidal,chase,2.0,miscorrection_rate,0.00000000,0.00000000,0.00000000,0.00000000,5,100
bch_derived_64_32,sinusoidal,chase,2.0,conditional_miscorrection_rate,0.00000000,0.00000000,0.00000000,0.00000000,5,100
bch_derived_64_32,sinusoidal,chase,2.0,ambiguous_rate,0.00000000,0.00000000,0.00000000,0.00000000,5,100
bch_derived_64_32,sinusoidal,chase,2.0,average_decoding_time_ms,1.03654480,0.01879133,1.01327172,1.05981788,5,100
bch_derived_64_32,sinusoidal,chase,3.0,ber,0.61800000,0.02588436,0.58594219,0.65005781,5,100
bch_derived_64_32,sinusoidal,chase,3.0,frame_error_rate,0.61800000,0.02588436,0.58594219,0.65005781,5,100
bch_derived_64_32,sinusoidal,chase,3.0,failure_rate,0.61800000,0.02588436,0.58594219,0.65005781,5,100
bch_derived_64_32,sinusoidal,chase,3.0,miscorrection_rate,0.00000000,0.00000000,0.00000000,0.00000000,5,100
bch_derived_64_32,sinusoidal,chase,3.0,conditional_miscorrection_rate,0.00000000,0.00000000,0.00000000,0.00000000,5,100
bch_derived_64_32,sinusoidal,chase,3.0,ambiguous_rate,0.00000000,0.00000000,0.00000000,0.00000000,5,100
bch_derived_64_32,sinusoidal,chase,3.0,average_decoding_time_ms,1.06010780,0.02812025,1.02528083,1.09493477,5,100
bch_derived_64_32,sinusoidal,chase,4.0,ber,0.39600000,0.04037326,0.34599767,0.44600233,5,100
bch_derived_64_32,sinusoidal,chase,4.0,frame_error_rate,0.39600000,0.04037326,0.34599767,0.44600233,5,100
bch_derived_64_32,sinusoidal,chase,4.0,failure_rate,0.39600000,0.04037326,0.34599767,0.44600233,5,100
bch_derived_64_32,sinusoidal,chase,4.0,miscorrection_rate,0.00000000,0.00000000,0.00000000,0.00000000,5,100
bch_derived_64_32,sinusoidal,chase,4.0,conditional_miscorrection_rate,0.00000000,0.00000000,0.00000000,0.00000000,5,100
bch_derived_64_32,sinusoidal,chase,4.0,ambiguous_rate,0.00000000,0.00000000,0.00000000,0.00000000,5,100
bch_derived_64_32,sinusoidal,chase,4.0,average_decoding_time_ms,1.06722260,0.03241786,1.02707304,1.10737216,5,100
bch_derived_64_32,sinusoidal,chase,5.0,ber,0.18600000,0.03974921,0.13677055,0.23522945,5,100
bch_derived_64_32,sinusoidal,chase,5.0,frame_error_rate,0.18600000,0.03974921,0.13677055,0.23522945,5,100
bch_derived_64_32,sinusoidal,chase,5.0,failure_rate,0.18600000,0.03974921,0.13677055,0.23522945,5,100
bch_derived_64_32,sinusoidal,chase,5.0,miscorrection_rate,0.00000000,0.00000000,0.00000000,0.00000000,5,100
bch_derived_64_32,sinusoidal,chase,5.0,conditional_miscorrection_rate,0.00000000,0.00000000,0.00000000,0.00000000,5,100
bch_derived_64_32,sinusoidal,chase,5.0,ambiguous_rate,0.00000000,0.00000000,0.00000000,0.00000000,5,100
bch_derived_64_32,sinusoidal,chase,5.0,average_decoding_time_ms,1.13156380,0.02330510,1.10270041,1.16042719,5,100
bch_derived_64_32,sinusoidal,chase,6.0,ber,0.05800000,0.00836660,0.04763795,0.06836205,5,100
bch_derived_64_32,sinusoidal,chase,6.0,frame_error_rate,0.05800000,0.00836660,0.04763795,0.06836205,5,100
bch_derived_64_32,sinusoidal,chase,6.0,failure_rate,0.05800000,0.00836660,0.04763795,0.06836205,5,100
bch_derived_64_32,sinusoidal,chase,6.0,miscorrection_rate,0.00000000,0.00000000,0.00000000,0.00000000,5,100
bch_derived_64_32,sinusoidal,chase,6.0,conditional_miscorrection_rate,0.00000000,0.00000000,0.00000000,0.00000000,5,100
bch_derived_64_32,sinusoidal,chase,6.0,ambiguous_rate,0.00000000,0.00000000,0.00000000,0.00000000,5,100
bch_derived_64_32,sinusoidal,chase,6.0,average_decoding_time_ms,1.17758920,0.05308726,1.11184056,1.24333784,5,100
goppa_derived_64_32,rayleigh_awgn,syndrome,0.0,ber,1.00000000,0.00000000,1.00000000,1.00000000,5,100
goppa_derived_64_32,rayleigh_awgn,syndrome,0.0,frame_error_rate,1.00000000,0.00000000,1.00000000,1.00000000,5,100
goppa_derived_64_32,rayleigh_awgn,syndrome,0.0,failure_rate,1.00000000,0.00000000,1.00000000,1.00000000,5,100
goppa_derived_64_32,rayleigh_awgn,syndrome,0.0,miscorrection_rate,0.00000000,0.00000000,0.00000000,0.00000000,5,100
goppa_derived_64_32,rayleigh_awgn,syndrome,0.0,ambiguous_rate,0.00000000,0.00000000,0.00000000,0.00000000,5,100
goppa_derived_64_32,rayleigh_awgn,syndrome,0.0,average_decoding_time_ms,0.15734320,0.00764878,0.14787018,0.16681622,5,100
goppa_derived_64_32,rayleigh_awgn,syndrome,1.0,ber,1.00000000,0.00000000,1.00000000,1.00000000,5,100
goppa_derived_64_32,rayleigh_awgn,syndrome,1.0,frame_error_rate,1.00000000,0.00000000,1.00000000,1.00000000,5,100
goppa_derived_64_32,rayleigh_awgn,syndrome,1.0,failure_rate,1.00000000,0.00000000,1.00000000,1.00000000,5,100
goppa_derived_64_32,rayleigh_awgn,syndrome,1.0,miscorrection_rate,0.00000000,0.00000000,0.00000000,0.00000000,5,100
goppa_derived_64_32,rayleigh_awgn,syndrome,1.0,ambiguous_rate,0.00000000,0.00000000,0.00000000,0.00000000,5,100
goppa_derived_64_32,rayleigh_awgn,syndrome,1.0,average_decoding_time_ms,0.16543680,0.01003266,0.15301134,0.17786226,5,100
goppa_derived_64_32,rayleigh_awgn,syndrome,2.0,ber,0.99800000,0.00447214,0.99246125,1.00353875,5,100
goppa_derived_64_32,rayleigh_awgn,syndrome,2.0,frame_error_rate,0.99800000,0.00447214,0.99246125,1.00353875,5,100
goppa_derived_64_32,rayleigh_awgn,syndrome,2.0,failure_rate,0.99800000,0.00447214,0.99246125,1.00353875,5,100
goppa_derived_64_32,rayleigh_awgn,syndrome,2.0,miscorrection_rate,0.00000000,0.00000000,0.00000000,0.00000000,5,100
goppa_derived_64_32,rayleigh_awgn,syndrome,2.0,conditional_miscorrection_rate,0.00000000,0.00000000,0.00000000,0.00000000,1,100
goppa_derived_64_32,rayleigh_awgn,syndrome,2.0,ambiguous_rate,0.00000000,0.00000000,0.00000000,0.00000000,5,100
goppa_derived_64_32,rayleigh_awgn,syndrome,2.0,average_decoding_time_ms,0.16036220,0.00864948,0.14964981,0.17107459,5,100
goppa_derived_64_32,rayleigh_awgn,syndrome,3.0,ber,0.99200000,0.00836660,0.98163795,1.00236205,5,100
goppa_derived_64_32,rayleigh_awgn,syndrome,3.0,frame_error_rate,0.99200000,0.00836660,0.98163795,1.00236205,5,100
goppa_derived_64_32,rayleigh_awgn,syndrome,3.0,failure_rate,0.99200000,0.00836660,0.98163795,1.00236205,5,100
goppa_derived_64_32,rayleigh_awgn,syndrome,3.0,miscorrection_rate,0.00000000,0.00000000,0.00000000,0.00000000,5,100
goppa_derived_64_32,rayleigh_awgn,syndrome,3.0,conditional_miscorrection_rate,0.00000000,0.00000000,0.00000000,0.00000000,3,100
goppa_derived_64_32,rayleigh_awgn,syndrome,3.0,ambiguous_rate,0.00000000,0.00000000,0.00000000,0.00000000,5,100
goppa_derived_64_32,rayleigh_awgn,syndrome,3.0,average_decoding_time_ms,0.16240000,0.00700813,0.15372042,0.17107958,5,100
goppa_derived_64_32,rayleigh_awgn,syndrome,4.0,ber,0.97000000,0.01224745,0.95483152,0.98516848,5,100
goppa_derived_64_32,rayleigh_awgn,syndrome,4.0,frame_error_rate,0.97000000,0.01224745,0.95483152,0.98516848,5,100
goppa_derived_64_32,rayleigh_awgn,syndrome,4.0,failure_rate,0.97000000,0.01224745,0.95483152,0.98516848,5,100
goppa_derived_64_32,rayleigh_awgn,syndrome,4.0,miscorrection_rate,0.00000000,0.00000000,0.00000000,0.00000000,5,100
goppa_derived_64_32,rayleigh_awgn,syndrome,4.0,conditional_miscorrection_rate,0.00000000,0.00000000,0.00000000,0.00000000,5,100
goppa_derived_64_32,rayleigh_awgn,syndrome,4.0,ambiguous_rate,0.00000000,0.00000000,0.00000000,0.00000000,5,100
goppa_derived_64_32,rayleigh_awgn,syndrome,4.0,average_decoding_time_ms,0.15682580,0.00769593,0.14729439,0.16635721,5,100
goppa_derived_64_32,rayleigh_awgn,syndrome,5.0,ber,0.93800000,0.02167948,0.91114993,0.96485007,5,100
goppa_derived_64_32,rayleigh_awgn,syndrome,5.0,frame_error_rate,0.93800000,0.02167948,0.91114993,0.96485007,5,100
goppa_derived_64_32,rayleigh_awgn,syndrome,5.0,failure_rate,0.93800000,0.02167948,0.91114993,0.96485007,5,100
goppa_derived_64_32,rayleigh_awgn,syndrome,5.0,miscorrection_rate,0.00000000,0.00000000,0.00000000,0.00000000,5,100
goppa_derived_64_32,rayleigh_awgn,syndrome,5.0,conditional_miscorrection_rate,0.00000000,0.00000000,0.00000000,0.00000000,5,100
goppa_derived_64_32,rayleigh_awgn,syndrome,5.0,ambiguous_rate,0.00000000,0.00000000,0.00000000,0.00000000,5,100
goppa_derived_64_32,rayleigh_awgn,syndrome,5.0,average_decoding_time_ms,0.16385420,0.00248089,0.16078162,0.16692678,5,100
goppa_derived_64_32,rayleigh_awgn,syndrome,6.0,ber,0.86200000,0.02774887,0.82763298,0.89636702,5,100
goppa_derived_64_32,rayleigh_awgn,syndrome,6.0,frame_error_rate,0.86200000,0.02774887,0.82763298,0.89636702,5,100
goppa_derived_64_32,rayleigh_awgn,syndrome,6.0,failure_rate,0.86200000,0.02774887,0.82763298,0.89636702,5,100
goppa_derived_64_32,rayleigh_awgn,syndrome,6.0,miscorrection_rate,0.00000000,0.00000000,0.00000000,0.00000000,5,100
goppa_derived_64_32,rayleigh_awgn,syndrome,6.0,conditional_miscorrection_rate,0.00000000,0.00000000,0.00000000,0.00000000,5,100
goppa_derived_64_32,rayleigh_awgn,syndrome,6.0,ambiguous_rate,0.00000000,0.00000000,0.00000000,0.00000000,5,100
goppa_derived_64_32,rayleigh_awgn,syndrome,6.0,average_decoding_time_ms,0.16087020,0.00377158,0.15619909,0.16554131,5,100
goppa_derived_64_32,rayleigh_awgn,chase,0.0,ber,0.97437500,0.01305599,0.95820513,0.99054487,5,100
goppa_derived_64_32,rayleigh_awgn,chase,0.0,frame_error_rate,0.99200000,0.00447214,0.98646125,0.99753875,5,100
goppa_derived_64_32,rayleigh_awgn,chase,0.0,failure_rate,0.96800000,0.01643168,0.94764935,0.98835065,5,100
goppa_derived_64_32,rayleigh_awgn,chase,0.0,miscorrection_rate,0.02400000,0.01341641,0.00738376,0.04061624,5,100
goppa_derived_64_32,rayleigh_awgn,chase,0.0,conditional_miscorrection_rate,0.76000000,0.17818530,0.53931728,0.98068272,5,100
goppa_derived_64_32,rayleigh_awgn,chase,0.0,ambiguous_rate,0.00000000,0.00000000,0.00000000,0.00000000,5,100
goppa_derived_64_32,rayleigh_awgn,chase,0.0,average_decoding_time_ms,3.55243000,0.02973092,3.51560822,3.58925178,5,100
goppa_derived_64_32,rayleigh_awgn,chase,1.0,ber,0.94531250,0.02731204,0.91148651,0.97913849,5,100
goppa_derived_64_32,rayleigh_awgn,chase,1.0,frame_error_rate,0.98200000,0.00447214,0.97646125,0.98753875,5,100
goppa_derived_64_32,rayleigh_awgn,chase,1.0,failure_rate,0.93200000,0.03563706,0.88786346,0.97613654,5,100
goppa_derived_64_32,rayleigh_awgn,chase,1.0,miscorrection_rate,0.05000000,0.03240370,0.00986797,0.09013203,5,100
goppa_derived_64_32,rayleigh_awgn,chase,1.0,conditional_miscorrection_rate,0.68571429,0.12070278,0.53622374,0.83520484,5,100
goppa_derived_64_32,rayleigh_awgn,chase,1.0,ambiguous_rate,0.00000000,0.00000000,0.00000000,0.00000000,5,100
goppa_derived_64_32,rayleigh_awgn,chase,1.0,average_decoding_time_ms,3.57791680,0.05442802,3.51050763,3.64532597,5,100
goppa_derived_64_32,rayleigh_awgn,chase,2.0,ber,0.90512500,0.02310662,0.87650742,0.93374258,5,100
goppa_derived_64_32,rayleigh_awgn,chase,2.0,frame_error_rate,0.94200000,0.01483240,0.92363006,0.96036994,5,100
goppa_derived_64_32,rayleigh_awgn,chase,2.0,failure_rate,0.89400000,0.02701851,0.86053754,0.92746246,5,100
goppa_derived_64_32,rayleigh_awgn,chase,2.0,miscorrection_rate,0.04800000,0.02387467,0.01843119,0.07756881,5,100
goppa_derived_64_32,rayleigh_awgn,chase,2.0,conditional_miscorrection_rate,0.44343434,0.12118266,0.29334947,0.59351922,5,100
goppa_derived_64_32,rayleigh_awgn,chase,2.0,ambiguous_rate,0.00000000,0.00000000,0.00000000,0.00000000,5,100
goppa_derived_64_32,rayleigh_awgn,chase,2.0,average_decoding_time_ms,3.58625020,0.21386620,3.32137664,3.85112376,5,100
goppa_derived_64_32,rayleigh_awgn,chase,3.0,ber,0.81987500,0.02793390,0.78527883,0.85447117,5,100
goppa_derived_64_32,rayleigh_awgn,chase,3.0,frame_error_rate,0.85800000,0.02588436,0.82594219,0.89005781,5,100
goppa_derived_64_32,rayleigh_awgn,chase,3.0,failure_rate,0.81000000,0.03000000,0.77284496,0.84715504,5,100
goppa_derived_64_32,rayleigh_awgn,chase,3.0,miscorrection_rate,0.04800000,0.01923538,0.02417695,0.07182305,5,100
goppa_derived_64_32,rayleigh_awgn,chase,3.0,conditional_miscorrection_rate,0.25197539,0.08019881,0.15264907,0.35130172,5,100
goppa_derived_64_32,rayleigh_awgn,chase,3.0,ambiguous_rate,0.00000000,0.00000000,0.00000000,0.00000000,5,100
goppa_derived_64_32,rayleigh_awgn,chase,3.0,average_decoding_time_ms,3.58853100,0.11449279,3.44673153,3.73033047,5,100
goppa_derived_64_32,rayleigh_awgn,chase,4.0,ber,0.67487500,0.02028195,0.64975578,0.69999422,5,100
goppa_derived_64_32,rayleigh_awgn,chase,4.0,frame_error_rate,0.71000000,0.02915476,0.67389179,0.74610821,5,100
goppa_derived_64_32,rayleigh_awgn,chase,4.0,failure_rate,0.66600000,0.01949359,0.64185716,0.69014284,5,100
goppa_derived_64_32,rayleigh_awgn,chase,4.0,miscorrection_rate,0.04400000,0.01516575,0.02521720,0.06278280,5,100
goppa_derived_64_32,rayleigh_awgn,chase,4.0,conditional_miscorrection_rate,0.13287345,0.04647905,0.07530908,0.19043781,5,100
goppa_derived_64_32,rayleigh_awgn,chase,4.0,ambiguous_rate,0.00000000,0.00000000,0.00000000,0.00000000,5,100
goppa_derived_64_32,rayleigh_awgn,chase,4.0,average_decoding_time_ms,3.51423720,0.09516403,3.39637642,3.63209798,5,100
goppa_derived_64_32,rayleigh_awgn,chase,5.0,ber,0.47531250,0.04450685,0.42019071,0.53043429,5,100
goppa_derived_64_32,rayleigh_awgn,chase,5.0,frame_error_rate,0.51200000,0.04324350,0.45844287,0.56555713,5,100
goppa_derived_64_32,rayleigh_awgn,chase,5.0,failure_rate,0.46600000,0.04669047,0.40817379,0.52382621,5,100
goppa_derived_64_32,rayleigh_awgn,chase,5.0,miscorrection_rate,0.04600000,0.02408319,0.01617294,0.07582706,5,100
goppa_derived_64_32,rayleigh_awgn,chase,5.0,conditional_miscorrection_rate,0.08523429,0.04345330,0.03141732,0.13905125,5,100
goppa_derived_64_32,rayleigh_awgn,chase,5.0,ambiguous_rate,0.00000000,0.00000000,0.00000000,0.00000000,5,100
goppa_derived_64_32,rayleigh_awgn,chase,5.0,average_decoding_time_ms,3.66615380,0.05626308,3.59647190,3.73583570,5,100
goppa_derived_64_32,rayleigh_awgn,chase,6.0,ber,0.30562500,0.02102245,0.27958867,0.33166133,5,100
goppa_derived_64_32,rayleigh_awgn,chase,6.0,frame_error_rate,0.33200000,0.02774887,0.29763298,0.36636702,5,100
goppa_derived_64_32,rayleigh_awgn,chase,6.0,failure_rate,0.29800000,0.01923538,0.27417695,0.32182305,5,100
goppa_derived_64_32,rayleigh_awgn,chase,6.0,miscorrection_rate,0.03400000,0.01140175,0.01987891,0.04812109,5,100
goppa_derived_64_32,rayleigh_awgn,chase,6.0,conditional_miscorrection_rate,0.04868187,0.01718054,0.02740375,0.06995999,5,100
goppa_derived_64_32,rayleigh_awgn,chase,6.0,ambiguous_rate,0.00000000,0.00000000,0.00000000,0.00000000,5,100
goppa_derived_64_32,rayleigh_awgn,chase,6.0,average_decoding_time_ms,3.63180220,0.04333308,3.57813413,3.68547027,5,100
goppa_derived_64_32,rayleigh,syndrome,0.0,ber,0.90000000,0.02645751,0.86723234,0.93276766,5,100
goppa_derived_64_32,rayleigh,syndrome,0.0,frame_error_rate,0.90000000,0.02645751,0.86723234,0.93276766,5,100
goppa_derived_64_32,rayleigh,syndrome,0.0,failure_rate,0.90000000,0.02645751,0.86723234,0.93276766,5,100
goppa_derived_64_32,rayleigh,syndrome,0.0,miscorrection_rate,0.00000000,0.00000000,0.00000000,0.00000000,5,100
goppa_derived_64_32,rayleigh,syndrome,0.0,conditional_miscorrection_rate,0.00000000,0.00000000,0.00000000,0.00000000,5,100
goppa_derived_64_32,rayleigh,syndrome,0.0,ambiguous_rate,0.00000000,0.00000000,0.00000000,0.00000000,5,100
goppa_derived_64_32,rayleigh,syndrome,0.0,average_decoding_time_ms,0.14876620,0.03366416,0.10707310,0.19045930,5,100
goppa_derived_64_32,rayleigh,syndrome,1.0,ber,0.85600000,0.03974921,0.80677055,0.90522945,5,100
goppa_derived_64_32,rayleigh,syndrome,1.0,frame_error_rate,0.85600000,0.03974921,0.80677055,0.90522945,5,100
goppa_derived_64_32,rayleigh,syndrome,1.0,failure_rate,0.85600000,0.03974921,0.80677055,0.90522945,5,100
goppa_derived_64_32,rayleigh,syndrome,1.0,miscorrection_rate,0.00000000,0.00000000,0.00000000,0.00000000,5,100
goppa_derived_64_32,rayleigh,syndrome,1.0,conditional_miscorrection_rate,0.00000000,0.00000000,0.00000000,0.00000000,5,100
goppa_derived_64_32,rayleigh,syndrome,1.0,ambiguous_rate,0.00000000,0.00000000,0.00000000,0.00000000,5,100
goppa_derived_64_32,rayleigh,syndrome,1.0,average_decoding_time_ms,0.13988680,0.03327130,0.09868025,0.18109335,5,100
goppa_derived_64_32,rayleigh,syndrome,2.0,ber,0.79000000,0.04358899,0.73601498,0.84398502,5,100
goppa_derived_64_32,rayleigh,syndrome,2.0,frame_error_rate,0.79000000,0.04358899,0.73601498,0.84398502,5,100
goppa_derived_64_32,rayleigh,syndrome,2.0,failure_rate,0.79000000,0.04358899,0.73601498,0.84398502,5,100
goppa_derived_64_32,rayleigh,syndrome,2.0,miscorrection_rate,0.00000000,0.00000000,0.00000000,0.00000000,5,100
goppa_derived_64_32,rayleigh,syndrome,2.0,conditional_miscorrection_rate,0.00000000,0.00000000,0.00000000,0.00000000,5,100
goppa_derived_64_32,rayleigh,syndrome,2.0,ambiguous_rate,0.00000000,0.00000000,0.00000000,0.00000000,5,100
goppa_derived_64_32,rayleigh,syndrome,2.0,average_decoding_time_ms,0.14809440,0.03429712,0.10561737,0.19057143,5,100
goppa_derived_64_32,rayleigh,syndrome,3.0,ber,0.71600000,0.03435113,0.67345608,0.75854392,5,100
goppa_derived_64_32,rayleigh,syndrome,3.0,frame_error_rate,0.71600000,0.03435113,0.67345608,0.75854392,5,100
goppa_derived_64_32,rayleigh,syndrome,3.0,failure_rate,0.71600000,0.03435113,0.67345608,0.75854392,5,100
goppa_derived_64_32,rayleigh,syndrome,3.0,miscorrection_rate,0.00000000,0.00000000,0.00000000,0.00000000,5,100
goppa_derived_64_32,rayleigh,syndrome,3.0,conditional_miscorrection_rate,0.00000000,0.00000000,0.00000000,0.00000000,5,100
goppa_derived_64_32,rayleigh,syndrome,3.0,ambiguous_rate,0.00000000,0.00000000,0.00000000,0.00000000,5,100
goppa_derived_64_32,rayleigh,syndrome,3.0,average_decoding_time_ms,0.14476660,0.03306136,0.10382006,0.18571314,5,100
goppa_derived_64_32,rayleigh,syndrome,4.0,ber,0.62400000,0.04393177,0.56959045,0.67840955,5,100
goppa_derived_64_32,rayleigh,syndrome,4.0,frame_error_rate,0.62400000,0.04393177,0.56959045,0.67840955,5,100
goppa_derived_64_32,rayleigh,syndrome,4.0,failure_rate,0.62400000,0.04393177,0.56959045,0.67840955,5,100
goppa_derived_64_32,rayleigh,syndrome,4.0,miscorrection_rate,0.00000000,0.00000000,0.00000000,0.00000000,5,100
goppa_derived_64_32,rayleigh,syndrome,4.0,conditional_miscorrection_rate,0.00000000,0.00000000,0.00000000,0.00000000,5,100
goppa_derived_64_32,rayleigh,syndrome,4.0,ambiguous_rate,0.00000000,0.00000000,0.00000000,0.00000000,5,100
goppa_derived_64_32,rayleigh,syndrome,4.0,average_decoding_time_ms,0.14217080,0.03285180,0.10148380,0.18285780,5,100
goppa_derived_64_32,rayleigh,syndrome,5.0,ber,0.53800000,0.04494441,0.48233629,0.59366371,5,100
goppa_derived_64_32,rayleigh,syndrome,5.0,frame_error_rate,0.53800000,0.04494441,0.48233629,0.59366371,5,100
goppa_derived_64_32,rayleigh,syndrome,5.0,failure_rate,0.53800000,0.04494441,0.48233629,0.59366371,5,100
goppa_derived_64_32,rayleigh,syndrome,5.0,miscorrection_rate,0.00000000,0.00000000,0.00000000,0.00000000,5,100
goppa_derived_64_32,rayleigh,syndrome,5.0,conditional_miscorrection_rate,0.00000000,0.00000000,0.00000000,0.00000000,5,100
goppa_derived_64_32,rayleigh,syndrome,5.0,ambiguous_rate,0.00000000,0.00000000,0.00000000,0.00000000,5,100
goppa_derived_64_32,rayleigh,syndrome,5.0,average_decoding_time_ms,0.14712540,0.03659358,0.10180420,0.19244660,5,100
goppa_derived_64_32,rayleigh,syndrome,6.0,ber,0.45600000,0.05128353,0.39248529,0.51951471,5,100
goppa_derived_64_32,rayleigh,syndrome,6.0,frame_error_rate,0.45600000,0.05128353,0.39248529,0.51951471,5,100
goppa_derived_64_32,rayleigh,syndrome,6.0,failure_rate,0.45600000,0.05128353,0.39248529,0.51951471,5,100
goppa_derived_64_32,rayleigh,syndrome,6.0,miscorrection_rate,0.00000000,0.00000000,0.00000000,0.00000000,5,100
goppa_derived_64_32,rayleigh,syndrome,6.0,conditional_miscorrection_rate,0.00000000,0.00000000,0.00000000,0.00000000,5,100
goppa_derived_64_32,rayleigh,syndrome,6.0,ambiguous_rate,0.00000000,0.00000000,0.00000000,0.00000000,5,100
goppa_derived_64_32,rayleigh,syndrome,6.0,average_decoding_time_ms,0.14637300,0.03540589,0.10252276,0.19022324,5,100
goppa_derived_64_32,rayleigh,chase,0.0,ber,0.77787500,0.05554524,0.70908215,0.84666785,5,100
goppa_derived_64_32,rayleigh,chase,0.0,frame_error_rate,0.79600000,0.04929503,0.73494804,0.85705196,5,100
goppa_derived_64_32,rayleigh,chase,0.0,failure_rate,0.77200000,0.05674504,0.70172119,0.84227881,5,100
goppa_derived_64_32,rayleigh,chase,0.0,miscorrection_rate,0.02400000,0.01516575,0.00521720,0.04278280,5,100
goppa_derived_64_32,rayleigh,chase,0.0,conditional_miscorrection_rate,0.10222491,0.06130501,0.02629858,0.17815124,5,100
goppa_derived_64_32,rayleigh,chase,0.0,ambiguous_rate,0.00000000,0.00000000,0.00000000,0.00000000,5,100
goppa_derived_64_32,rayleigh,chase,0.0,average_decoding_time_ms,3.35399500,0.61087380,2.59742700,4.11056300,5,100
goppa_derived_64_32,rayleigh,chase,1.0,ber,0.67618750,0.03476020,0.63313695,0.71923805,5,100
goppa_derived_64_32,rayleigh,chase,1.0,frame_error_rate,0.69200000,0.02949576,0.65546946,0.72853054,5,100
goppa_derived_64_32,rayleigh,chase,1.0,failure_rate,0.67200000,0.03563706,0.62786346,0.71613654,5,100
goppa_derived_64_32,rayleigh,chase,1.0,miscorrection_rate,0.02000000,0.01224745,0.00483152,0.03516848,5,100
goppa_derived_64_32,rayleigh,chase,1.0,conditional_miscorrection_rate,0.05953784,0.03553530,0.01552732,0.10354836,5,100
goppa_derived_64_32,rayleigh,chase,1.0,ambiguous_rate,0.00000000,0.00000000,0.00000000,0.00000000,5,100
goppa_derived_64_32,rayleigh,chase,1.0,average_decoding_time_ms,3.32362740,0.60433943,2.57515223,4.07210257,5,100
goppa_derived_64_32,rayleigh,chase,2.0,ber,0.60037500,0.04648347,0.54280516,0.65794484,5,100
goppa_derived_64_32,rayleigh,chase,2.0,frame_error_rate,0.61600000,0.03847077,0.56835390,0.66364610,5,100
goppa_derived_64_32,rayleigh,chase,2.0,failure_rate,0.59600000,0.04722288,0.53751441,0.65448559,5,100
goppa_derived_64_32,rayleigh,chase,2.0,miscorrection_rate,0.02000000,0.01224745,0.00483152,0.03516848,5,100
goppa_derived_64_32,rayleigh,chase,2.0,conditional_miscorrection_rate,0.04775641,0.02853824,0.01241176,0.08310106,5,100
goppa_derived_64_32,rayleigh,chase,2.0,ambiguous_rate,0.00000000,0.00000000,0.00000000,0.00000000,5,100
goppa_derived_64_32,rayleigh,chase,2.0,average_decoding_time_ms,3.35350020,0.59236630,2.61985376,4.08714664,5,100
goppa_derived_64_32,rayleigh,chase,3.0,ber,0.50593750,0.05873961,0.43318842,0.57868658,5,100
goppa_derived_64_32,rayleigh,chase,3.0,frame_error_rate,0.52400000,0.05941380,0.45041593,0.59758407,5,100
goppa_derived_64_32,rayleigh,chase,3.0,failure_rate,0.50200000,0.05761944,0.43063825,0.57336175,5,100
goppa_derived_64_32,rayleigh,chase,3.0,miscorrection_rate,0.02200000,0.01643168,0.00164935,0.04235065,5,100
goppa_derived_64_32,rayleigh,chase,3.0,conditional_miscorrection_rate,0.04450860,0.03305319,0.00357218,0.08544502,5,100
goppa_derived_64_32,rayleigh,chase,3.0,ambiguous_rate,0.00000000,0.00000000,0.00000000,0.00000000,5,100
goppa_derived_64_32,rayleigh,chase,3.0,average_decoding_time_ms,3.40080200,0.62561249,2.62598011,4.17562389,5,100
goppa_derived_64_32,rayleigh,chase,4.0,ber,0.43793750,0.04447590,0.38285404,0.49302096,5,100
goppa_derived_64_32,rayleigh,chase,4.0,frame_error_rate,0.44800000,0.04324350,0.39444287,0.50155713,5,100
goppa_derived_64_32,rayleigh,chase,4.0,failure_rate,0.43600000,0.04560702,0.37951565,0.49248435,5,100
goppa_derived_64_32,rayleigh,chase,4.0,miscorrection_rate,0.01200000,0.02167948,0.00000000,0.03885007,5,100
goppa_derived_64_32,rayleigh,chase,4.0,conditional_miscorrection_rate,0.02045792,0.03673213,0.00000000,0.06595072,5,100
goppa_derived_64_32,rayleigh,chase,4.0,ambiguous_rate,0.00000000,0.00000000,0.00000000,0.00000000,5,100
goppa_derived_64_32,rayleigh,chase,4.0,average_decoding_time_ms,3.47496700,0.60917202,2.72050666,4.22942734,5,100
goppa_derived_64_32,rayleigh,chase,5.0,ber,0.35893750,0.05916146,0.28566596,0.43220904,5,100
goppa_derived_64_32,rayleigh,chase,5.0,frame_error_rate,0.36400000,0.06107373,0.28836011,0.43963989,5,100
goppa_derived_64_32,rayleigh,chase,5.0,failure_rate,0.35800000,0.05890671,0.28504397,0.43095603,5,100
goppa_derived_64_32,rayleigh,chase,5.0,miscorrection_rate,0.00600000,0.00894427,0.00000000,0.01707749,5,100
goppa_derived_64_32,rayleigh,chase,5.0,conditional_miscorrection_rate,0.00960651,0.01378604,0.00000000,0.02668055,5,100
goppa_derived_64_32,rayleigh,chase,5.0,ambiguous_rate,0.00000000,0.00000000,0.00000000,0.00000000,5,100
goppa_derived_64_32,rayleigh,chase,5.0,average_decoding_time_ms,3.57854040,0.56618977,2.87731363,4.27976717,5,100
goppa_derived_64_32,rayleigh,chase,6.0,ber,0.28962500,0.04364575,0.23556969,0.34368031,5,100
goppa_derived_64_32,rayleigh,chase,6.0,frame_error_rate,0.29600000,0.05029911,0.23370449,0.35829551,5,100
goppa_derived_64_32,rayleigh,chase,6.0,failure_rate,0.28800000,0.04207137,0.23589456,0.34010544,5,100
goppa_derived_64_32,rayleigh,chase,6.0,miscorrection_rate,0.00800000,0.01095445,0.00000000,0.02156710,5,100
goppa_derived_64_32,rayleigh,chase,6.0,conditional_miscorrection_rate,0.01180556,0.01621197,0.00000000,0.03188410,5,100
goppa_derived_64_32,rayleigh,chase,6.0,ambiguous_rate,0.00000000,0.00000000,0.00000000,0.00000000,5,100
goppa_derived_64_32,rayleigh,chase,6.0,average_decoding_time_ms,3.58511280,0.61399912,2.82467409,4.34555151,5,100
goppa_derived_64_32,sinusoidal,syndrome,0.0,ber,1.00000000,0.00000000,1.00000000,1.00000000,5,100
goppa_derived_64_32,sinusoidal,syndrome,0.0,frame_error_rate,1.00000000,0.00000000,1.00000000,1.00000000,5,100
goppa_derived_64_32,sinusoidal,syndrome,0.0,failure_rate,1.00000000,0.00000000,1.00000000,1.00000000,5,100
goppa_derived_64_32,sinusoidal,syndrome,0.0,miscorrection_rate,0.00000000,0.00000000,0.00000000,0.00000000,5,100
goppa_derived_64_32,sinusoidal,syndrome,0.0,ambiguous_rate,0.00000000,0.00000000,0.00000000,0.00000000,5,100
goppa_derived_64_32,sinusoidal,syndrome,0.0,average_decoding_time_ms,0.16330780,0.00884122,0.15235794,0.17425766,5,100
goppa_derived_64_32,sinusoidal,syndrome,1.0,ber,0.99800000,0.00447214,0.99246125,1.00353875,5,100
goppa_derived_64_32,sinusoidal,syndrome,1.0,frame_error_rate,0.99800000,0.00447214,0.99246125,1.00353875,5,100
goppa_derived_64_32,sinusoidal,syndrome,1.0,failure_rate,0.99800000,0.00447214,0.99246125,1.00353875,5,100
goppa_derived_64_32,sinusoidal,syndrome,1.0,miscorrection_rate,0.00000000,0.00000000,0.00000000,0.00000000,5,100
goppa_derived_64_32,sinusoidal,syndrome,1.0,conditional_miscorrection_rate,0.00000000,0.00000000,0.00000000,0.00000000,1,100
goppa_derived_64_32,sinusoidal,syndrome,1.0,ambiguous_rate,0.00000000,0.00000000,0.00000000,0.00000000,5,100
goppa_derived_64_32,sinusoidal,syndrome,1.0,average_decoding_time_ms,0.16305840,0.00543114,0.15633193,0.16978487,5,100
goppa_derived_64_32,sinusoidal,syndrome,2.0,ber,0.98200000,0.00447214,0.97646125,0.98753875,5,100
goppa_derived_64_32,sinusoidal,syndrome,2.0,frame_error_rate,0.98200000,0.00447214,0.97646125,0.98753875,5,100
goppa_derived_64_32,sinusoidal,syndrome,2.0,failure_rate,0.98200000,0.00447214,0.97646125,0.98753875,5,100
goppa_derived_64_32,sinusoidal,syndrome,2.0,miscorrection_rate,0.00000000,0.00000000,0.00000000,0.00000000,5,100
goppa_derived_64_32,sinusoidal,syndrome,2.0,conditional_miscorrection_rate,0.00000000,0.00000000,0.00000000,0.00000000,5,100
goppa_derived_64_32,sinusoidal,syndrome,2.0,ambiguous_rate,0.00000000,0.00000000,0.00000000,0.00000000,5,100
goppa_derived_64_32,sinusoidal,syndrome,2.0,average_decoding_time_ms,0.16485200,0.03356964,0.12327595,0.20642805,5,100
goppa_derived_64_32,sinusoidal,syndrome,3.0,ber,0.94000000,0.01870829,0.91682976,0.96317024,5,100
goppa_derived_64_32,sinusoidal,syndrome,3.0,frame_error_rate,0.94000000,0.01870829,0.91682976,0.96317024,5,100
goppa_derived_64_32,sinusoidal,syndrome,3.0,failure_rate,0.94000000,0.01870829,0.91682976,0.96317024,5,100
goppa_derived_64_32,sinusoidal,syndrome,3.0,miscorrection_rate,0.00000000,0.00000000,0.00000000,0.00000000,5,100
goppa_derived_64_32,sinusoidal,syndrome,3.0,conditional_miscorrection_rate,0.00000000,0.00000000,0.00000000,0.00000000,5,100
goppa_derived_64_32,sinusoidal,syndrome,3.0,ambiguous_rate,0.00000000,0.00000000,0.00000000,0.00000000,5,100
goppa_derived_64_32,sinusoidal,syndrome,3.0,average_decoding_time_ms,0.16309160,0.01105941,0.14939451,0.17678869,5,100
goppa_derived_64_32,sinusoidal,syndrome,4.0,ber,0.81800000,0.02949576,0.78146946,0.85453054,5,100
goppa_derived_64_32,sinusoidal,syndrome,4.0,frame_error_rate,0.81800000,0.02949576,0.78146946,0.85453054,5,100
goppa_derived_64_32,sinusoidal,syndrome,4.0,failure_rate,0.81800000,0.02949576,0.78146946,0.85453054,5,100
goppa_derived_64_32,sinusoidal,syndrome,4.0,miscorrection_rate,0.00000000,0.00000000,0.00000000,0.00000000,5,100
goppa_derived_64_32,sinusoidal,syndrome,4.0,conditional_miscorrection_rate,0.00000000,0.00000000,0.00000000,0.00000000,5,100
goppa_derived_64_32,sinusoidal,syndrome,4.0,ambiguous_rate,0.00000000,0.00000000,0.00000000,0.00000000,5,100
goppa_derived_64_32,sinusoidal,syndrome,4.0,average_decoding_time_ms,0.15979120,0.00572811,0.15269693,0.16688547,5,100
goppa_derived_64_32,sinusoidal,syndrome,5.0,ber,0.62400000,0.04335897,0.57029986,0.67770014,5,100
goppa_derived_64_32,sinusoidal,syndrome,5.0,frame_error_rate,0.62400000,0.04335897,0.57029986,0.67770014,5,100
goppa_derived_64_32,sinusoidal,syndrome,5.0,failure_rate,0.62400000,0.04335897,0.57029986,0.67770014,5,100
goppa_derived_64_32,sinusoidal,syndrome,5.0,miscorrection_rate,0.00000000,0.00000000,0.00000000,0.00000000,5,100
goppa_derived_64_32,sinusoidal,syndrome,5.0,conditional_miscorrection_rate,0.00000000,0.00000000,0.00000000,0.00000000,5,100
goppa_derived_64_32,sinusoidal,syndrome,5.0,ambiguous_rate,0.00000000,0.00000000,0.00000000,0.00000000,5,100
goppa_derived_64_32,sinusoidal,syndrome,5.0,average_decoding_time_ms,0.15959440,0.01741494,0.13802597,0.18116283,5,100
goppa_derived_64_32,sinusoidal,syndrome,6.0,ber,0.42200000,0.03033150,0.38443440,0.45956560,5,100
goppa_derived_64_32,sinusoidal,syndrome,6.0,frame_error_rate,0.42200000,0.03033150,0.38443440,0.45956560,5,100
goppa_derived_64_32,sinusoidal,syndrome,6.0,failure_rate,0.42200000,0.03033150,0.38443440,0.45956560,5,100
goppa_derived_64_32,sinusoidal,syndrome,6.0,miscorrection_rate,0.00000000,0.00000000,0.00000000,0.00000000,5,100
goppa_derived_64_32,sinusoidal,syndrome,6.0,conditional_miscorrection_rate,0.00000000,0.00000000,0.00000000,0.00000000,5,100
goppa_derived_64_32,sinusoidal,syndrome,6.0,ambiguous_rate,0.00000000,0.00000000,0.00000000,0.00000000,5,100
goppa_derived_64_32,sinusoidal,syndrome,6.0,average_decoding_time_ms,0.15742700,0.01749780,0.13575596,0.17909804,5,100
goppa_derived_64_32,sinusoidal,chase,0.0,ber,0.91837500,0.02514159,0.88723711,0.94951289,5,100
goppa_derived_64_32,sinusoidal,chase,0.0,frame_error_rate,0.96400000,0.00894427,0.95292251,0.97507749,5,100
goppa_derived_64_32,sinusoidal,chase,0.0,failure_rate,0.90400000,0.03361547,0.86236719,0.94563281,5,100
goppa_derived_64_32,sinusoidal,chase,0.0,miscorrection_rate,0.06000000,0.03535534,0.01621237,0.10378763,5,100
goppa_derived_64_32,sinusoidal,chase,0.0,conditional_miscorrection_rate,0.58333333,0.19195852,0.34559246,0.82107421,5,100
goppa_derived_64_32,sinusoidal,chase,0.0,ambiguous_rate,0.00000000,0.00000000,0.00000000,0.00000000,5,100
goppa_derived_64_32,sinusoidal,chase,0.0,average_decoding_time_ms,3.58067120,0.11903842,3.43324196,3.72810044,5,100
goppa_derived_64_32,sinusoidal,chase,1.0,ber,0.82437500,0.02521102,0.79315111,0.85559889,5,100
goppa_derived_64_32,sinusoidal,chase,1.0,frame_error_rate,0.88400000,0.02607681,0.85170384,0.91629616,5,100
goppa_derived_64_32,sinusoidal,chase,1.0,failure_rate,0.80800000,0.02683282,0.77476752,0.84123248,5,100
goppa_derived_64_32,sinusoidal,chase,1.0,miscorrection_rate,0.07600000,0.02607681,0.04370384,0.10829616,5,100
goppa_derived_64_32,sinusoidal,chase,1.0,conditional_miscorrection_rate,0.39419192,0.10515638,0.26395561,0.52442823,5,100
goppa_derived_64_32,sinusoidal,chase,1.0,ambiguous_rate,0.00000000,0.00000000,0.00000000,0.00000000,5,100
goppa_derived_64_32,sinusoidal,chase,1.0,average_decoding_time_ms,3.64576120,0.10608083,3.51437995,3.77714245,5,100
goppa_derived_64_32,sinusoidal,chase,2.0,ber,0.63831250,0.03463932,0.59541165,0.68121335,5,100
goppa_derived_64_32,sinusoidal,chase,2.0,frame_error_rate,0.70000000,0.03674235,0.65449456,0.74550544,5,100
goppa_derived_64_32,sinusoidal,chase,2.0,failure_rate,0.62200000,0.03701351,0.57615872,0.66784128,5,100
goppa_derived_64_32,sinusoidal,chase,2.0,miscorrection_rate,0.07800000,0.02863564,0.04253472,0.11346528,5,100
goppa_derived_64_32,sinusoidal,chase,2.0,conditional_miscorrection_rate,0.20570007,0.06880636,0.12048330,0.29091684,5,100
goppa_derived_64_32,sinusoidal,chase,2.0,ambiguous_rate,0.00000000,0.00000000,0.00000000,0.00000000,5,100
goppa_derived_64_32,sinusoidal,chase,2.0,average_decoding_time_ms,3.67973920,0.10833410,3.54556727,3.81391113,5,100
goppa_derived_64_32,sinusoidal,chase,3.0,ber,0.45212500,0.03583232,0.40774663,0.49650337,5,100
goppa_derived_64_32,sinusoidal,chase,3.0,frame_error_rate,0.47800000,0.04207137,0.42589456,0.53010544,5,100
goppa_derived_64_32,sinusoidal,chase,3.0,failure_rate,0.44600000,0.03435113,0.40345608,0.48854392,5,100
goppa_derived_64_32,sinusoidal,chase,3.0,miscorrection_rate,0.03200000,0.01483240,0.01363006,0.05036994,5,100
goppa_derived_64_32,sinusoidal,chase,3.0,conditional_miscorrection_rate,0.05844424,0.02827999,0.02341945,0.09346904,5,100
goppa_derived_64_32,sinusoidal,chase,3.0,ambiguous_rate,0.00000000,0.00000000,0.00000000,0.00000000,5,100
goppa_derived_64_32,sinusoidal,chase,3.0,average_decoding_time_ms,3.60013420,0.12299611,3.44780336,3.75246504,5,100
goppa_derived_64_32,sinusoidal,chase,4.0,ber,0.23300000,0.04637525,0.17556419,0.29043581,5,100
goppa_derived_64_32,sinusoidal,chase,4.0,frame_error_rate,0.24600000,0.04505552,0.19019868,0.30180132,5,100
goppa_derived_64_32,sinusoidal,chase,4.0,failure_rate,0.23000000,0.04636809,0.17257306,0.28742694,5,100
goppa_derived_64_32,sinusoidal,chase,4.0,miscorrection_rate,0.01600000,0.00894427,0.00492251,0.02707749,5,100
goppa_derived_64_32,sinusoidal,chase,4.0,conditional_miscorrection_rate,0.02069758,0.01150282,0.00645133,0.03494384,5,100
goppa_derived_64_32,sinusoidal,chase,4.0,ambiguous_rate,0.00000000,0.00000000,0.00000000,0.00000000,5,100
goppa_derived_64_32,sinusoidal,chase,4.0,average_decoding_time_ms,3.68674540,0.10405542,3.55787263,3.81561817,5,100
goppa_derived_64_32,sinusoidal,chase,5.0,ber,0.09918750,0.02889197,0.06340475,0.13497025,5,100
goppa_derived_64_32,sinusoidal,chase,5.0,frame_error_rate,0.10400000,0.02966479,0.06726011,0.14073989,5,100
goppa_derived_64_32,sinusoidal,chase,5.0,failure_rate,0.09800000,0.02949576,0.06146946,0.13453054,5,100
goppa_derived_64_32,sinusoidal,chase,5.0,miscorrection_rate,0.00600000,0.00894427,0.00000000,0.01707749,5,100
goppa_derived_64_32,sinusoidal,chase,5.0,conditional_miscorrection_rate,0.00662666,0.00972274,0.00000000,0.01866828,5,100
goppa_derived_64_32,sinusoidal,chase,5.0,ambiguous_rate,0.00000000,0.00000000,0.00000000,0.00000000,5,100
goppa_derived_64_32,sinusoidal,chase,5.0,average_decoding_time_ms,3.76672920,0.10770712,3.63333380,3.90012460,5,100
goppa_derived_64_32,sinusoidal,chase,6.0,ber,0.03100000,0.02322445,0.00223649,0.05976351,5,100
goppa_derived_64_32,sinusoidal,chase,6.0,frame_error_rate,0.03400000,0.02302173,0.00548756,0.06251244,5,100
goppa_derived_64_32,sinusoidal,chase,6.0,failure_rate,0.03000000,0.02345208,0.00095457,0.05904543,5,100
goppa_derived_64_32,sinusoidal,chase,6.0,miscorrection_rate,0.00400000,0.00547723,0.00000000,0.01078355,5,100
goppa_derived_64_32,sinusoidal,chase,6.0,conditional_miscorrection_rate,0.00410267,0.00561794,0.00000000,0.01106050,5,100
goppa_derived_64_32,sinusoidal,chase,6.0,ambiguous_rate,0.00000000,0.00000000,0.00000000,0.00000000,5,100
goppa_derived_64_32,sinusoidal,chase,6.0,average_decoding_time_ms,3.87393080,0.04482089,3.81842006,3.92944154,5,100
reed_solomon_binary_64_32,rayleigh_awgn,syndrome,0.0,ber,1.00000000,0.00000000,1.00000000,1.00000000,5,100
reed_solomon_binary_64_32,rayleigh_awgn,syndrome,0.0,frame_error_rate,1.00000000,0.00000000,1.00000000,1.00000000,5,100
reed_solomon_binary_64_32,rayleigh_awgn,syndrome,0.0,failure_rate,1.00000000,0.00000000,1.00000000,1.00000000,5,100
reed_solomon_binary_64_32,rayleigh_awgn,syndrome,0.0,miscorrection_rate,0.00000000,0.00000000,0.00000000,0.00000000,5,100
reed_solomon_binary_64_32,rayleigh_awgn,syndrome,0.0,ambiguous_rate,0.00000000,0.00000000,0.00000000,0.00000000,5,100
reed_solomon_binary_64_32,rayleigh_awgn,syndrome,0.0,average_decoding_time_ms,0.37538820,0.01602954,0.35553559,0.39524081,5,100
reed_solomon_binary_64_32,rayleigh_awgn,syndrome,1.0,ber,1.00000000,0.00000000,1.00000000,1.00000000,5,100
reed_solomon_binary_64_32,rayleigh_awgn,syndrome,1.0,frame_error_rate,1.00000000,0.00000000,1.00000000,1.00000000,5,100
reed_solomon_binary_64_32,rayleigh_awgn,syndrome,1.0,failure_rate,1.00000000,0.00000000,1.00000000,1.00000000,5,100
reed_solomon_binary_64_32,rayleigh_awgn,syndrome,1.0,miscorrection_rate,0.00000000,0.00000000,0.00000000,0.00000000,5,100
reed_solomon_binary_64_32,rayleigh_awgn,syndrome,1.0,ambiguous_rate,0.00000000,0.00000000,0.00000000,0.00000000,5,100
reed_solomon_binary_64_32,rayleigh_awgn,syndrome,1.0,average_decoding_time_ms,0.37857900,0.01214848,0.36353309,0.39362491,5,100
reed_solomon_binary_64_32,rayleigh_awgn,syndrome,2.0,ber,1.00000000,0.00000000,1.00000000,1.00000000,5,100
reed_solomon_binary_64_32,rayleigh_awgn,syndrome,2.0,frame_error_rate,1.00000000,0.00000000,1.00000000,1.00000000,5,100
reed_solomon_binary_64_32,rayleigh_awgn,syndrome,2.0,failure_rate,1.00000000,0.00000000,1.00000000,1.00000000,5,100
reed_solomon_binary_64_32,rayleigh_awgn,syndrome,2.0,miscorrection_rate,0.00000000,0.00000000,0.00000000,0.00000000,5,100
reed_solomon_binary_64_32,rayleigh_awgn,syndrome,2.0,ambiguous_rate,0.00000000,0.00000000,0.00000000,0.00000000,5,100
reed_solomon_binary_64_32,rayleigh_awgn,syndrome,2.0,average_decoding_time_ms,0.37995720,0.02824403,0.34497694,0.41493746,5,100
reed_solomon_binary_64_32,rayleigh_awgn,syndrome,3.0,ber,1.00000000,0.00000000,1.00000000,1.00000000,5,100
reed_solomon_binary_64_32,rayleigh_awgn,syndrome,3.0,frame_error_rate,1.00000000,0.00000000,1.00000000,1.00000000,5,100
reed_solomon_binary_64_32,rayleigh_awgn,syndrome,3.0,failure_rate,1.00000000,0.00000000,1.00000000,1.00000000,5,100
reed_solomon_binary_64_32,rayleigh_awgn,syndrome,3.0,miscorrection_rate,0.00000000,0.00000000,0.00000000,0.00000000,5,100
reed_solomon_binary_64_32,rayleigh_awgn,syndrome,3.0,ambiguous_rate,0.00000000,0.00000000,0.00000000,0.00000000,5,100
reed_solomon_binary_64_32,rayleigh_awgn,syndrome,3.0,average_decoding_time_ms,0.38052220,0.01157846,0.36618226,0.39486214,5,100
reed_solomon_binary_64_32,rayleigh_awgn,syndrome,4.0,ber,0.99800000,0.00447214,0.99246125,1.00353875,5,100
reed_solomon_binary_64_32,rayleigh_awgn,syndrome,4.0,frame_error_rate,0.99800000,0.00447214,0.99246125,1.00353875,5,100
reed_solomon_binary_64_32,rayleigh_awgn,syndrome,4.0,failure_rate,0.99800000,0.00447214,0.99246125,1.00353875,5,100
reed_solomon_binary_64_32,rayleigh_awgn,syndrome,4.0,miscorrection_rate,0.00000000,0.00000000,0.00000000,0.00000000,5,100
reed_solomon_binary_64_32,rayleigh_awgn,syndrome,4.0,conditional_miscorrection_rate,0.00000000,0.00000000,0.00000000,0.00000000,1,100
reed_solomon_binary_64_32,rayleigh_awgn,syndrome,4.0,ambiguous_rate,0.00000000,0.00000000,0.00000000,0.00000000,5,100
reed_solomon_binary_64_32,rayleigh_awgn,syndrome,4.0,average_decoding_time_ms,0.39879940,0.03601327,0.35419692,0.44340188,5,100
reed_solomon_binary_64_32,rayleigh_awgn,syndrome,5.0,ber,0.99000000,0.01224745,0.97483152,1.00516848,5,100
reed_solomon_binary_64_32,rayleigh_awgn,syndrome,5.0,frame_error_rate,0.99000000,0.01224745,0.97483152,1.00516848,5,100
reed_solomon_binary_64_32,rayleigh_awgn,syndrome,5.0,failure_rate,0.99000000,0.01224745,0.97483152,1.00516848,5,100
reed_solomon_binary_64_32,rayleigh_awgn,syndrome,5.0,miscorrection_rate,0.00000000,0.00000000,0.00000000,0.00000000,5,100
reed_solomon_binary_64_32,rayleigh_awgn,syndrome,5.0,conditional_miscorrection_rate,0.00000000,0.00000000,0.00000000,0.00000000,3,100
reed_solomon_binary_64_32,rayleigh_awgn,syndrome,5.0,ambiguous_rate,0.00000000,0.00000000,0.00000000,0.00000000,5,100
reed_solomon_binary_64_32,rayleigh_awgn,syndrome,5.0,average_decoding_time_ms,0.37678000,0.01432794,0.35903483,0.39452517,5,100
reed_solomon_binary_64_32,rayleigh_awgn,syndrome,6.0,ber,0.96600000,0.01816590,0.94350151,0.98849849,5,100
reed_solomon_binary_64_32,rayleigh_awgn,syndrome,6.0,frame_error_rate,0.96600000,0.01816590,0.94350151,0.98849849,5,100
reed_solomon_binary_64_32,rayleigh_awgn,syndrome,6.0,failure_rate,0.96600000,0.01816590,0.94350151,0.98849849,5,100
reed_solomon_binary_64_32,rayleigh_awgn,syndrome,6.0,miscorrection_rate,0.00000000,0.00000000,0.00000000,0.00000000,5,100
reed_solomon_binary_64_32,rayleigh_awgn,syndrome,6.0,conditional_miscorrection_rate,0.00000000,0.00000000,0.00000000,0.00000000,5,100
reed_solomon_binary_64_32,rayleigh_awgn,syndrome,6.0,ambiguous_rate,0.00000000,0.00000000,0.00000000,0.00000000,5,100
reed_solomon_binary_64_32,rayleigh_awgn,syndrome,6.0,average_decoding_time_ms,0.38292500,0.01366601,0.36599963,0.39985037,5,100
reed_solomon_binary_64_32,rayleigh_awgn,chase,0.0,ber,1.00000000,0.00000000,1.00000000,1.00000000,5,100
reed_solomon_binary_64_32,rayleigh_awgn,chase,0.0,frame_error_rate,1.00000000,0.00000000,1.00000000,1.00000000,5,100
reed_solomon_binary_64_32,rayleigh_awgn,chase,0.0,failure_rate,1.00000000,0.00000000,1.00000000,1.00000000,5,100
reed_solomon_binary_64_32,rayleigh_awgn,chase,0.0,miscorrection_rate,0.00000000,0.00000000,0.00000000,0.00000000,5,100
reed_solomon_binary_64_32,rayleigh_awgn,chase,0.0,ambiguous_rate,0.00000000,0.00000000,0.00000000,0.00000000,5,100
reed_solomon_binary_64_32,rayleigh_awgn,chase,0.0,average_decoding_time_ms,3.76370060,0.08996918,3.65227365,3.87512755,5,100
reed_solomon_binary_64_32,rayleigh_awgn,chase,1.0,ber,0.99800000,0.00447214,0.99246125,1.00353875,5,100
reed_solomon_binary_64_32,rayleigh_awgn,chase,1.0,frame_error_rate,0.99800000,0.00447214,0.99246125,1.00353875,5,100
reed_solomon_binary_64_32,rayleigh_awgn,chase,1.0,failure_rate,0.99800000,0.00447214,0.99246125,1.00353875,5,100
reed_solomon_binary_64_32,rayleigh_awgn,chase,1.0,miscorrection_rate,0.00000000,0.00000000,0.00000000,0.00000000,5,100
reed_solomon_binary_64_32,rayleigh_awgn,chase,1.0,conditional_miscorrection_rate,0.00000000,0.00000000,0.00000000,0.00000000,1,100
reed_solomon_binary_64_32,rayleigh_awgn,chase,1.0,ambiguous_rate,0.00000000,0.00000000,0.00000000,0.00000000,5,100
reed_solomon_binary_64_32,rayleigh_awgn,chase,1.0,average_decoding_time_ms,3.86027460,0.14476461,3.68098344,4.03956576,5,100
reed_solomon_binary_64_32,rayleigh_awgn,chase,2.0,ber,0.99400000,0.00547723,0.98721645,1.00078355,5,100
reed_solomon_binary_64_32,rayleigh_awgn,chase,2.0,frame_error_rate,0.99400000,0.00547723,0.98721645,1.00078355,5,100
reed_solomon_binary_64_32,rayleigh_awgn,chase,2.0,failure_rate,0.99400000,0.00547723,0.98721645,1.00078355,5,100
reed_solomon_binary_64_32,rayleigh_awgn,chase,2.0,miscorrection_rate,0.00000000,0.00000000,0.00000000,0.00000000,5,100
reed_solomon_binary_64_32,rayleigh_awgn,chase,2.0,conditional_miscorrection_rate,0.00000000,0.00000000,0.00000000,0.00000000,3,100
reed_solomon_binary_64_32,rayleigh_awgn,chase,2.0,ambiguous_rate,0.00000000,0.00000000,0.00000000,0.00000000,5,100
reed_solomon_binary_64_32,rayleigh_awgn,chase,2.0,average_decoding_time_ms,3.91877700,0.29617658,3.55196191,4.28559209,5,100
reed_solomon_binary_64_32,rayleigh_awgn,chase,3.0,ber,0.96200000,0.01303840,0.94585192,0.97814808,5,100
reed_solomon_binary_64_32,rayleigh_awgn,chase,3.0,frame_error_rate,0.96200000,0.01303840,0.94585192,0.97814808,5,100
reed_solomon_binary_64_32,rayleigh_awgn,chase,3.0,failure_rate,0.96200000,0.01303840,0.94585192,0.97814808,5,100
reed_solomon_binary_64_32,rayleigh_awgn,chase,3.0,miscorrection_rate,0.00000000,0.00000000,0.00000000,0.00000000,5,100
reed_solomon_binary_64_32,rayleigh_awgn,chase,3.0,conditional_miscorrection_rate,0.00000000,0.00000000,0.00000000,0.00000000,5,100
reed_solomon_binary_64_32,rayleigh_awgn,chase,3.0,ambiguous_rate,0.00000000,0.00000000,0.00000000,0.00000000,5,100
reed_solomon_binary_64_32,rayleigh_awgn,chase,3.0,average_decoding_time_ms,4.07752720,0.59509935,3.34049587,4.81455853,5,100
reed_solomon_binary_64_32,rayleigh_awgn,chase,4.0,ber,0.88800000,0.04086563,0.83738786,0.93861214,5,100
reed_solomon_binary_64_32,rayleigh_awgn,chase,4.0,frame_error_rate,0.88800000,0.04086563,0.83738786,0.93861214,5,100
reed_solomon_binary_64_32,rayleigh_awgn,chase,4.0,failure_rate,0.88800000,0.04086563,0.83738786,0.93861214,5,100
reed_solomon_binary_64_32,rayleigh_awgn,chase,4.0,miscorrection_rate,0.00000000,0.00000000,0.00000000,0.00000000,5,100
reed_solomon_binary_64_32,rayleigh_awgn,chase,4.0,conditional_miscorrection_rate,0.00000000,0.00000000,0.00000000,0.00000000,5,100
reed_solomon_binary_64_32,rayleigh_awgn,chase,4.0,ambiguous_rate,0.00000000,0.00000000,0.00000000,0.00000000,5,100
reed_solomon_binary_64_32,rayleigh_awgn,chase,4.0,average_decoding_time_ms,3.85023220,0.28277227,3.50001837,4.20044603,5,100
reed_solomon_binary_64_32,rayleigh_awgn,chase,5.0,ber,0.77800000,0.04086563,0.72738786,0.82861214,5,100
reed_solomon_binary_64_32,rayleigh_awgn,chase,5.0,frame_error_rate,0.77800000,0.04086563,0.72738786,0.82861214,5,100
reed_solomon_binary_64_32,rayleigh_awgn,chase,5.0,failure_rate,0.77800000,0.04086563,0.72738786,0.82861214,5,100
reed_solomon_binary_64_32,rayleigh_awgn,chase,5.0,miscorrection_rate,0.00000000,0.00000000,0.00000000,0.00000000,5,100
reed_solomon_binary_64_32,rayleigh_awgn,chase,5.0,conditional_miscorrection_rate,0.00000000,0.00000000,0.00000000,0.00000000,5,100
reed_solomon_binary_64_32,rayleigh_awgn,chase,5.0,ambiguous_rate,0.00000000,0.00000000,0.00000000,0.00000000,5,100
reed_solomon_binary_64_32,rayleigh_awgn,chase,5.0,average_decoding_time_ms,3.79530940,0.02270804,3.76718547,3.82343333,5,100
reed_solomon_binary_64_32,rayleigh_awgn,chase,6.0,ber,0.57400000,0.01816590,0.55150151,0.59649849,5,100
reed_solomon_binary_64_32,rayleigh_awgn,chase,6.0,frame_error_rate,0.57400000,0.01816590,0.55150151,0.59649849,5,100
reed_solomon_binary_64_32,rayleigh_awgn,chase,6.0,failure_rate,0.57400000,0.01816590,0.55150151,0.59649849,5,100
reed_solomon_binary_64_32,rayleigh_awgn,chase,6.0,miscorrection_rate,0.00000000,0.00000000,0.00000000,0.00000000,5,100
reed_solomon_binary_64_32,rayleigh_awgn,chase,6.0,conditional_miscorrection_rate,0.00000000,0.00000000,0.00000000,0.00000000,5,100
reed_solomon_binary_64_32,rayleigh_awgn,chase,6.0,ambiguous_rate,0.00000000,0.00000000,0.00000000,0.00000000,5,100
reed_solomon_binary_64_32,rayleigh_awgn,chase,6.0,average_decoding_time_ms,4.05032880,0.33195848,3.63919779,4.46145981,5,100
reed_solomon_binary_64_32,rayleigh,syndrome,0.0,ber,0.94600000,0.02792848,0.91141054,0.98058946,5,100
reed_solomon_binary_64_32,rayleigh,syndrome,0.0,frame_error_rate,0.94600000,0.02792848,0.91141054,0.98058946,5,100
reed_solomon_binary_64_32,rayleigh,syndrome,0.0,failure_rate,0.94600000,0.02792848,0.91141054,0.98058946,5,100
reed_solomon_binary_64_32,rayleigh,syndrome,0.0,miscorrection_rate,0.00000000,0.00000000,0.00000000,0.00000000,5,100
reed_solomon_binary_64_32,rayleigh,syndrome,0.0,conditional_miscorrection_rate,0.00000000,0.00000000,0.00000000,0.00000000,5,100
reed_solomon_binary_64_32,rayleigh,syndrome,0.0,ambiguous_rate,0.00000000,0.00000000,0.00000000,0.00000000,5,100
reed_solomon_binary_64_32,rayleigh,syndrome,0.0,average_decoding_time_ms,0.34340380,0.08713137,0.23549149,0.45131611,5,100
reed_solomon_binary_64_32,rayleigh,syndrome,1.0,ber,0.90400000,0.03781534,0.85716565,0.95083435,5,100
reed_solomon_binary_64_32,rayleigh,syndrome,1.0,frame_error_rate,0.90400000,0.03781534,0.85716565,0.95083435,5,100
reed_solomon_binary_64_32,rayleigh,syndrome,1.0,failure_rate,0.90400000,0.03781534,0.85716565,0.95083435,5,100
reed_solomon_binary_64_32,rayleigh,syndrome,1.0,miscorrection_rate,0.00000000,0.00000000,0.00000000,0.00000000,5,100
reed_solomon_binary_64_32,rayleigh,syndrome,1.0,conditional_miscorrection_rate,0.00000000,0.00000000,0.00000000,0.00000000,5,100
reed_solomon_binary_64_32,rayleigh,syndrome,1.0,ambiguous_rate,0.00000000,0.00000000,0.00000000,0.00000000,5,100
reed_solomon_binary_64_32,rayleigh,syndrome,1.0,average_decoding_time_ms,0.34326300,0.08773725,0.23460030,0.45192570,5,100
reed_solomon_binary_64_32,rayleigh,syndrome,2.0,ber,0.85600000,0.03361547,0.81436719,0.89763281,5,100
reed_solomon_binary_64_32,rayleigh,syndrome,2.0,frame_error_rate,0.85600000,0.03361547,0.81436719,0.89763281,5,100
reed_solomon_binary_64_32,rayleigh,syndrome,2.0,failure_rate,0.85600000,0.03361547,0.81436719,0.89763281,5,100
reed_solomon_binary_64_32,rayleigh,syndrome,2.0,miscorrection_rate,0.00000000,0.00000000,0.00000000,0.00000000,5,100
reed_solomon_binary_64_32,rayleigh,syndrome,2.0,conditional_miscorrection_rate,0.00000000,0.00000000,0.00000000,0.00000000,5,100
reed_solomon_binary_64_32,rayleigh,syndrome,2.0,ambiguous_rate,0.00000000,0.00000000,0.00000000,0.00000000,5,100
reed_solomon_binary_64_32,rayleigh,syndrome,2.0,average_decoding_time_ms,0.34452140,0.09641017,0.22511728,0.46392552,5,100
reed_solomon_binary_64_32,rayleigh,syndrome,3.0,ber,0.77400000,0.04277850,0.72101877,0.82698123,5,100
reed_solomon_binary_64_32,rayleigh,syndrome,3.0,frame_error_rate,0.77400000,0.04277850,0.72101877,0.82698123,5,100
reed_solomon_binary_64_32,rayleigh,syndrome,3.0,failure_rate,0.77400000,0.04277850,0.72101877,0.82698123,5,100
reed_solomon_binary_64_32,rayleigh,syndrome,3.0,miscorrection_rate,0.00000000,0.00000000,0.00000000,0.00000000,5,100
reed_solomon_binary_64_32,rayleigh,syndrome,3.0,conditional_miscorrection_rate,0.00000000,0.00000000,0.00000000,0.00000000,5,100
reed_solomon_binary_64_32,rayleigh,syndrome,3.0,ambiguous_rate,0.00000000,0.00000000,0.00000000,0.00000000,5,100
reed_solomon_binary_64_32,rayleigh,syndrome,3.0,average_decoding_time_ms,0.34523120,0.09670174,0.22546596,0.46499644,5,100
reed_solomon_binary_64_32,rayleigh,syndrome,4.0,ber,0.69400000,0.05319774,0.62811452,0.75988548,5,100
reed_solomon_binary_64_32,rayleigh,syndrome,4.0,frame_error_rate,0.69400000,0.05319774,0.62811452,0.75988548,5,100
reed_solomon_binary_64_32,rayleigh,syndrome,4.0,failure_rate,0.69400000,0.05319774,0.62811452,0.75988548,5,100
reed_solomon_binary_64_32,rayleigh,syndrome,4.0,miscorrection_rate,0.00000000,0.00000000,0.00000000,0.00000000,5,100
reed_solomon_binary_64_32,rayleigh,syndrome,4.0,conditional_miscorrection_rate,0.00000000,0.00000000,0.00000000,0.00000000,5,100
reed_solomon_binary_64_32,rayleigh,syndrome,4.0,ambiguous_rate,0.00000000,0.00000000,0.00000000,0.00000000,5,100
reed_solomon_binary_64_32,rayleigh,syndrome,4.0,average_decoding_time_ms,0.34319220,0.09549960,0.22491583,0.46146857,5,100
reed_solomon_binary_64_32,rayleigh,syndrome,5.0,ber,0.62400000,0.05176872,0.55988438,0.68811562,5,100
reed_solomon_binary_64_32,rayleigh,syndrome,5.0,frame_error_rate,0.62400000,0.05176872,0.55988438,0.68811562,5,100
reed_solomon_binary_64_32,rayleigh,syndrome,5.0,failure_rate,0.62400000,0.05176872,0.55988438,0.68811562,5,100
reed_solomon_binary_64_32,rayleigh,syndrome,5.0,miscorrection_rate,0.00000000,0.00000000,0.00000000,0.00000000,5,100
reed_solomon_binary_64_32,rayleigh,syndrome,5.0,conditional_miscorrection_rate,0.00000000,0.00000000,0.00000000,0.00000000,5,100
reed_solomon_binary_64_32,rayleigh,syndrome,5.0,ambiguous_rate,0.00000000,0.00000000,0.00000000,0.00000000,5,100
reed_solomon_binary_64_32,rayleigh,syndrome,5.0,average_decoding_time_ms,0.34365480,0.09926125,0.22071961,0.46658999,5,100
reed_solomon_binary_64_32,rayleigh,syndrome,6.0,ber,0.53200000,0.05403702,0.46507507,0.59892493,5,100
reed_solomon_binary_64_32,rayleigh,syndrome,6.0,frame_error_rate,0.53200000,0.05403702,0.46507507,0.59892493,5,100
reed_solomon_binary_64_32,rayleigh,syndrome,6.0,failure_rate,0.53200000,0.05403702,0.46507507,0.59892493,5,100
reed_solomon_binary_64_32,rayleigh,syndrome,6.0,miscorrection_rate,0.00000000,0.00000000,0.00000000,0.00000000,5,100
reed_solomon_binary_64_32,rayleigh,syndrome,6.0,conditional_miscorrection_rate,0.00000000,0.00000000,0.00000000,0.00000000,5,100
reed_solomon_binary_64_32,rayleigh,syndrome,6.0,ambiguous_rate,0.00000000,0.00000000,0.00000000,0.00000000,5,100
reed_solomon_binary_64_32,rayleigh,syndrome,6.0,average_decoding_time_ms,0.33081000,0.08872173,0.22092802,0.44069198,5,100
reed_solomon_binary_64_32,rayleigh,chase,0.0,ber,0.84200000,0.03834058,0.79451514,0.88948486,5,100
reed_solomon_binary_64_32,rayleigh,chase,0.0,frame_error_rate,0.84200000,0.03834058,0.79451514,0.88948486,5,100
reed_solomon_binary_64_32,rayleigh,chase,0.0,failure_rate,0.84200000,0.03834058,0.79451514,0.88948486,5,100
reed_solomon_binary_64_32,rayleigh,chase,0.0,miscorrection_rate,0.00000000,0.00000000,0.00000000,0.00000000,5,100
reed_solomon_binary_64_32,rayleigh,chase,0.0,conditional_miscorrection_rate,0.00000000,0.00000000,0.00000000,0.00000000,5,100
reed_solomon_binary_64_32,rayleigh,chase,0.0,ambiguous_rate,0.00000000,0.00000000,0.00000000,0.00000000,5,100
reed_solomon_binary_64_32,rayleigh,chase,0.0,average_decoding_time_ms,3.55081180,0.58869849,2.82170795,4.27991565,5,100
reed_solomon_binary_64_32,rayleigh,chase,1.0,ber,0.75800000,0.04494441,0.70233629,0.81366371,5,100
reed_solomon_binary_64_32,rayleigh,chase,1.0,frame_error_rate,0.75800000,0.04494441,0.70233629,0.81366371,5,100
reed_solomon_binary_64_32,rayleigh,chase,1.0,failure_rate,0.75800000,0.04494441,0.70233629,0.81366371,5,100
reed_solomon_binary_64_32,rayleigh,chase,1.0,miscorrection_rate,0.00000000,0.00000000,0.00000000,0.00000000,5,100
reed_solomon_binary_64_32,rayleigh,chase,1.0,conditional_miscorrection_rate,0.00000000,0.00000000,0.00000000,0.00000000,5,100
reed_solomon_binary_64_32,rayleigh,chase,1.0,ambiguous_rate,0.00000000,0.00000000,0.00000000,0.00000000,5,100
reed_solomon_binary_64_32,rayleigh,chase,1.0,average_decoding_time_ms,3.58786560,0.50687295,2.96010279,4.21562841,5,100
reed_solomon_binary_64_32,rayleigh,chase,2.0,ber,0.67200000,0.05805170,0.60010289,0.74389711,5,100
reed_solomon_binary_64_32,rayleigh,chase,2.0,frame_error_rate,0.67200000,0.05805170,0.60010289,0.74389711,5,100
reed_solomon_binary_64_32,rayleigh,chase,2.0,failure_rate,0.67200000,0.05805170,0.60010289,0.74389711,5,100
reed_solomon_binary_64_32,rayleigh,chase,2.0,miscorrection_rate,0.00000000,0.00000000,0.00000000,0.00000000,5,100
reed_solomon_binary_64_32,rayleigh,chase,2.0,conditional_miscorrection_rate,0.00000000,0.00000000,0.00000000,0.00000000,5,100
reed_solomon_binary_64_32,rayleigh,chase,2.0,ambiguous_rate,0.00000000,0.00000000,0.00000000,0.00000000,5,100
reed_solomon_binary_64_32,rayleigh,chase,2.0,average_decoding_time_ms,3.53821060,0.62864957,2.75962729,4.31679391,5,100
reed_solomon_binary_64_32,rayleigh,chase,3.0,ber,0.59200000,0.04764452,0.53299220,0.65100780,5,100
reed_solomon_binary_64_32,rayleigh,chase,3.0,frame_error_rate,0.59200000,0.04764452,0.53299220,0.65100780,5,100
reed_solomon_binary_64_32,rayleigh,chase,3.0,failure_rate,0.59200000,0.04764452,0.53299220,0.65100780,5,100
reed_solomon_binary_64_32,rayleigh,chase,3.0,miscorrection_rate,0.00000000,0.00000000,0.00000000,0.00000000,5,100
reed_solomon_binary_64_32,rayleigh,chase,3.0,conditional_miscorrection_rate,0.00000000,0.00000000,0.00000000,0.00000000,5,100
reed_solomon_binary_64_32,rayleigh,chase,3.0,ambiguous_rate,0.00000000,0.00000000,0.00000000,0.00000000,5,100
reed_solomon_binary_64_32,rayleigh,chase,3.0,average_decoding_time_ms,3.54799980,0.64861499,2.74468929,4.35131031,5,100
reed_solomon_binary_64_32,rayleigh,chase,4.0,ber,0.52000000,0.04743416,0.46125272,0.57874728,5,100
reed_solomon_binary_64_32,rayleigh,chase,4.0,frame_error_rate,0.52000000,0.04743416,0.46125272,0.57874728,5,100
reed_solomon_binary_64_32,rayleigh,chase,4.0,failure_rate,0.52000000,0.04743416,0.46125272,0.57874728,5,100
reed_solomon_binary_64_32,rayleigh,chase,4.0,miscorrection_rate,0.00000000,0.00000000,0.00000000,0.00000000,5,100
reed_solomon_binary_64_32,rayleigh,chase,4.0,conditional_miscorrection_rate,0.00000000,0.00000000,0.00000000,0.00000000,5,100
reed_solomon_binary_64_32,rayleigh,chase,4.0,ambiguous_rate,0.00000000,0.00000000,0.00000000,0.00000000,5,100
reed_solomon_binary_64_32,rayleigh,chase,4.0,average_decoding_time_ms,3.59462720,0.64258618,2.79878337,4.39047103,5,100
reed_solomon_binary_64_32,rayleigh,chase,5.0,ber,0.42000000,0.05338539,0.35388212,0.48611788,5,100
reed_solomon_binary_64_32,rayleigh,chase,5.0,frame_error_rate,0.42000000,0.05338539,0.35388212,0.48611788,5,100
reed_solomon_binary_64_32,rayleigh,chase,5.0,failure_rate,0.42000000,0.05338539,0.35388212,0.48611788,5,100
reed_solomon_binary_64_32,rayleigh,chase,5.0,miscorrection_rate,0.00000000,0.00000000,0.00000000,0.00000000,5,100
reed_solomon_binary_64_32,rayleigh,chase,5.0,conditional_miscorrection_rate,0.00000000,0.00000000,0.00000000,0.00000000,5,100
reed_solomon_binary_64_32,rayleigh,chase,5.0,ambiguous_rate,0.00000000,0.00000000,0.00000000,0.00000000,5,100
reed_solomon_binary_64_32,rayleigh,chase,5.0,average_decoding_time_ms,3.58525240,0.63530742,2.79842333,4.37208147,5,100
reed_solomon_binary_64_32,rayleigh,chase,6.0,ber,0.32800000,0.06760178,0.24427511,0.41172489,5,100
reed_solomon_binary_64_32,rayleigh,chase,6.0,frame_error_rate,0.32800000,0.06760178,0.24427511,0.41172489,5,100
reed_solomon_binary_64_32,rayleigh,chase,6.0,failure_rate,0.32800000,0.06760178,0.24427511,0.41172489,5,100
reed_solomon_binary_64_32,rayleigh,chase,6.0,miscorrection_rate,0.00000000,0.00000000,0.00000000,0.00000000,5,100
reed_solomon_binary_64_32,rayleigh,chase,6.0,conditional_miscorrection_rate,0.00000000,0.00000000,0.00000000,0.00000000,5,100
reed_solomon_binary_64_32,rayleigh,chase,6.0,ambiguous_rate,0.00000000,0.00000000,0.00000000,0.00000000,5,100
reed_solomon_binary_64_32,rayleigh,chase,6.0,average_decoding_time_ms,3.62555160,0.71164380,2.74417983,4.50692337,5,100
reed_solomon_binary_64_32,sinusoidal,syndrome,0.0,ber,0.99800000,0.00447214,0.99246125,1.00353875,5,100
reed_solomon_binary_64_32,sinusoidal,syndrome,0.0,frame_error_rate,0.99800000,0.00447214,0.99246125,1.00353875,5,100
reed_solomon_binary_64_32,sinusoidal,syndrome,0.0,failure_rate,0.99800000,0.00447214,0.99246125,1.00353875,5,100
reed_solomon_binary_64_32,sinusoidal,syndrome,0.0,miscorrection_rate,0.00000000,0.00000000,0.00000000,0.00000000,5,100
reed_solomon_binary_64_32,sinusoidal,syndrome,0.0,conditional_miscorrection_rate,0.00000000,0.00000000,0.00000000,0.00000000,1,100
reed_solomon_binary_64_32,sinusoidal,syndrome,0.0,ambiguous_rate,0.00000000,0.00000000,0.00000000,0.00000000,5,100
reed_solomon_binary_64_32,sinusoidal,syndrome,0.0,average_decoding_time_ms,0.40528980,0.04227750,0.35292907,0.45765053,5,100
reed_solomon_binary_64_32,sinusoidal,syndrome,1.0,ber,0.99600000,0.00547723,0.98921645,1.00278355,5,100
reed_solomon_binary_64_32,sinusoidal,syndrome,1.0,frame_error_rate,0.99600000,0.00547723,0.98921645,1.00278355,5,100
reed_solomon_binary_64_32,sinusoidal,syndrome,1.0,failure_rate,0.99600000,0.00547723,0.98921645,1.00278355,5,100
reed_solomon_binary_64_32,sinusoidal,syndrome,1.0,miscorrection_rate,0.00000000,0.00000000,0.00000000,0.00000000,5,100
reed_solomon_binary_64_32,sinusoidal,syndrome,1.0,conditional_miscorrection_rate,0.00000000,0.00000000,0.00000000,0.00000000,2,100
reed_solomon_binary_64_32,sinusoidal,syndrome,1.0,ambiguous_rate,0.00000000,0.00000000,0.00000000,0.00000000,5,100
reed_solomon_binary_64_32,sinusoidal,syndrome,1.0,average_decoding_time_ms,0.38976500,0.00328184,0.38570044,0.39382956,5,100
reed_solomon_binary_64_32,sinusoidal,syndrome,2.0,ber,0.98400000,0.00547723,0.97721645,0.99078355,5,100
reed_solomon_binary_64_32,sinusoidal,syndrome,2.0,frame_error_rate,0.98400000,0.00547723,0.97721645,0.99078355,5,100
reed_solomon_binary_64_32,sinusoidal,syndrome,2.0,failure_rate,0.98400000,0.00547723,0.97721645,0.99078355,5,100
reed_solomon_binary_64_32,sinusoidal,syndrome,2.0,miscorrection_rate,0.00000000,0.00000000,0.00000000,0.00000000,5,100
reed_solomon_binary_64_32,sinusoidal,syndrome,2.0,conditional_miscorrection_rate,0.00000000,0.00000000,0.00000000,0.00000000,5,100
reed_solomon_binary_64_32,sinusoidal,syndrome,2.0,ambiguous_rate,0.00000000,0.00000000,0.00000000,0.00000000,5,100
reed_solomon_binary_64_32,sinusoidal,syndrome,2.0,average_decoding_time_ms,0.39293920,0.00712064,0.38412028,0.40175812,5,100
reed_solomon_binary_64_32,sinusoidal,syndrome,3.0,ber,0.98000000,0.01224745,0.96483152,0.99516848,5,100
reed_solomon_binary_64_32,sinusoidal,syndrome,3.0,frame_error_rate,0.98000000,0.01224745,0.96483152,0.99516848,5,100
reed_solomon_binary_64_32,sinusoidal,syndrome,3.0,failure_rate,0.98000000,0.01224745,0.96483152,0.99516848,5,100
reed_solomon_binary_64_32,sinusoidal,syndrome,3.0,miscorrection_rate,0.00000000,0.00000000,0.00000000,0.00000000,5,100
reed_solomon_binary_64_32,sinusoidal,syndrome,3.0,conditional_miscorrection_rate,0.00000000,0.00000000,0.00000000,0.00000000,5,100
reed_solomon_binary_64_32,sinusoidal,syndrome,3.0,ambiguous_rate,0.00000000,0.00000000,0.00000000,0.00000000,5,100
reed_solomon_binary_64_32,sinusoidal,syndrome,3.0,average_decoding_time_ms,0.38747280,0.01184629,0.37280115,0.40214445,5,100
reed_solomon_binary_64_32,sinusoidal,syndrome,4.0,ber,0.93200000,0.03420526,0.88963674,0.97436326,5,100
reed_solomon_binary_64_32,sinusoidal,syndrome,4.0,frame_error_rate,0.93200000,0.03420526,0.88963674,0.97436326,5,100
reed_solomon_binary_64_32,sinusoidal,syndrome,4.0,failure_rate,0.93200000,0.03420526,0.88963674,0.97436326,5,100
reed_solomon_binary_64_32,sinusoidal,syndrome,4.0,miscorrection_rate,0.00000000,0.00000000,0.00000000,0.00000000,5,100
reed_solomon_binary_64_32,sinusoidal,syndrome,4.0,conditional_miscorrection_rate,0.00000000,0.00000000,0.00000000,0.00000000,5,100
reed_solomon_binary_64_32,sinusoidal,syndrome,4.0,ambiguous_rate,0.00000000,0.00000000,0.00000000,0.00000000,5,100
reed_solomon_binary_64_32,sinusoidal,syndrome,4.0,average_decoding_time_ms,0.39714180,0.01415930,0.37960548,0.41467812,5,100
reed_solomon_binary_64_32,sinusoidal,syndrome,5.0,ber,0.82600000,0.03577709,0.78169003,0.87030997,5,100
reed_solomon_binary_64_32,sinusoidal,syndrome,5.0,frame_error_rate,0.82600000,0.03577709,0.78169003,0.87030997,5,100
reed_solomon_binary_64_32,sinusoidal,syndrome,5.0,failure_rate,0.82600000,0.03577709,0.78169003,0.87030997,5,100
reed_solomon_binary_64_32,sinusoidal,syndrome,5.0,miscorrection_rate,0.00000000,0.00000000,0.00000000,0.00000000,5,100
reed_solomon_binary_64_32,sinusoidal,syndrome,5.0,conditional_miscorrection_rate,0.00000000,0.00000000,0.00000000,0.00000000,5,100
reed_solomon_binary_64_32,sinusoidal,syndrome,5.0,ambiguous_rate,0.00000000,0.00000000,0.00000000,0.00000000,5,100
reed_solomon_binary_64_32,sinusoidal,syndrome,5.0,average_decoding_time_ms,0.39135640,0.02036344,0.36613625,0.41657655,5,100
reed_solomon_binary_64_32,sinusoidal,syndrome,6.0,ber,0.63400000,0.03646917,0.58883289,0.67916711,5,100
reed_solomon_binary_64_32,sinusoidal,syndrome,6.0,frame_error_rate,0.63400000,0.03646917,0.58883289,0.67916711,5,100
reed_solomon_binary_64_32,sinusoidal,syndrome,6.0,failure_rate,0.63400000,0.03646917,0.58883289,0.67916711,5,100
reed_solomon_binary_64_32,sinusoidal,syndrome,6.0,miscorrection_rate,0.00000000,0.00000000,0.00000000,0.00000000,5,100
reed_solomon_binary_64_32,sinusoidal,syndrome,6.0,conditional_miscorrection_rate,0.00000000,0.00000000,0.00000000,0.00000000,5,100
reed_solomon_binary_64_32,sinusoidal,syndrome,6.0,ambiguous_rate,0.00000000,0.00000000,0.00000000,0.00000000,5,100
reed_solomon_binary_64_32,sinusoidal,syndrome,6.0,average_decoding_time_ms,0.37730420,0.03917477,0.32878620,0.42582220,5,100
reed_solomon_binary_64_32,sinusoidal,chase,0.0,ber,0.98000000,0.00000000,0.98000000,0.98000000,5,100
reed_solomon_binary_64_32,sinusoidal,chase,0.0,frame_error_rate,0.98000000,0.00000000,0.98000000,0.98000000,5,100
reed_solomon_binary_64_32,sinusoidal,chase,0.0,failure_rate,0.98000000,0.00000000,0.98000000,0.98000000,5,100
reed_solomon_binary_64_32,sinusoidal,chase,0.0,miscorrection_rate,0.00000000,0.00000000,0.00000000,0.00000000,5,100
reed_solomon_binary_64_32,sinusoidal,chase,0.0,conditional_miscorrection_rate,0.00000000,0.00000000,0.00000000,0.00000000,5,100
reed_solomon_binary_64_32,sinusoidal,chase,0.0,ambiguous_rate,0.00000000,0.00000000,0.00000000,0.00000000,5,100
reed_solomon_binary_64_32,sinusoidal,chase,0.0,average_decoding_time_ms,3.86570560,0.11466464,3.72369330,4.00771790,5,100
reed_solomon_binary_64_32,sinusoidal,chase,1.0,ber,0.95400000,0.01516575,0.93521720,0.97278280,5,100
reed_solomon_binary_64_32,sinusoidal,chase,1.0,frame_error_rate,0.95400000,0.01516575,0.93521720,0.97278280,5,100
reed_solomon_binary_64_32,sinusoidal,chase,1.0,failure_rate,0.95400000,0.01516575,0.93521720,0.97278280,5,100
reed_solomon_binary_64_32,sinusoidal,chase,1.0,miscorrection_rate,0.00000000,0.00000000,0.00000000,0.00000000,5,100
reed_solomon_binary_64_32,sinusoidal,chase,1.0,conditional_miscorrection_rate,0.00000000,0.00000000,0.00000000,0.00000000,5,100
reed_solomon_binary_64_32,sinusoidal,chase,1.0,ambiguous_rate,0.00000000,0.00000000,0.00000000,0.00000000,5,100
reed_solomon_binary_64_32,sinusoidal,chase,1.0,average_decoding_time_ms,3.83188960,0.09080083,3.71943265,3.94434655,5,100
reed_solomon_binary_64_32,sinusoidal,chase,2.0,ber,0.88200000,0.03563706,0.83786346,0.92613654,5,100
reed_solomon_binary_64_32,sinusoidal,chase,2.0,frame_error_rate,0.88200000,0.03563706,0.83786346,0.92613654,5,100
reed_solomon_binary_64_32,sinusoidal,chase,2.0,failure_rate,0.88200000,0.03563706,0.83786346,0.92613654,5,100
reed_solomon_binary_64_32,sinusoidal,chase,2.0,miscorrection_rate,0.00000000,0.00000000,0.00000000,0.00000000,5,100
reed_solomon_binary_64_32,sinusoidal,chase,2.0,conditional_miscorrection_rate,0.00000000,0.00000000,0.00000000,0.00000000,5,100
reed_solomon_binary_64_32,sinusoidal,chase,2.0,ambiguous_rate,0.00000000,0.00000000,0.00000000,0.00000000,5,100
reed_solomon_binary_64_32,sinusoidal,chase,2.0,average_decoding_time_ms,3.86217040,0.06491638,3.78177137,3.94256943,5,100
reed_solomon_binary_64_32,sinusoidal,chase,3.0,ber,0.69400000,0.02073644,0.66831789,0.71968211,5,100
reed_solomon_binary_64_32,sinusoidal,chase,3.0,frame_error_rate,0.69400000,0.02073644,0.66831789,0.71968211,5,100
reed_solomon_binary_64_32,sinusoidal,chase,3.0,failure_rate,0.69400000,0.02073644,0.66831789,0.71968211,5,100
reed_solomon_binary_64_32,sinusoidal,chase,3.0,miscorrection_rate,0.00000000,0.00000000,0.00000000,0.00000000,5,100
reed_solomon_binary_64_32,sinusoidal,chase,3.0,conditional_miscorrection_rate,0.00000000,0.00000000,0.00000000,0.00000000,5,100
reed_solomon_binary_64_32,sinusoidal,chase,3.0,ambiguous_rate,0.00000000,0.00000000,0.00000000,0.00000000,5,100
reed_solomon_binary_64_32,sinusoidal,chase,3.0,average_decoding_time_ms,3.86527720,0.07907098,3.76734769,3.96320671,5,100
reed_solomon_binary_64_32,sinusoidal,chase,4.0,ber,0.45400000,0.00894427,0.44292251,0.46507749,5,100
reed_solomon_binary_64_32,sinusoidal,chase,4.0,frame_error_rate,0.45400000,0.00894427,0.44292251,0.46507749,5,100
reed_solomon_binary_64_32,sinusoidal,chase,4.0,failure_rate,0.45400000,0.00894427,0.44292251,0.46507749,5,100
reed_solomon_binary_64_32,sinusoidal,chase,4.0,miscorrection_rate,0.00000000,0.00000000,0.00000000,0.00000000,5,100
reed_solomon_binary_64_32,sinusoidal,chase,4.0,conditional_miscorrection_rate,0.00000000,0.00000000,0.00000000,0.00000000,5,100
reed_solomon_binary_64_32,sinusoidal,chase,4.0,ambiguous_rate,0.00000000,0.00000000,0.00000000,0.00000000,5,100
reed_solomon_binary_64_32,sinusoidal,chase,4.0,average_decoding_time_ms,3.89424880,0.04126094,3.84314707,3.94535053,5,100
reed_solomon_binary_64_32,sinusoidal,chase,5.0,ber,0.26200000,0.03346640,0.22055182,0.30344818,5,100
reed_solomon_binary_64_32,sinusoidal,chase,5.0,frame_error_rate,0.26200000,0.03346640,0.22055182,0.30344818,5,100
reed_solomon_binary_64_32,sinusoidal,chase,5.0,failure_rate,0.26200000,0.03346640,0.22055182,0.30344818,5,100
reed_solomon_binary_64_32,sinusoidal,chase,5.0,miscorrection_rate,0.00000000,0.00000000,0.00000000,0.00000000,5,100
reed_solomon_binary_64_32,sinusoidal,chase,5.0,conditional_miscorrection_rate,0.00000000,0.00000000,0.00000000,0.00000000,5,100
reed_solomon_binary_64_32,sinusoidal,chase,5.0,ambiguous_rate,0.00000000,0.00000000,0.00000000,0.00000000,5,100
reed_solomon_binary_64_32,sinusoidal,chase,5.0,average_decoding_time_ms,3.87528380,0.10195430,3.74901326,4.00155434,5,100
reed_solomon_binary_64_32,sinusoidal,chase,6.0,ber,0.11200000,0.01643168,0.09164935,0.13235065,5,100
reed_solomon_binary_64_32,sinusoidal,chase,6.0,frame_error_rate,0.11200000,0.01643168,0.09164935,0.13235065,5,100
reed_solomon_binary_64_32,sinusoidal,chase,6.0,failure_rate,0.11200000,0.01643168,0.09164935,0.13235065,5,100
reed_solomon_binary_64_32,sinusoidal,chase,6.0,miscorrection_rate,0.00000000,0.00000000,0.00000000,0.00000000,5,100
reed_solomon_binary_64_32,sinusoidal,chase,6.0,conditional_miscorrection_rate,0.00000000,0.00000000,0.00000000,0.00000000,5,100
reed_solomon_binary_64_32,sinusoidal,chase,6.0,ambiguous_rate,0.00000000,0.00000000,0.00000000,0.00000000,5,100
reed_solomon_binary_64_32,sinusoidal,chase,6.0,average_decoding_time_ms,3.98695400,0.11838737,3.84033108,4.13357692,5,100
ldpc_64_32,rayleigh_awgn,syndrome,0.0,ber,0.99800000,0.00447214,0.99246125,1.00353875,5,100
ldpc_64_32,rayleigh_awgn,syndrome,0.0,frame_error_rate,0.99800000,0.00447214,0.99246125,1.00353875,5,100
ldpc_64_32,rayleigh_awgn,syndrome,0.0,failure_rate,0.99800000,0.00447214,0.99246125,1.00353875,5,100
ldpc_64_32,rayleigh_awgn,syndrome,0.0,miscorrection_rate,0.00000000,0.00000000,0.00000000,0.00000000,5,100
ldpc_64_32,rayleigh_awgn,syndrome,0.0,conditional_miscorrection_rate,0.00000000,0.00000000,0.00000000,0.00000000,1,100
ldpc_64_32,rayleigh_awgn,syndrome,0.0,ambiguous_rate,0.00000000,0.00000000,0.00000000,0.00000000,5,100
ldpc_64_32,rayleigh_awgn,syndrome,0.0,average_decoding_time_ms,0.47895740,0.01005668,0.46650219,0.49141261,5,100
ldpc_64_32,rayleigh_awgn,syndrome,1.0,ber,0.99800000,0.00447214,0.99246125,1.00353875,5,100
ldpc_64_32,rayleigh_awgn,syndrome,1.0,frame_error_rate,0.99800000,0.00447214,0.99246125,1.00353875,5,100
ldpc_64_32,rayleigh_awgn,syndrome,1.0,failure_rate,0.99800000,0.00447214,0.99246125,1.00353875,5,100
ldpc_64_32,rayleigh_awgn,syndrome,1.0,miscorrection_rate,0.00000000,0.00000000,0.00000000,0.00000000,5,100
ldpc_64_32,rayleigh_awgn,syndrome,1.0,conditional_miscorrection_rate,0.00000000,0.00000000,0.00000000,0.00000000,1,100
ldpc_64_32,rayleigh_awgn,syndrome,1.0,ambiguous_rate,0.00000000,0.00000000,0.00000000,0.00000000,5,100
ldpc_64_32,rayleigh_awgn,syndrome,1.0,average_decoding_time_ms,0.48458140,0.03376435,0.44276421,0.52639859,5,100
ldpc_64_32,rayleigh_awgn,syndrome,2.0,ber,0.99600000,0.00894427,0.98492251,1.00707749,5,100
ldpc_64_32,rayleigh_awgn,syndrome,2.0,frame_error_rate,0.99600000,0.00894427,0.98492251,1.00707749,5,100
ldpc_64_32,rayleigh_awgn,syndrome,2.0,failure_rate,0.99600000,0.00894427,0.98492251,1.00707749,5,100
ldpc_64_32,rayleigh_awgn,syndrome,2.0,miscorrection_rate,0.00000000,0.00000000,0.00000000,0.00000000,5,100
ldpc_64_32,rayleigh_awgn,syndrome,2.0,conditional_miscorrection_rate,0.00000000,0.00000000,0.00000000,0.00000000,1,100
ldpc_64_32,rayleigh_awgn,syndrome,2.0,ambiguous_rate,0.00000000,0.00000000,0.00000000,0.00000000,5,100
ldpc_64_32,rayleigh_awgn,syndrome,2.0,average_decoding_time_ms,0.48420480,0.02677540,0.45104343,0.51736617,5,100
ldpc_64_32,rayleigh_awgn,syndrome,3.0,ber,0.99400000,0.00894427,0.98292251,1.00507749,5,100
ldpc_64_32,rayleigh_awgn,syndrome,3.0,frame_error_rate,0.99400000,0.00894427,0.98292251,1.00507749,5,100
ldpc_64_32,rayleigh_awgn,syndrome,3.0,failure_rate,0.99400000,0.00894427,0.98292251,1.00507749,5,100
ldpc_64_32,rayleigh_awgn,syndrome,3.0,miscorrection_rate,0.00000000,0.00000000,0.00000000,0.00000000,5,100
ldpc_64_32,rayleigh_awgn,syndrome,3.0,conditional_miscorrection_rate,0.00000000,0.00000000,0.00000000,0.00000000,2,100
ldpc_64_32,rayleigh_awgn,syndrome,3.0,ambiguous_rate,0.00000000,0.00000000,0.00000000,0.00000000,5,100
ldpc_64_32,rayleigh_awgn,syndrome,3.0,average_decoding_time_ms,0.49168980,0.02724634,0.45794517,0.52543443,5,100
ldpc_64_32,rayleigh_awgn,syndrome,4.0,ber,0.97400000,0.02190890,0.94686580,1.00113420,5,100
ldpc_64_32,rayleigh_awgn,syndrome,4.0,frame_error_rate,0.97400000,0.02190890,0.94686580,1.00113420,5,100
ldpc_64_32,rayleigh_awgn,syndrome,4.0,failure_rate,0.97400000,0.02190890,0.94686580,1.00113420,5,100
ldpc_64_32,rayleigh_awgn,syndrome,4.0,miscorrection_rate,0.00000000,0.00000000,0.00000000,0.00000000,5,100
ldpc_64_32,rayleigh_awgn,syndrome,4.0,conditional_miscorrection_rate,0.00000000,0.00000000,0.00000000,0.00000000,5,100
ldpc_64_32,rayleigh_awgn,syndrome,4.0,ambiguous_rate,0.00000000,0.00000000,0.00000000,0.00000000,5,100
ldpc_64_32,rayleigh_awgn,syndrome,4.0,average_decoding_time_ms,0.45642740,0.05519265,0.38807123,0.52478357,5,100
ldpc_64_32,rayleigh_awgn,syndrome,5.0,ber,0.93400000,0.01673320,0.91327591,0.95472409,5,100
ldpc_64_32,rayleigh_awgn,syndrome,5.0,frame_error_rate,0.93400000,0.01673320,0.91327591,0.95472409,5,100
ldpc_64_32,rayleigh_awgn,syndrome,5.0,failure_rate,0.93400000,0.01673320,0.91327591,0.95472409,5,100
ldpc_64_32,rayleigh_awgn,syndrome,5.0,miscorrection_rate,0.00000000,0.00000000,0.00000000,0.00000000,5,100
ldpc_64_32,rayleigh_awgn,syndrome,5.0,conditional_miscorrection_rate,0.00000000,0.00000000,0.00000000,0.00000000,5,100
ldpc_64_32,rayleigh_awgn,syndrome,5.0,ambiguous_rate,0.00000000,0.00000000,0.00000000,0.00000000,5,100
ldpc_64_32,rayleigh_awgn,syndrome,5.0,average_decoding_time_ms,0.48772440,0.02130333,0.46134020,0.51410860,5,100
ldpc_64_32,rayleigh_awgn,syndrome,6.0,ber,0.86600000,0.02073644,0.84031789,0.89168211,5,100
ldpc_64_32,rayleigh_awgn,syndrome,6.0,frame_error_rate,0.86600000,0.02073644,0.84031789,0.89168211,5,100
ldpc_64_32,rayleigh_awgn,syndrome,6.0,failure_rate,0.86600000,0.02073644,0.84031789,0.89168211,5,100
ldpc_64_32,rayleigh_awgn,syndrome,6.0,miscorrection_rate,0.00000000,0.00000000,0.00000000,0.00000000,5,100
ldpc_64_32,rayleigh_awgn,syndrome,6.0,conditional_miscorrection_rate,0.00000000,0.00000000,0.00000000,0.00000000,5,100
ldpc_64_32,rayleigh_awgn,syndrome,6.0,ambiguous_rate,0.00000000,0.00000000,0.00000000,0.00000000,5,100
ldpc_64_32,rayleigh_awgn,syndrome,6.0,average_decoding_time_ms,0.44756000,0.06226339,0.37044671,0.52467329,5,100
ldpc_64_32,rayleigh_awgn,chase,0.0,ber,0.99062500,0.00929129,0.97911772,1.00213228,5,100
ldpc_64_32,rayleigh_awgn,chase,0.0,frame_error_rate,0.99200000,0.00836660,0.98163795,1.00236205,5,100
ldpc_64_32,rayleigh_awgn,chase,0.0,failure_rate,0.99000000,0.01000000,0.97761499,1.00238501,5,100
ldpc_64_32,rayleigh_awgn,chase,0.0,miscorrection_rate,0.00200000,0.00447214,0.00000000,0.00753875,5,100
ldpc_64_32,rayleigh_awgn,chase,0.0,conditional_miscorrection_rate,0.16666667,0.28867513,0.00000000,0.88378333,3,100
ldpc_64_32,rayleigh_awgn,chase,0.0,ambiguous_rate,0.00000000,0.00000000,0.00000000,0.00000000,5,100
ldpc_64_32,rayleigh_awgn,chase,0.0,average_decoding_time_ms,4.03751980,0.28872850,3.67992918,4.39511042,5,100
ldpc_64_32,rayleigh_awgn,chase,1.0,ber,0.97762500,0.01009138,0.96512681,0.99012319,5,100
ldpc_64_32,rayleigh_awgn,chase,1.0,frame_error_rate,0.98200000,0.00836660,0.97163795,0.99236205,5,100
ldpc_64_32,rayleigh_awgn,chase,1.0,failure_rate,0.97600000,0.01140175,0.96187891,0.99012109,5,100
ldpc_64_32,rayleigh_awgn,chase,1.0,miscorrection_rate,0.00600000,0.00547723,0.00000000,0.01278355,5,100
ldpc_64_32,rayleigh_awgn,chase,1.0,conditional_miscorrection_rate,0.21666667,0.21730675,0.00000000,0.48580136,5,100
ldpc_64_32,rayleigh_awgn,chase,1.0,ambiguous_rate,0.00000000,0.00000000,0.00000000,0.00000000,5,100
ldpc_64_32,rayleigh_awgn,chase,1.0,average_decoding_time_ms,3.98030640,0.22672219,3.69951067,4.26110213,5,100
ldpc_64_32,rayleigh_awgn,chase,2.0,ber,0.95637500,0.01531186,0.93741124,0.97533876,5,100
ldpc_64_32,rayleigh_awgn,chase,2.0,frame_error_rate,0.95800000,0.01643168,0.93764935,0.97835065,5,100
ldpc_64_32,rayleigh_awgn,chase,2.0,failure_rate,0.95600000,0.01516575,0.93721720,0.97478280,5,100
ldpc_64_32,rayleigh_awgn,chase,2.0,miscorrection_rate,0.00200000,0.00447214,0.00000000,0.00753875,5,100
ldpc_64_32,rayleigh_awgn,chase,2.0,conditional_miscorrection_rate,0.05000000,0.11180340,0.00000000,0.18846866,5,100
ldpc_64_32,rayleigh_awgn,chase,2.0,ambiguous_rate,0.00000000,0.00000000,0.00000000,0.00000000,5,100
ldpc_64_32,rayleigh_awgn,chase,2.0,average_decoding_time_ms,3.88131260,0.08133098,3.78058408,3.98204112,5,100
ldpc_64_32,rayleigh_awgn,chase,3.0,ber,0.87668750,0.02243654,0.84889981,0.90447519,5,100
ldpc_64_32,rayleigh_awgn,chase,3.0,frame_error_rate,0.88000000,0.02549510,0.84842429,0.91157571,5,100
ldpc_64_32,rayleigh_awgn,chase,3.0,failure_rate,0.87600000,0.02190890,0.84886580,0.90313420,5,100
ldpc_64_32,rayleigh_awgn,chase,3.0,miscorrection_rate,0.00400000,0.00547723,0.00000000,0.01078355,5,100
ldpc_64_32,rayleigh_awgn,chase,3.0,conditional_miscorrection_rate,0.03666667,0.05055250,0.00000000,0.09927601,5,100
ldpc_64_32,rayleigh_awgn,chase,3.0,ambiguous_rate,0.00000000,0.00000000,0.00000000,0.00000000,5,100
ldpc_64_32,rayleigh_awgn,chase,3.0,average_decoding_time_ms,3.91470080,0.03408014,3.87249250,3.95690910,5,100
ldpc_64_32,rayleigh_awgn,chase,4.0,ber,0.74431250,0.02975190,0.70746473,0.78116027,5,100
ldpc_64_32,rayleigh_awgn,chase,4.0,frame_error_rate,0.74600000,0.03049590,0.70823079,0.78376921,5,100
ldpc_64_32,rayleigh_awgn,chase,4.0,failure_rate,0.74400000,0.02966479,0.70726011,0.78073989,5,100
ldpc_64_32,rayleigh_awgn,chase,4.0,miscorrection_rate,0.00200000,0.00447214,0.00000000,0.00753875,5,100
ldpc_64_32,rayleigh_awgn,chase,4.0,conditional_miscorrection_rate,0.00800000,0.01788854,0.00000000,0.03015498,5,100
ldpc_64_32,rayleigh_awgn,chase,4.0,ambiguous_rate,0.00000000,0.00000000,0.00000000,0.00000000,5,100
ldpc_64_32,rayleigh_awgn,chase,4.0,average_decoding_time_ms,3.92856020,0.09230629,3.81423874,4.04288166,5,100
ldpc_64_32,rayleigh_awgn,chase,5.0,ber,0.54887500,0.06640960,0.46662663,0.63112337,5,100
ldpc_64_32,rayleigh_awgn,chase,5.0,frame_error_rate,0.55200000,0.06685806,0.46919621,0.63480379,5,100
ldpc_64_32,rayleigh_awgn,chase,5.0,failure_rate,0.54800000,0.06610598,0.46612766,0.62987234,5,100
ldpc_64_32,rayleigh_awgn,chase,5.0,miscorrection_rate,0.00400000,0.00547723,0.00000000,0.01078355,5,100
ldpc_64_32,rayleigh_awgn,chase,5.0,conditional_miscorrection_rate,0.00925156,0.01296462,0.00000000,0.02530826,5,100
ldpc_64_32,rayleigh_awgn,chase,5.0,ambiguous_rate,0.00000000,0.00000000,0.00000000,0.00000000,5,100
ldpc_64_32,rayleigh_awgn,chase,5.0,average_decoding_time_ms,3.92643340,0.07244280,3.83671289,4.01615391,5,100
ldpc_64_32,rayleigh_awgn,chase,6.0,ber,0.32837500,0.05937763,0.25483573,0.40191427,5,100
ldpc_64_32,rayleigh_awgn,chase,6.0,frame_error_rate,0.33000000,0.05787918,0.25831655,0.40168345,5,100
ldpc_64_32,rayleigh_awgn,chase,6.0,failure_rate,0.32800000,0.05974948,0.25400019,0.40199981,5,100
ldpc_64_32,rayleigh_awgn,chase,6.0,miscorrection_rate,0.00200000,0.00447214,0.00000000,0.00753875,5,100
ldpc_64_32,rayleigh_awgn,chase,6.0,conditional_miscorrection_rate,0.00277778,0.00621130,0.00000000,0.01047048,5,100
ldpc_64_32,rayleigh_awgn,chase,6.0,ambiguous_rate,0.00000000,0.00000000,0.00000000,0.00000000,5,100
ldpc_64_32,rayleigh_awgn,chase,6.0,average_decoding_time_ms,3.97638940,0.01923159,3.95257105,4.00020775,5,100
ldpc_64_32,rayleigh,syndrome,0.0,ber,0.90200000,0.02489980,0.87116157,0.93283843,5,100
ldpc_64_32,rayleigh,syndrome,0.0,frame_error_rate,0.90200000,0.02489980,0.87116157,0.93283843,5,100
ldpc_64_32,rayleigh,syndrome,0.0,failure_rate,0.90200000,0.02489980,0.87116157,0.93283843,5,100
ldpc_64_32,rayleigh,syndrome,0.0,miscorrection_rate,0.00000000,0.00000000,0.00000000,0.00000000,5,100
ldpc_64_32,rayleigh,syndrome,0.0,conditional_miscorrection_rate,0.00000000,0.00000000,0.00000000,0.00000000,5,100
ldpc_64_32,rayleigh,syndrome,0.0,ambiguous_rate,0.00000000,0.00000000,0.00000000,0.00000000,5,100
ldpc_64_32,rayleigh,syndrome,0.0,average_decoding_time_ms,0.43019440,0.12576493,0.27443437,0.58595443,5,100
ldpc_64_32,rayleigh,syndrome,1.0,ber,0.85800000,0.03563706,0.81386346,0.90213654,5,100
ldpc_64_32,rayleigh,syndrome,1.0,frame_error_rate,0.85800000,0.03563706,0.81386346,0.90213654,5,100
ldpc_64_32,rayleigh,syndrome,1.0,failure_rate,0.85800000,0.03563706,0.81386346,0.90213654,5,100
ldpc_64_32,rayleigh,syndrome,1.0,miscorrection_rate,0.00000000,0.00000000,0.00000000,0.00000000,5,100
ldpc_64_32,rayleigh,syndrome,1.0,conditional_miscorrection_rate,0.00000000,0.00000000,0.00000000,0.00000000,5,100
ldpc_64_32,rayleigh,syndrome,1.0,ambiguous_rate,0.00000000,0.00000000,0.00000000,0.00000000,5,100
ldpc_64_32,rayleigh,syndrome,1.0,average_decoding_time_ms,0.45164040,0.14698980,0.26959334,0.63368746,5,100
ldpc_64_32,rayleigh,syndrome,2.0,ber,0.78200000,0.03768289,0.73532969,0.82867031,5,100
ldpc_64_32,rayleigh,syndrome,2.0,frame_error_rate,0.78200000,0.03768289,0.73532969,0.82867031,5,100
ldpc_64_32,rayleigh,syndrome,2.0,failure_rate,0.78200000,0.03768289,0.73532969,0.82867031,5,100
ldpc_64_32,rayleigh,syndrome,2.0,miscorrection_rate,0.00000000,0.00000000,0.00000000,0.00000000,5,100
ldpc_64_32,rayleigh,syndrome,2.0,conditional_miscorrection_rate,0.00000000,0.00000000,0.00000000,0.00000000,5,100
ldpc_64_32,rayleigh,syndrome,2.0,ambiguous_rate,0.00000000,0.00000000,0.00000000,0.00000000,5,100
ldpc_64_32,rayleigh,syndrome,2.0,average_decoding_time_ms,0.43027840,0.10624473,0.29869416,0.56186264,5,100
ldpc_64_32,rayleigh,syndrome,3.0,ber,0.70600000,0.05176872,0.64188438,0.77011562,5,100
ldpc_64_32,rayleigh,syndrome,3.0,frame_error_rate,0.70600000,0.05176872,0.64188438,0.77011562,5,100
ldpc_64_32,rayleigh,syndrome,3.0,failure_rate,0.70600000,0.05176872,0.64188438,0.77011562,5,100
ldpc_64_32,rayleigh,syndrome,3.0,miscorrection_rate,0.00000000,0.00000000,0.00000000,0.00000000,5,100
ldpc_64_32,rayleigh,syndrome,3.0,conditional_miscorrection_rate,0.00000000,0.00000000,0.00000000,0.00000000,5,100
ldpc_64_32,rayleigh,syndrome,3.0,ambiguous_rate,0.00000000,0.00000000,0.00000000,0.00000000,5,100
ldpc_64_32,rayleigh,syndrome,3.0,average_decoding_time_ms,0.43902400,0.13228206,0.27519250,0.60285550,5,100
ldpc_64_32,rayleigh,syndrome,4.0,ber,0.63200000,0.05263079,0.56681670,0.69718330,5,100
ldpc_64_32,rayleigh,syndrome,4.0,frame_error_rate,0.63200000,0.05263079,0.56681670,0.69718330,5,100
ldpc_64_32,rayleigh,syndrome,4.0,failure_rate,0.63200000,0.05263079,0.56681670,0.69718330,5,100
ldpc_64_32,rayleigh,syndrome,4.0,miscorrection_rate,0.00000000,0.00000000,0.00000000,0.00000000,5,100
ldpc_64_32,rayleigh,syndrome,4.0,conditional_miscorrection_rate,0.00000000,0.00000000,0.00000000,0.00000000,5,100
ldpc_64_32,rayleigh,syndrome,4.0,ambiguous_rate,0.00000000,0.00000000,0.00000000,0.00000000,5,100
ldpc_64_32,rayleigh,syndrome,4.0,average_decoding_time_ms,0.42152920,0.11771979,0.27573308,0.56732532,5,100
ldpc_64_32,rayleigh,syndrome,5.0,ber,0.53200000,0.04324350,0.47844287,0.58555713,5,100
ldpc_64_32,rayleigh,syndrome,5.0,frame_error_rate,0.53200000,0.04324350,0.47844287,0.58555713,5,100
ldpc_64_32,rayleigh,syndrome,5.0,failure_rate,0.53200000,0.04324350,0.47844287,0.58555713,5,100
ldpc_64_32,rayleigh,syndrome,5.0,miscorrection_rate,0.00000000,0.00000000,0.00000000,0.00000000,5,100
ldpc_64_32,rayleigh,syndrome,5.0,conditional_miscorrection_rate,0.00000000,0.00000000,0.00000000,0.00000000,5,100
ldpc_64_32,rayleigh,syndrome,5.0,ambiguous_rate,0.00000000,0.00000000,0.00000000,0.00000000,5,100
ldpc_64_32,rayleigh,syndrome,5.0,average_decoding_time_ms,0.41071740,0.11441616,0.26901283,0.55242197,5,100
ldpc_64_32,rayleigh,syndrome,6.0,ber,0.45400000,0.05319774,0.38811452,0.51988548,5,100
ldpc_64_32,rayleigh,syndrome,6.0,frame_error_rate,0.45400000,0.05319774,0.38811452,0.51988548,5,100
ldpc_64_32,rayleigh,syndrome,6.0,failure_rate,0.45400000,0.05319774,0.38811452,0.51988548,5,100
ldpc_64_32,rayleigh,syndrome,6.0,miscorrection_rate,0.00000000,0.00000000,0.00000000,0.00000000,5,100
ldpc_64_32,rayleigh,syndrome,6.0,conditional_miscorrection_rate,0.00000000,0.00000000,0.00000000,0.00000000,5,100
ldpc_64_32,rayleigh,syndrome,6.0,ambiguous_rate,0.00000000,0.00000000,0.00000000,0.00000000,5,100
ldpc_64_32,rayleigh,syndrome,6.0,average_decoding_time_ms,0.43566760,0.13574513,0.26754708,0.60378812,5,100
ldpc_64_32,rayleigh,chase,0.0,ber,0.78081250,0.03937351,0.73204835,0.82957665,5,100
ldpc_64_32,rayleigh,chase,0.0,frame_error_rate,0.78400000,0.03646917,0.73883289,0.82916711,5,100
ldpc_64_32,rayleigh,chase,0.0,failure_rate,0.78000000,0.03937004,0.73124015,0.82875985,5,100
ldpc_64_32,rayleigh,chase,0.0,miscorrection_rate,0.00400000,0.00547723,0.00000000,0.01078355,5,100
ldpc_64_32,rayleigh,chase,0.0,conditional_miscorrection_rate,0.01689655,0.02377811,0.00000000,0.04634577,5,100
ldpc_64_32,rayleigh,chase,0.0,ambiguous_rate,0.00000000,0.00000000,0.00000000,0.00000000,5,100
ldpc_64_32,rayleigh,chase,0.0,average_decoding_time_ms,3.78202520,0.86300130,2.71319697,4.85085343,5,100
ldpc_64_32,rayleigh,chase,1.0,ber,0.70062500,0.05131475,0.63707162,0.76417838,5,100
ldpc_64_32,rayleigh,chase,1.0,frame_error_rate,0.70200000,0.05215362,0.63740767,0.76659233,5,100
ldpc_64_32,rayleigh,chase,1.0,failure_rate,0.70000000,0.05099020,0.63684858,0.76315142,5,100
ldpc_64_32,rayleigh,chase,1.0,miscorrection_rate,0.00200000,0.00447214,0.00000000,0.00753875,5,100
ldpc_64_32,rayleigh,chase,1.0,conditional_miscorrection_rate,0.00714286,0.01597191,0.00000000,0.02692409,5,100
ldpc_64_32,rayleigh,chase,1.0,ambiguous_rate,0.00000000,0.00000000,0.00000000,0.00000000,5,100
ldpc_64_32,rayleigh,chase,1.0,average_decoding_time_ms,3.64009960,0.67807171,2.80030690,4.47989230,5,100
ldpc_64_32,rayleigh,chase,2.0,ber,0.63425000,0.04818260,0.57457579,0.69392421,5,100
ldpc_64_32,rayleigh,chase,2.0,frame_error_rate,0.63600000,0.04774935,0.57686237,0.69513763,5,100
ldpc_64_32,rayleigh,chase,2.0,failure_rate,0.63400000,0.04827007,0.57421745,0.69378255,5,100
ldpc_64_32,rayleigh,chase,2.0,miscorrection_rate,0.00200000,0.00447214,0.00000000,0.00753875,5,100
ldpc_64_32,rayleigh,chase,2.0,conditional_miscorrection_rate,0.00526316,0.01176878,0.00000000,0.01983881,5,100
ldpc_64_32,rayleigh,chase,2.0,ambiguous_rate,0.00000000,0.00000000,0.00000000,0.00000000,5,100
ldpc_64_32,rayleigh,chase,2.0,average_decoding_time_ms,3.70402180,0.67163877,2.87219631,4.53584729,5,100
ldpc_64_32,rayleigh,chase,3.0,ber,0.52143750,0.05194818,0.45709961,0.58577539,5,100
ldpc_64_32,rayleigh,chase,3.0,frame_error_rate,0.52400000,0.05272571,0.45869915,0.58930085,5,100
ldpc_64_32,rayleigh,chase,3.0,failure_rate,0.52000000,0.05244044,0.45505244,0.58494756,5,100
ldpc_64_32,rayleigh,chase,3.0,miscorrection_rate,0.00400000,0.00547723,0.00000000,0.01078355,5,100
ldpc_64_32,rayleigh,chase,3.0,conditional_miscorrection_rate,0.00839161,0.01155699,0.00000000,0.02270495,5,100
ldpc_64_32,rayleigh,chase,3.0,ambiguous_rate,0.00000000,0.00000000,0.00000000,0.00000000,5,100
ldpc_64_32,rayleigh,chase,3.0,average_decoding_time_ms,3.73928040,0.66021727,2.92160045,4.55696035,5,100
ldpc_64_32,rayleigh,chase,4.0,ber,0.43700000,0.05848077,0.36457149,0.50942851,5,100
ldpc_64_32,rayleigh,chase,4.0,frame_error_rate,0.43800000,0.05761944,0.36663825,0.50936175,5,100
ldpc_64_32,rayleigh,chase,4.0,failure_rate,0.43600000,0.05941380,0.36241593,0.50958407,5,100
ldpc_64_32,rayleigh,chase,4.0,miscorrection_rate,0.00200000,0.00447214,0.00000000,0.00753875,5,100
ldpc_64_32,rayleigh,chase,4.0,conditional_miscorrection_rate,0.00327869,0.00733137,0.00000000,0.01235860,5,100
ldpc_64_32,rayleigh,chase,4.0,ambiguous_rate,0.00000000,0.00000000,0.00000000,0.00000000,5,100
ldpc_64_32,rayleigh,chase,4.0,average_decoding_time_ms,3.73435920,0.71680968,2.84658947,4.62212893,5,100
ldpc_64_32,rayleigh,chase,5.0,ber,0.37300000,0.05561034,0.30412652,0.44187348,5,100
ldpc_64_32,rayleigh,chase,5.0,frame_error_rate,0.37800000,0.05263079,0.31281670,0.44318330,5,100
ldpc_64_32,rayleigh,chase,5.0,failure_rate,0.37200000,0.05630275,0.30226897,0.44173103,5,100
ldpc_64_32,rayleigh,chase,5.0,miscorrection_rate,0.00600000,0.00547723,0.00000000,0.01278355,5,100
ldpc_64_32,rayleigh,chase,5.0,conditional_miscorrection_rate,0.00914038,0.00834780,0.00000000,0.01947914,5,100
ldpc_64_32,rayleigh,chase,5.0,ambiguous_rate,0.00000000,0.00000000,0.00000000,0.00000000,5,100
ldpc_64_32,rayleigh,chase,5.0,average_decoding_time_ms,3.75465240,0.72979426,2.85080126,4.65850354,5,100
ldpc_64_32,rayleigh,chase,6.0,ber,0.30500000,0.05372683,0.23845925,0.37154075,5,100
ldpc_64_32,rayleigh,chase,6.0,frame_error_rate,0.31000000,0.05385165,0.24330466,0.37669534,5,100
ldpc_64_32,rayleigh,chase,6.0,failure_rate,0.30400000,0.05412947,0.23696058,0.37103942,5,100
ldpc_64_32,rayleigh,chase,6.0,miscorrection_rate,0.00600000,0.00547723,0.00000000,0.01278355,5,100
ldpc_64_32,rayleigh,chase,6.0,conditional_miscorrection_rate,0.00864011,0.00796750,0.00000000,0.01850786,5,100
ldpc_64_32,rayleigh,chase,6.0,ambiguous_rate,0.00000000,0.00000000,0.00000000,0.00000000,5,100
ldpc_64_32,rayleigh,chase,6.0,average_decoding_time_ms,3.79018300,0.69902257,2.92444264,4.65592336,5,100
ldpc_64_32,sinusoidal,syndrome,0.0,ber,1.00000000,0.00000000,1.00000000,1.00000000,5,100
ldpc_64_32,sinusoidal,syndrome,0.0,frame_error_rate,1.00000000,0.00000000,1.00000000,1.00000000,5,100
ldpc_64_32,sinusoidal,syndrome,0.0,failure_rate,1.00000000,0.00000000,1.00000000,1.00000000,5,100
ldpc_64_32,sinusoidal,syndrome,0.0,miscorrection_rate,0.00000000,0.00000000,0.00000000,0.00000000,5,100
ldpc_64_32,sinusoidal,syndrome,0.0,ambiguous_rate,0.00000000,0.00000000,0.00000000,0.00000000,5,100
ldpc_64_32,sinusoidal,syndrome,0.0,average_decoding_time_ms,0.49044400,0.01089983,0.47694455,0.50394345,5,100
ldpc_64_32,sinusoidal,syndrome,1.0,ber,1.00000000,0.00000000,1.00000000,1.00000000,5,100
ldpc_64_32,sinusoidal,syndrome,1.0,frame_error_rate,1.00000000,0.00000000,1.00000000,1.00000000,5,100
ldpc_64_32,sinusoidal,syndrome,1.0,failure_rate,1.00000000,0.00000000,1.00000000,1.00000000,5,100
ldpc_64_32,sinusoidal,syndrome,1.0,miscorrection_rate,0.00000000,0.00000000,0.00000000,0.00000000,5,100
ldpc_64_32,sinusoidal,syndrome,1.0,ambiguous_rate,0.00000000,0.00000000,0.00000000,0.00000000,5,100
ldpc_64_32,sinusoidal,syndrome,1.0,average_decoding_time_ms,0.47792600,0.01442362,0.46006233,0.49578967,5,100
ldpc_64_32,sinusoidal,syndrome,2.0,ber,0.98600000,0.00547723,0.97921645,0.99278355,5,100
ldpc_64_32,sinusoidal,syndrome,2.0,frame_error_rate,0.98600000,0.00547723,0.97921645,0.99278355,5,100
ldpc_64_32,sinusoidal,syndrome,2.0,failure_rate,0.98600000,0.00547723,0.97921645,0.99278355,5,100
ldpc_64_32,sinusoidal,syndrome,2.0,miscorrection_rate,0.00000000,0.00000000,0.00000000,0.00000000,5,100
ldpc_64_32,sinusoidal,syndrome,2.0,conditional_miscorrection_rate,0.00000000,0.00000000,0.00000000,0.00000000,5,100
ldpc_64_32,sinusoidal,syndrome,2.0,ambiguous_rate,0.00000000,0.00000000,0.00000000,0.00000000,5,100
ldpc_64_32,sinusoidal,syndrome,2.0,average_decoding_time_ms,0.48068080,0.02073601,0.45499922,0.50636238,5,100
ldpc_64_32,sinusoidal,syndrome,3.0,ber,0.94600000,0.00894427,0.93492251,0.95707749,5,100
ldpc_64_32,sinusoidal,syndrome,3.0,frame_error_rate,0.94600000,0.00894427,0.93492251,0.95707749,5,100
ldpc_64_32,sinusoidal,syndrome,3.0,failure_rate,0.94600000,0.00894427,0.93492251,0.95707749,5,100
ldpc_64_32,sinusoidal,syndrome,3.0,miscorrection_rate,0.00000000,0.00000000,0.00000000,0.00000000,5,100
ldpc_64_32,sinusoidal,syndrome,3.0,conditional_miscorrection_rate,0.00000000,0.00000000,0.00000000,0.00000000,5,100
ldpc_64_32,sinusoidal,syndrome,3.0,ambiguous_rate,0.00000000,0.00000000,0.00000000,0.00000000,5,100
ldpc_64_32,sinusoidal,syndrome,3.0,average_decoding_time_ms,0.49009740,0.01097705,0.47650231,0.50369249,5,100
ldpc_64_32,sinusoidal,syndrome,4.0,ber,0.82800000,0.04494441,0.77233629,0.88366371,5,100
ldpc_64_32,sinusoidal,syndrome,4.0,frame_error_rate,0.82800000,0.04494441,0.77233629,0.88366371,5,100
ldpc_64_32,sinusoidal,syndrome,4.0,failure_rate,0.82800000,0.04494441,0.77233629,0.88366371,5,100
ldpc_64_32,sinusoidal,syndrome,4.0,miscorrection_rate,0.00000000,0.00000000,0.00000000,0.00000000,5,100
ldpc_64_32,sinusoidal,syndrome,4.0,conditional_miscorrection_rate,0.00000000,0.00000000,0.00000000,0.00000000,5,100
ldpc_64_32,sinusoidal,syndrome,4.0,ambiguous_rate,0.00000000,0.00000000,0.00000000,0.00000000,5,100
ldpc_64_32,sinusoidal,syndrome,4.0,average_decoding_time_ms,0.47784960,0.00733176,0.46876920,0.48693000,5,100
ldpc_64_32,sinusoidal,syndrome,5.0,ber,0.64400000,0.03130495,0.60522878,0.68277122,5,100
ldpc_64_32,sinusoidal,syndrome,5.0,frame_error_rate,0.64400000,0.03130495,0.60522878,0.68277122,5,100
ldpc_64_32,sinusoidal,syndrome,5.0,failure_rate,0.64400000,0.03130495,0.60522878,0.68277122,5,100
ldpc_64_32,sinusoidal,syndrome,5.0,miscorrection_rate,0.00000000,0.00000000,0.00000000,0.00000000,5,100
ldpc_64_32,sinusoidal,syndrome,5.0,conditional_miscorrection_rate,0.00000000,0.00000000,0.00000000,0.00000000,5,100
ldpc_64_32,sinusoidal,syndrome,5.0,ambiguous_rate,0.00000000,0.00000000,0.00000000,0.00000000,5,100
ldpc_64_32,sinusoidal,syndrome,5.0,average_decoding_time_ms,0.40307360,0.09695308,0.28299709,0.52315011,5,100
ldpc_64_32,sinusoidal,syndrome,6.0,ber,0.44600000,0.07092249,0.35816240,0.53383760,5,100
ldpc_64_32,sinusoidal,syndrome,6.0,frame_error_rate,0.44600000,0.07092249,0.35816240,0.53383760,5,100
ldpc_64_32,sinusoidal,syndrome,6.0,failure_rate,0.44600000,0.07092249,0.35816240,0.53383760,5,100
ldpc_64_32,sinusoidal,syndrome,6.0,miscorrection_rate,0.00000000,0.00000000,0.00000000,0.00000000,5,100
ldpc_64_32,sinusoidal,syndrome,6.0,conditional_miscorrection_rate,0.00000000,0.00000000,0.00000000,0.00000000,5,100
ldpc_64_32,sinusoidal,syndrome,6.0,ambiguous_rate,0.00000000,0.00000000,0.00000000,0.00000000,5,100
ldpc_64_32,sinusoidal,syndrome,6.0,average_decoding_time_ms,0.48261500,0.01198767,0.46776826,0.49746174,5,100
ldpc_64_32,sinusoidal,chase,0.0,ber,0.96200000,0.00836660,0.95163795,0.97236205,5,100
ldpc_64_32,sinusoidal,chase,0.0,frame_error_rate,0.96200000,0.00836660,0.95163795,0.97236205,5,100
ldpc_64_32,sinusoidal,chase,0.0,failure_rate,0.96200000,0.00836660,0.95163795,0.97236205,5,100
ldpc_64_32,sinusoidal,chase,0.0,miscorrection_rate,0.00000000,0.00000000,0.00000000,0.00000000,5,100
ldpc_64_32,sinusoidal,chase,0.0,conditional_miscorrection_rate,0.00000000,0.00000000,0.00000000,0.00000000,5,100
ldpc_64_32,sinusoidal,chase,0.0,ambiguous_rate,0.00000000,0.00000000,0.00000000,0.00000000,5,100
ldpc_64_32,sinusoidal,chase,0.0,average_decoding_time_ms,3.96180260,0.12340520,3.80896510,4.11464010,5,100
ldpc_64_32,sinusoidal,chase,1.0,ber,0.87850000,0.01616323,0.85848182,0.89851818,5,100
ldpc_64_32,sinusoidal,chase,1.0,frame_error_rate,0.88000000,0.01581139,0.86041757,0.89958243,5,100
ldpc_64_32,sinusoidal,chase,1.0,failure_rate,0.87800000,0.01643168,0.85764935,0.89835065,5,100
ldpc_64_32,sinusoidal,chase,1.0,miscorrection_rate,0.00200000,0.00447214,0.00000000,0.00753875,5,100
ldpc_64_32,sinusoidal,chase,1.0,conditional_miscorrection_rate,0.01538462,0.03440105,0.00000000,0.05799036,5,100
ldpc_64_32,sinusoidal,chase,1.0,ambiguous_rate,0.00000000,0.00000000,0.00000000,0.00000000,5,100
ldpc_64_32,sinusoidal,chase,1.0,average_decoding_time_ms,3.93455800,0.07511067,3.84153334,4.02758266,5,100
ldpc_64_32,sinusoidal,chase,2.0,ber,0.72625000,0.04748201,0.66744347,0.78505653,5,100
ldpc_64_32,sinusoidal,chase,2.0,frame_error_rate,0.73000000,0.05099020,0.66684858,0.79315142,5,100
ldpc_64_32,sinusoidal,chase,2.0,failure_rate,0.72600000,0.04722288,0.66751441,0.78448559,5,100
ldpc_64_32,sinusoidal,chase,2.0,miscorrection_rate,0.00400000,0.00547723,0.00000000,0.01078355,5,100
ldpc_64_32,sinusoidal,chase,2.0,conditional_miscorrection_rate,0.01669565,0.02289451,0.00000000,0.04505054,5,100
ldpc_64_32,sinusoidal,chase,2.0,ambiguous_rate,0.00000000,0.00000000,0.00000000,0.00000000,5,100
ldpc_64_32,sinusoidal,chase,2.0,average_decoding_time_ms,3.94804640,0.04861815,3.88783275,4.00826005,5,100
ldpc_64_32,sinusoidal,chase,3.0,ber,0.50400000,0.02880972,0.46831912,0.53968088,5,100
ldpc_64_32,sinusoidal,chase,3.0,frame_error_rate,0.50400000,0.02880972,0.46831912,0.53968088,5,100
ldpc_64_32,sinusoidal,chase,3.0,failure_rate,0.50400000,0.02880972,0.46831912,0.53968088,5,100
ldpc_64_32,sinusoidal,chase,3.0,miscorrection_rate,0.00000000,0.00000000,0.00000000,0.00000000,5,100
ldpc_64_32,sinusoidal,chase,3.0,conditional_miscorrection_rate,0.00000000,0.00000000,0.00000000,0.00000000,5,100
ldpc_64_32,sinusoidal,chase,3.0,ambiguous_rate,0.00000000,0.00000000,0.00000000,0.00000000,5,100
ldpc_64_32,sinusoidal,chase,3.0,average_decoding_time_ms,4.02828160,0.09786128,3.90708028,4.14948292,5,100
ldpc_64_32,sinusoidal,chase,4.0,ber,0.27650000,0.02781636,0.24204940,0.31095060,5,100
ldpc_64_32,sinusoidal,chase,4.0,frame_error_rate,0.27800000,0.03033150,0.24043440,0.31556560,5,100
ldpc_64_32,sinusoidal,chase,4.0,failure_rate,0.27600000,0.02701851,0.24253754,0.30946246,5,100
ldpc_64_32,sinusoidal,chase,4.0,miscorrection_rate,0.00200000,0.00447214,0.00000000,0.00753875,5,100
ldpc_64_32,sinusoidal,chase,4.0,conditional_miscorrection_rate,0.00289855,0.00648136,0.00000000,0.01092572,5,100
ldpc_64_32,sinusoidal,chase,4.0,ambiguous_rate,0.00000000,0.00000000,0.00000000,0.00000000,5,100
ldpc_64_32,sinusoidal,chase,4.0,average_decoding_time_ms,4.12528720,0.33342399,3.71234116,4.53823324,5,100
ldpc_64_32,sinusoidal,chase,5.0,ber,0.11200000,0.01095445,0.09843290,0.12556710,5,100
ldpc_64_32,sinusoidal,chase,5.0,frame_error_rate,0.11200000,0.01095445,0.09843290,0.12556710,5,100
ldpc_64_32,sinusoidal,chase,5.0,failure_rate,0.11200000,0.01095445,0.09843290,0.12556710,5,100
ldpc_64_32,sinusoidal,chase,5.0,miscorrection_rate,0.00000000,0.00000000,0.00000000,0.00000000,5,100
ldpc_64_32,sinusoidal,chase,5.0,conditional_miscorrection_rate,0.00000000,0.00000000,0.00000000,0.00000000,5,100
ldpc_64_32,sinusoidal,chase,5.0,ambiguous_rate,0.00000000,0.00000000,0.00000000,0.00000000,5,100
ldpc_64_32,sinusoidal,chase,5.0,average_decoding_time_ms,4.10326920,0.09912336,3.98050478,4.22603362,5,100
ldpc_64_32,sinusoidal,chase,6.0,ber,0.03600000,0.01949359,0.01185716,0.06014284,5,100
ldpc_64_32,sinusoidal,chase,6.0,frame_error_rate,0.03600000,0.01949359,0.01185716,0.06014284,5,100
ldpc_64_32,sinusoidal,chase,6.0,failure_rate,0.03600000,0.01949359,0.01185716,0.06014284,5,100
ldpc_64_32,sinusoidal,chase,6.0,miscorrection_rate,0.00000000,0.00000000,0.00000000,0.00000000,5,100
ldpc_64_32,sinusoidal,chase,6.0,conditional_miscorrection_rate,0.00000000,0.00000000,0.00000000,0.00000000,5,100
ldpc_64_32,sinusoidal,chase,6.0,ambiguous_rate,0.00000000,0.00000000,0.00000000,0.00000000,5,100
ldpc_64_32,sinusoidal,chase,6.0,average_decoding_time_ms,4.18986080,0.09956973,4.06654356,4.31317804,5,100
