code,channel,decoder,parameter,mean_BER,std_BER,ci_low,ci_high,seeds,words,decode_time
wavelet_16_8,rayleigh_awgn,syndrome,0.0,0.49125000,0.03415269,0.44895185,0.53354815,5,100,0.0196
wavelet_16_8,rayleigh_awgn,syndrome,1.0,0.42900000,0.03620040,0.38416576,0.47383424,5,100,0.0244
wavelet_16_8,rayleigh_awgn,syndrome,2.0,0.36350000,0.04717322,0.30507591,0.42192409,5,100,0.0253
wavelet_16_8,rayleigh_awgn,syndrome,3.0,0.31475000,0.04876122,0.25435917,0.37514083,5,100,0.0248
wavelet_16_8,rayleigh_awgn,syndrome,4.0,0.25425000,0.03065177,0.21628774,0.29221226,5,100,0.0227
wavelet_16_8,rayleigh_awgn,syndrome,5.0,0.19850000,0.02314020,0.16984083,0.22715917,5,100,0.0227
wavelet_16_8,rayleigh_awgn,syndrome,6.0,0.13250000,0.02908769,0.09647486,0.16852514,5,100,0.0233
wavelet_16_8,rayleigh_awgn,chase,0.0,0.22975000,0.02652240,0.19690198,0.26259802,5,100,0.1640
wavelet_16_8,rayleigh_awgn,chase,1.0,0.17900000,0.02665462,0.14598822,0.21201178,5,100,0.1645
wavelet_16_8,rayleigh_awgn,chase,2.0,0.14425000,0.02863564,0.10878472,0.17971528,5,100,0.1670
wavelet_16_8,rayleigh_awgn,chase,3.0,0.09975000,0.01730697,0.07831529,0.12118471,5,100,0.1639
wavelet_16_8,rayleigh_awgn,chase,4.0,0.05300000,0.01511932,0.03427471,0.07172529,5,100,0.1652
wavelet_16_8,rayleigh_awgn,chase,5.0,0.02700000,0.00549147,0.02019881,0.03380119,5,100,0.1665
wavelet_16_8,rayleigh_awgn,chase,6.0,0.01275000,0.01160549,0.00000000,0.02712342,5,100,0.1680
wavelet_16_8,rayleigh_awgn,hard_mld,0.0,0.30575000,0.02196588,0.27854523,0.33295477,5,100,0.0128
wavelet_16_8,rayleigh_awgn,hard_mld,1.0,0.25750000,0.02282748,0.22922814,0.28577186,5,100,0.0123
wavelet_16_8,rayleigh_awgn,hard_mld,2.0,0.20400000,0.01291196,0.18800852,0.21999148,5,100,0.0123
wavelet_16_8,rayleigh_awgn,hard_mld,3.0,0.17525000,0.01206752,0.16030436,0.19019564,5,100,0.0140
wavelet_16_8,rayleigh_awgn,hard_mld,4.0,0.13050000,0.01488498,0.11206494,0.14893506,5,100,0.0127
wavelet_16_8,rayleigh_awgn,hard_mld,5.0,0.09800000,0.01376703,0.08094951,0.11505049,5,100,0.0120
wavelet_16_8,rayleigh_awgn,hard_mld,6.0,0.05925000,0.01010105,0.04673983,0.07176017,5,100,0.0122
wavelet_16_8,rayleigh_awgn,soft_mld,0.0,0.22325000,0.02507177,0.19219858,0.25430142,5,100,0.0054
wavelet_16_8,rayleigh_awgn,soft_mld,1.0,0.18100000,0.01584594,0.16137479,0.20062521,5,100,0.0042
wavelet_16_8,rayleigh_awgn,soft_mld,2.0,0.14250000,0.02914136,0.10640839,0.17859161,5,100,0.0039
wavelet_16_8,rayleigh_awgn,soft_mld,3.0,0.09825000,0.01874166,0.07503842,0.12146158,5,100,0.0040
wavelet_16_8,rayleigh_awgn,soft_mld,4.0,0.05025000,0.01401450,0.03289302,0.06760698,5,100,0.0034
wavelet_16_8,rayleigh_awgn,soft_mld,5.0,0.02600000,0.00657885,0.01785209,0.03414791,5,100,0.0044
wavelet_16_8,rayleigh_awgn,soft_mld,6.0,0.01275000,0.01160549,0.00000000,0.02712342,5,100,0.0040
wavelet_16_8,rayleigh,syndrome,0.0,0.44275000,0.05738712,0.37167598,0.51382402,5,100,0.0170
wavelet_16_8,rayleigh,syndrome,1.0,0.37575000,0.05232560,0.31094467,0.44055533,5,100,0.0206
wavelet_16_8,rayleigh,syndrome,2.0,0.34325000,0.04330668,0.28961462,0.39688538,5,100,0.0241
wavelet_16_8,rayleigh,syndrome,3.0,0.29375000,0.03158570,0.25463107,0.33286893,5,100,0.0210
wavelet_16_8,rayleigh,syndrome,4.0,0.25100000,0.02422873,0.22099269,0.28100731,5,100,0.0221
wavelet_16_8,rayleigh,syndrome,5.0,0.21800000,0.02574818,0.18611085,0.24988915,5,100,0.0208
wavelet_16_8,rayleigh,syndrome,6.0,0.18650000,0.03335884,0.14518503,0.22781497,5,100,0.0210
wavelet_16_8,rayleigh,chase,0.0,0.23650000,0.01898601,0.21298580,0.26001420,5,100,0.1199
wavelet_16_8,rayleigh,chase,1.0,0.20300000,0.03487254,0.15981032,0.24618968,5,100,0.1530
wavelet_16_8,rayleigh,chase,2.0,0.16850000,0.02917351,0.13236857,0.20463143,5,100,0.1596
wavelet_16_8,rayleigh,chase,3.0,0.14350000,0.02971742,0.10669494,0.18030506,5,100,0.1502
wavelet_16_8,rayleigh,chase,4.0,0.11875000,0.02614563,0.08636861,0.15113139,5,100,0.1507
wavelet_16_8,rayleigh,chase,5.0,0.09850000,0.02435737,0.06833337,0.12866663,5,100,0.1441
wavelet_16_8,rayleigh,chase,6.0,0.08025000,0.02160367,0.05349382,0.10700618,5,100,0.1573
wavelet_16_8,rayleigh,hard_mld,0.0,0.28125000,0.01259340,0.26565306,0.29684694,5,100,0.0107
wavelet_16_8,rayleigh,hard_mld,1.0,0.24975000,0.00907435,0.23851141,0.26098859,5,100,0.0115
wavelet_16_8,rayleigh,hard_mld,2.0,0.22600000,0.01579656,0.20643594,0.24556406,5,100,0.0117
wavelet_16_8,rayleigh,hard_mld,3.0,0.18800000,0.01999219,0.16323965,0.21276035,5,100,0.0118
wavelet_16_8,rayleigh,hard_mld,4.0,0.16275000,0.01975237,0.13828666,0.18721334,5,100,0.0108
wavelet_16_8,rayleigh,hard_mld,5.0,0.13875000,0.02313344,0.11009920,0.16740080,5,100,0.0110
wavelet_16_8,rayleigh,hard_mld,6.0,0.11425000,0.01365307,0.09734066,0.13115934,5,100,0.0117
wavelet_16_8,rayleigh,soft_mld,0.0,0.23350000,0.01812284,0.21105483,0.25594517,5,100,0.0035
wavelet_16_8,rayleigh,soft_mld,1.0,0.19800000,0.03106948,0.15952041,0.23647959,5,100,0.0039
wavelet_16_8,rayleigh,soft_mld,2.0,0.16850000,0.02866019,0.13300432,0.20399568,5,100,0.0044
wavelet_16_8,rayleigh,soft_mld,3.0,0.13925000,0.03242299,0.09909409,0.17940591,5,100,0.0037
wavelet_16_8,rayleigh,soft_mld,4.0,0.11825000,0.02773479,0.08390042,0.15259958,5,100,0.0034
wavelet_16_8,rayleigh,soft_mld,5.0,0.09700000,0.02482124,0.06625887,0.12774113,5,100,0.0034
wavelet_16_8,rayleigh,soft_mld,6.0,0.07950000,0.02483697,0.04873938,0.11026062,5,100,0.0035
wavelet_16_8,sinusoidal,syndrome,0.0,0.39575000,0.02732330,0.36191006,0.42958994,5,100,0.0202
wavelet_16_8,sinusoidal,syndrome,1.0,0.32125000,0.03538847,0.27742133,0.36507867,5,100,0.0235
wavelet_16_8,sinusoidal,syndrome,2.0,0.25925000,0.04395132,0.20481623,0.31368377,5,100,0.0243
wavelet_16_8,sinusoidal,syndrome,3.0,0.17925000,0.04360333,0.12524722,0.23325278,5,100,0.0234
wavelet_16_8,sinusoidal,syndrome,4.0,0.12025000,0.03884464,0.07214086,0.16835914,5,100,0.0232
wavelet_16_8,sinusoidal,syndrome,5.0,0.06625000,0.04119314,0.01523224,0.11726776,5,100,0.0234
wavelet_16_8,sinusoidal,syndrome,6.0,0.03975000,0.03493744,0.00000000,0.08302007,5,100,0.0224
wavelet_16_8,sinusoidal,chase,0.0,0.14075000,0.00401170,0.13578150,0.14571850,5,100,0.1611
wavelet_16_8,sinusoidal,chase,1.0,0.08550000,0.01857418,0.06249586,0.10850414,5,100,0.1678
wavelet_16_8,sinusoidal,chase,2.0,0.05300000,0.01806239,0.03062970,0.07537030,5,100,0.1742
wavelet_16_8,sinusoidal,chase,3.0,0.03600000,0.01794958,0.01376942,0.05823058,5,100,0.1705
wavelet_16_8,sinusoidal,chase,4.0,0.01850000,0.01157179,0.00416833,0.03283167,5,100,0.1796
wavelet_16_8,sinusoidal,chase,5.0,0.00800000,0.00616188,0.00036851,0.01563149,5,100,0.1700
wavelet_16_8,sinusoidal,chase,6.0,0.00275000,0.00379144,0.00000000,0.00744570,5,100,0.1727
wavelet_16_8,sinusoidal,hard_mld,0.0,0.22650000,0.01173936,0.21196079,0.24103921,5,100,0.0116
wavelet_16_8,sinusoidal,hard_mld,1.0,0.17550000,0.02743743,0.14151871,0.20948129,5,100,0.0130
wavelet_16_8,sinusoidal,hard_mld,2.0,0.14125000,0.02316719,0.11255740,0.16994260,5,100,0.0124
wavelet_16_8,sinusoidal,hard_mld,3.0,0.09800000,0.01872081,0.07481425,0.12118575,5,100,0.0121
wavelet_16_8,sinusoidal,hard_mld,4.0,0.06950000,0.02245829,0.04168537,0.09731463,5,100,0.0116
wavelet_16_8,sinusoidal,hard_mld,5.0,0.04150000,0.02138560,0.01501391,0.06798609,5,100,0.0118
wavelet_16_8,sinusoidal,hard_mld,6.0,0.02200000,0.01542624,0.00289459,0.04110541,5,100,0.0133
wavelet_16_8,sinusoidal,soft_mld,0.0,0.14400000,0.00692595,0.13542220,0.15257780,5,100,0.0036
wavelet_16_8,sinusoidal,soft_mld,1.0,0.08675000,0.01692354,0.06579017,0.10770983,5,100,0.0041
wavelet_16_8,sinusoidal,soft_mld,2.0,0.05300000,0.02424807,0.02296874,0.08303126,5,100,0.0048
wavelet_16_8,sinusoidal,soft_mld,3.0,0.03850000,0.02312331,0.00986175,0.06713825,5,100,0.0038
wavelet_16_8,sinusoidal,soft_mld,4.0,0.01850000,0.01157179,0.00416833,0.03283167,5,100,0.0046
wavelet_16_8,sinusoidal,soft_mld,5.0,0.00800000,0.00616188,0.00036851,0.01563149,5,100,0.0037
wavelet_16_8,sinusoidal,soft_mld,6.0,0.00225000,0.00335410,0.00000000,0.00640406,5,100,0.0038
bch_derived_16_8,rayleigh_awgn,syndrome,0.0,0.47900000,0.04573531,0.42235676,0.53564324,5,100,0.0168
bch_derived_16_8,rayleigh_awgn,syndrome,1.0,0.43000000,0.03896112,0.38174660,0.47825340,5,100,0.0166
bch_derived_16_8,rayleigh_awgn,syndrome,2.0,0.38525000,0.02729183,0.35144904,0.41905096,5,100,0.0175
bch_derived_16_8,rayleigh_awgn,syndrome,3.0,0.32450000,0.02801506,0.28980331,0.35919669,5,100,0.0168
bch_derived_16_8,rayleigh_awgn,syndrome,4.0,0.24875000,0.04977292,0.18710617,0.31039383,5,100,0.0177
bch_derived_16_8,rayleigh_awgn,syndrome,5.0,0.18825000,0.02882599,0.15254898,0.22395102,5,100,0.0173
bch_derived_16_8,rayleigh_awgn,syndrome,6.0,0.14500000,0.04291161,0.09185392,0.19814608,5,100,0.0173
bch_derived_16_8,rayleigh_awgn,chase,0.0,0.16650000,0.01587057,0.14684428,0.18615572,5,100,0.1575
bch_derived_16_8,rayleigh_awgn,chase,1.0,0.13225000,0.02056620,0.10677873,0.15772127,5,100,0.1570
bch_derived_16_8,rayleigh_awgn,chase,2.0,0.09625000,0.01956559,0.07201799,0.12048201,5,100,0.1583
bch_derived_16_8,rayleigh_awgn,chase,3.0,0.06650000,0.01412555,0.04900548,0.08399452,5,100,0.1601
bch_derived_16_8,rayleigh_awgn,chase,4.0,0.03975000,0.01464155,0.02161642,0.05788358,5,100,0.1597
bch_derived_16_8,rayleigh_awgn,chase,5.0,0.02525000,0.00669655,0.01695632,0.03354368,5,100,0.1631
bch_derived_16_8,rayleigh_awgn,chase,6.0,0.01150000,0.00540544,0.00480536,0.01819464,5,100,0.1672
bch_derived_16_8,rayleigh_awgn,hard_mld,0.0,0.23450000,0.01373863,0.21748469,0.25151531,5,100,0.0130
bch_derived_16_8,rayleigh_awgn,hard_mld,1.0,0.19825000,0.00822534,0.18806290,0.20843710,5,100,0.0123
bch_derived_16_8,rayleigh_awgn,hard_mld,2.0,0.16800000,0.01297835,0.15192630,0.18407370,5,100,0.0119
bch_derived_16_8,rayleigh_awgn,hard_mld,3.0,0.14500000,0.00579601,0.13782163,0.15217837,5,100,0.0126
bch_derived_16_8,rayleigh_awgn,hard_mld,4.0,0.11175000,0.01088290,0.09827151,0.12522849,5,100,0.0128
bch_derived_16_8,rayleigh_awgn,hard_mld,5.0,0.08525000,0.00782624,0.07555719,0.09494281,5,100,0.0123
bch_derived_16_8,rayleigh_awgn,hard_mld,6.0,0.05725000,0.01594424,0.03750304,0.07699696,5,100,0.0129
bch_derived_16_8,rayleigh_awgn,soft_mld,0.0,0.16750000,0.01992172,0.14282692,0.19217308,5,100,0.0037
bch_derived_16_8,rayleigh_awgn,soft_mld,1.0,0.13250000,0.02373355,0.10310597,0.16189403,5,100,0.0043
bch_derived_16_8,rayleigh_awgn,soft_mld,2.0,0.09550000,0.01726630,0.07411567,0.11688433,5,100,0.0037
bch_derived_16_8,rayleigh_awgn,soft_mld,3.0,0.06625000,0.01389132,0.04904558,0.08345442,5,100,0.0045
bch_derived_16_8,rayleigh_awgn,soft_mld,4.0,0.04200000,0.01429598,0.02429441,0.05970559,5,100,0.0038
bch_derived_16_8,rayleigh_awgn,soft_mld,5.0,0.02425000,0.00732078,0.01518321,0.03331679,5,100,0.0037
bch_derived_16_8,rayleigh_awgn,soft_mld,6.0,0.01150000,0.00540544,0.00480536,0.01819464,5,100,0.0046
bch_derived_16_8,rayleigh,syndrome,0.0,0.41900000,0.04939794,0.35782059,0.48017941,5,100,0.0155
bch_derived_16_8,rayleigh,syndrome,1.0,0.36525000,0.06057924,0.29022254,0.44027746,5,100,0.0144
bch_derived_16_8,rayleigh,syndrome,2.0,0.31325000,0.05101777,0.25006443,0.37643557,5,100,0.0164
bch_derived_16_8,rayleigh,syndrome,3.0,0.28350000,0.02374013,0.25409782,0.31290218,5,100,0.0154
bch_derived_16_8,rayleigh,syndrome,4.0,0.24525000,0.03135482,0.20641701,0.28408299,5,100,0.0159
bch_derived_16_8,rayleigh,syndrome,5.0,0.21700000,0.03115736,0.17841157,0.25558843,5,100,0.0169
bch_derived_16_8,rayleigh,syndrome,6.0,0.17500000,0.04335536,0.12130433,0.22869567,5,100,0.0169
bch_derived_16_8,rayleigh,chase,0.0,0.19200000,0.03442156,0.14936885,0.23463115,5,100,0.1451
bch_derived_16_8,rayleigh,chase,1.0,0.17025000,0.03318273,0.12915314,0.21134686,5,100,0.1447
bch_derived_16_8,rayleigh,chase,2.0,0.14000000,0.02980405,0.10308765,0.17691235,5,100,0.1439
bch_derived_16_8,rayleigh,chase,3.0,0.12250000,0.02772634,0.08816089,0.15683911,5,100,0.1516
bch_derived_16_8,rayleigh,chase,4.0,0.09725000,0.02205108,0.06993971,0.12456029,5,100,0.1444
bch_derived_16_8,rayleigh,chase,5.0,0.07950000,0.01884559,0.05615971,0.10284029,5,100,0.1380
bch_derived_16_8,rayleigh,chase,6.0,0.06650000,0.01799305,0.04421558,0.08878442,5,100,0.1408
bch_derived_16_8,rayleigh,hard_mld,0.0,0.22850000,0.02350864,0.19938452,0.25761548,5,100,0.0116
bch_derived_16_8,rayleigh,hard_mld,1.0,0.20450000,0.02665755,0.17148459,0.23751541,5,100,0.0110
bch_derived_16_8,rayleigh,hard_mld,2.0,0.16925000,0.02300815,0.14075438,0.19774562,5,100,0.0113
bch_derived_16_8,rayleigh,hard_mld,3.0,0.15050000,0.01562750,0.13114532,0.16985468,5,100,0.0112
bch_derived_16_8,rayleigh,hard_mld,4.0,0.12925000,0.01362443,0.11237613,0.14612387,5,100,0.0108
bch_derived_16_8,rayleigh,hard_mld,5.0,0.11375000,0.02046338,0.08840607,0.13909393,5,100,0.0147
bch_derived_16_8,rayleigh,hard_mld,6.0,0.09100000,0.02238512,0.06327600,0.11872400,5,100,0.0116
bch_derived_16_8,rayleigh,soft_mld,0.0,0.19050000,0.03284195,0.14982520,0.23117480,5,100,0.0038
bch_derived_16_8,rayleigh,soft_mld,1.0,0.16575000,0.03209605,0.12599900,0.20550100,5,100,0.0036
bch_derived_16_8,rayleigh,soft_mld,2.0,0.14025000,0.03150397,0.10123229,0.17926771,5,100,0.0038
bch_derived_16_8,rayleigh,soft_mld,3.0,0.12000000,0.02996091,0.08289337,0.15710663,5,100,0.0052
bch_derived_16_8,rayleigh,soft_mld,4.0,0.09700000,0.02092770,0.07108101,0.12291899,5,100,0.0066
bch_derived_16_8,rayleigh,soft_mld,5.0,0.08050000,0.01855313,0.05752192,0.10347808,5,100,0.0038
bch_derived_16_8,rayleigh,soft_mld,6.0,0.06600000,0.01373294,0.04899173,0.08300827,5,100,0.0048
bch_derived_16_8,sinusoidal,syndrome,0.0,0.36650000,0.03231196,0.32648160,0.40651840,5,100,0.0181
bch_derived_16_8,sinusoidal,syndrome,1.0,0.30350000,0.03380089,0.26163756,0.34536244,5,100,0.0165
bch_derived_16_8,sinusoidal,syndrome,2.0,0.23650000,0.02355844,0.20732284,0.26567716,5,100,0.0180
bch_derived_16_8,sinusoidal,syndrome,3.0,0.15875000,0.02892609,0.12292500,0.19457500,5,100,0.0167
bch_derived_16_8,sinusoidal,syndrome,4.0,0.11000000,0.01377838,0.09293546,0.12706454,5,100,0.0166
bch_derived_16_8,sinusoidal,syndrome,5.0,0.06625000,0.00996086,0.05391346,0.07858654,5,100,0.0169
bch_derived_16_8,sinusoidal,syndrome,6.0,0.03475000,0.00602080,0.02729323,0.04220677,5,100,0.0159
bch_derived_16_8,sinusoidal,chase,0.0,0.11075000,0.02559602,0.07904930,0.14245070,5,100,0.1618
bch_derived_16_8,sinusoidal,chase,1.0,0.06925000,0.01432328,0.05151060,0.08698940,5,100,0.1639
bch_derived_16_8,sinusoidal,chase,2.0,0.04350000,0.00867828,0.03275194,0.05424806,5,100,0.1631
bch_derived_16_8,sinusoidal,chase,3.0,0.03000000,0.00870524,0.01921855,0.04078145,5,100,0.1661
bch_derived_16_8,sinusoidal,chase,4.0,0.01600000,0.00270994,0.01264374,0.01935626,5,100,0.1617
bch_derived_16_8,sinusoidal,chase,5.0,0.00525000,0.00540544,0.00000000,0.01194464,5,100,0.1652
bch_derived_16_8,sinusoidal,chase,6.0,0.00325000,0.00325960,0.00000000,0.00728702,5,100,0.1470
bch_derived_16_8,sinusoidal,hard_mld,0.0,0.17250000,0.01693277,0.15152874,0.19347126,5,100,0.0123
bch_derived_16_8,sinusoidal,hard_mld,1.0,0.13950000,0.02047483,0.11414189,0.16485811,5,100,0.0121
bch_derived_16_8,sinusoidal,hard_mld,2.0,0.11125000,0.01914174,0.08754293,0.13495707,5,100,0.0131
bch_derived_16_8,sinusoidal,hard_mld,3.0,0.07725000,0.01119431,0.06338584,0.09111416,5,100,0.0133
bch_derived_16_8,sinusoidal,hard_mld,4.0,0.05550000,0.01025457,0.04279970,0.06820030,5,100,0.0118
bch_derived_16_8,sinusoidal,hard_mld,5.0,0.03175000,0.00710414,0.02295152,0.04054848,5,100,0.0126
bch_derived_16_8,sinusoidal,hard_mld,6.0,0.01700000,0.00301040,0.01327162,0.02072838,5,100,0.0115
bch_derived_16_8,sinusoidal,soft_mld,0.0,0.11025000,0.02668391,0.07720194,0.14329806,5,100,0.0041
bch_derived_16_8,sinusoidal,soft_mld,1.0,0.06725000,0.01353237,0.05049014,0.08400986,5,100,0.0039
bch_derived_16_8,sinusoidal,soft_mld,2.0,0.04475000,0.01101845,0.03110363,0.05839637,5,100,0.0041
bch_derived_16_8,sinusoidal,soft_mld,3.0,0.03000000,0.00631219,0.02218234,0.03781766,5,100,0.0040
bch_derived_16_8,sinusoidal,soft_mld,4.0,0.01500000,0.00459279,0.00931182,0.02068818,5,100,0.0053
bch_derived_16_8,sinusoidal,soft_mld,5.0,0.00525000,0.00540544,0.00000000,0.01194464,5,100,0.0043
bch_derived_16_8,sinusoidal,soft_mld,6.0,0.00250000,0.00233854,0.00000000,0.00539628,5,100,0.0045
goppa_derived_16_8,rayleigh_awgn,syndrome,0.0,0.86025000,0.01652177,0.83978777,0.88071223,5,100,0.0164
goppa_derived_16_8,rayleigh_awgn,syndrome,1.0,0.81150000,0.01439944,0.79366628,0.82933372,5,100,0.0194
goppa_derived_16_8,rayleigh_awgn,syndrome,2.0,0.76275000,0.01967311,0.73838483,0.78711517,5,100,0.0168
goppa_derived_16_8,rayleigh_awgn,syndrome,3.0,0.70475000,0.03356896,0.66317480,0.74632520,5,100,0.0162
goppa_derived_16_8,rayleigh_awgn,syndrome,4.0,0.61075000,0.03800288,0.56368339,0.65781661,5,100,0.0166
goppa_derived_16_8,rayleigh_awgn,syndrome,5.0,0.54200000,0.06580392,0.46050176,0.62349824,5,100,0.0159
goppa_derived_16_8,rayleigh_awgn,syndrome,6.0,0.43525000,0.05817807,0.36319639,0.50730361,5,100,0.0179
goppa_derived_16_8,rayleigh_awgn,chase,0.0,0.33575000,0.01191113,0.32099805,0.35050195,5,100,0.1515
goppa_derived_16_8,rayleigh_awgn,chase,1.0,0.26750000,0.03840573,0.21993445,0.31506555,5,100,0.1378
goppa_derived_16_8,rayleigh_awgn,chase,2.0,0.21675000,0.04698404,0.15856021,0.27493979,5,100,0.1366
goppa_derived_16_8,rayleigh_awgn,chase,3.0,0.15450000,0.02750852,0.12043066,0.18856934,5,100,0.1342
goppa_derived_16_8,rayleigh_awgn,chase,4.0,0.10900000,0.02058519,0.08350522,0.13449478,5,100,0.1401
goppa_derived_16_8,rayleigh_awgn,chase,5.0,0.07275000,0.02269705,0.04463967,0.10086033,5,100,0.1379
goppa_derived_16_8,rayleigh_awgn,chase,6.0,0.04000000,0.02080415,0.01423404,0.06576596,5,100,0.1348
goppa_derived_16_8,rayleigh_awgn,hard_mld,0.0,0.24350000,0.01762012,0.22167745,0.26532255,5,100,0.0161
goppa_derived_16_8,rayleigh_awgn,hard_mld,1.0,0.20600000,0.01951362,0.18183236,0.23016764,5,100,0.0169
goppa_derived_16_8,rayleigh_awgn,hard_mld,2.0,0.17825000,0.02024460,0.15317704,0.20332296,5,100,0.0124
goppa_derived_16_8,rayleigh_awgn,hard_mld,3.0,0.14950000,0.01890767,0.12608283,0.17291717,5,100,0.0132
goppa_derived_16_8,rayleigh_awgn,hard_mld,4.0,0.10825000,0.01760238,0.08644943,0.13005057,5,100,0.0130
goppa_derived_16_8,rayleigh_awgn,hard_mld,5.0,0.07900000,0.02039455,0.05374133,0.10425867,5,100,0.0136
goppa_derived_16_8,rayleigh_awgn,hard_mld,6.0,0.05275000,0.02029855,0.02761022,0.07788978,5,100,0.0121
goppa_derived_16_8,rayleigh_awgn,soft_mld,0.0,0.16275000,0.00969858,0.15073829,0.17476171,5,100,0.0041
goppa_derived_16_8,rayleigh_awgn,soft_mld,1.0,0.13425000,0.02070251,0.10860992,0.15989008,5,100,0.0040
goppa_derived_16_8,rayleigh_awgn,soft_mld,2.0,0.09150000,0.02427705,0.06143285,0.12156715,5,100,0.0043
goppa_derived_16_8,rayleigh_awgn,soft_mld,3.0,0.05725000,0.01482713,0.03888658,0.07561342,5,100,0.0042
goppa_derived_16_8,rayleigh_awgn,soft_mld,4.0,0.03500000,0.00579601,0.02782163,0.04217837,5,100,0.0049
goppa_derived_16_8,rayleigh_awgn,soft_mld,5.0,0.02225000,0.00462669,0.01651984,0.02798016,5,100,0.0042
goppa_derived_16_8,rayleigh_awgn,soft_mld,6.0,0.01400000,0.00725646,0.00501286,0.02298714,5,100,0.0039
goppa_derived_16_8,rayleigh,syndrome,0.0,0.71350000,0.03094097,0.67517957,0.75182043,5,100,0.0137
goppa_derived_16_8,rayleigh,syndrome,1.0,0.65125000,0.04068745,0.60085854,0.70164146,5,100,0.0140
goppa_derived_16_8,rayleigh,syndrome,2.0,0.59475000,0.04654803,0.53710021,0.65239979,5,100,0.0135
goppa_derived_16_8,rayleigh,syndrome,3.0,0.51900000,0.04863287,0.45876812,0.57923188,5,100,0.0155
goppa_derived_16_8,rayleigh,syndrome,4.0,0.45325000,0.05319921,0.38736271,0.51913729,5,100,0.0141
goppa_derived_16_8,rayleigh,syndrome,5.0,0.40100000,0.05110804,0.33770263,0.46429737,5,100,0.0145
goppa_derived_16_8,rayleigh,syndrome,6.0,0.34650000,0.03574432,0.30223062,0.39076938,5,100,0.0147
goppa_derived_16_8,rayleigh,chase,0.0,0.29525000,0.02281721,0.26699086,0.32350914,5,100,0.1160
goppa_derived_16_8,rayleigh,chase,1.0,0.26575000,0.01949760,0.24160220,0.28989780,5,100,0.1179
goppa_derived_16_8,rayleigh,chase,2.0,0.21975000,0.03971972,0.17055707,0.26894293,5,100,0.1200
goppa_derived_16_8,rayleigh,chase,3.0,0.19550000,0.04278946,0.14250520,0.24849480,5,100,0.1181
goppa_derived_16_8,rayleigh,chase,4.0,0.17075000,0.02342875,0.14173346,0.19976654,5,100,0.1248
goppa_derived_16_8,rayleigh,chase,5.0,0.14125000,0.01179248,0.12664500,0.15585500,5,100,0.1255
goppa_derived_16_8,rayleigh,chase,6.0,0.11950000,0.02445659,0.08921048,0.14978952,5,100,0.1230
goppa_derived_16_8,rayleigh,hard_mld,0.0,0.21900000,0.02656654,0.18609730,0.25190270,5,100,0.0107
goppa_derived_16_8,rayleigh,hard_mld,1.0,0.19700000,0.02384193,0.16747174,0.22652826,5,100,0.0111
goppa_derived_16_8,rayleigh,hard_mld,2.0,0.17600000,0.02151308,0.14935603,0.20264397,5,100,0.0111
goppa_derived_16_8,rayleigh,hard_mld,3.0,0.15275000,0.02322445,0.12398649,0.18151351,5,100,0.0113
goppa_derived_16_8,rayleigh,hard_mld,4.0,0.12900000,0.01712546,0.10779010,0.15020990,5,100,0.0111
goppa_derived_16_8,rayleigh,hard_mld,5.0,0.11075000,0.01710720,0.08956271,0.13193729,5,100,0.0113
goppa_derived_16_8,rayleigh,hard_mld,6.0,0.08925000,0.01806239,0.06687970,0.11162030,5,100,0.0110
goppa_derived_16_8,rayleigh,soft_mld,0.0,0.19025000,0.03616801,0.14545587,0.23504413,5,100,0.0039
goppa_derived_16_8,rayleigh,soft_mld,1.0,0.16200000,0.02985119,0.12502926,0.19897074,5,100,0.0043
goppa_derived_16_8,rayleigh,soft_mld,2.0,0.13975000,0.03086513,0.10152350,0.17797650,5,100,0.0041
goppa_derived_16_8,rayleigh,soft_mld,3.0,0.11525000,0.02156748,0.08853865,0.14196135,5,100,0.0033
goppa_derived_16_8,rayleigh,soft_mld,4.0,0.09675000,0.02247568,0.06891384,0.12458616,5,100,0.0039
goppa_derived_16_8,rayleigh,soft_mld,5.0,0.08275000,0.02094263,0.05681253,0.10868747,5,100,0.0035
goppa_derived_16_8,rayleigh,soft_mld,6.0,0.07125000,0.01950561,0.04709228,0.09540772,5,100,0.0040
goppa_derived_16_8,sinusoidal,syndrome,0.0,0.77275000,0.03355732,0.73118921,0.81431079,5,100,0.0136
goppa_derived_16_8,sinusoidal,syndrome,1.0,0.68850000,0.01642692,0.66815524,0.70884476,5,100,0.0132
goppa_derived_16_8,sinusoidal,syndrome,2.0,0.60500000,0.03391165,0.56300038,0.64699962,5,100,0.0158
goppa_derived_16_8,sinusoidal,syndrome,3.0,0.48200000,0.04658326,0.42430657,0.53969343,5,100,0.0176
goppa_derived_16_8,sinusoidal,syndrome,4.0,0.38400000,0.03361547,0.34236719,0.42563281,5,100,0.0163
goppa_derived_16_8,sinusoidal,syndrome,5.0,0.29400000,0.02607681,0.26170384,0.32629616,5,100,0.0168
goppa_derived_16_8,sinusoidal,syndrome,6.0,0.19000000,0.02236068,0.16230627,0.21769373,5,100,0.0168
goppa_derived_16_8,sinusoidal,chase,0.0,0.23325000,0.01575198,0.21374115,0.25275885,5,100,0.1142
goppa_derived_16_8,sinusoidal,chase,1.0,0.15875000,0.01711633,0.13755140,0.17994860,5,100,0.1316
goppa_derived_16_8,sinusoidal,chase,2.0,0.10425000,0.02667220,0.07121645,0.13728355,5,100,0.1333
goppa_derived_16_8,sinusoidal,chase,3.0,0.06075000,0.01903122,0.03717980,0.08432020,5,100,0.1428
goppa_derived_16_8,sinusoidal,chase,4.0,0.02550000,0.01226657,0.01030784,0.04069216,5,100,0.1393
goppa_derived_16_8,sinusoidal,chase,5.0,0.01525000,0.01338726,0.00000000,0.03183014,5,100,0.1442
goppa_derived_16_8,sinusoidal,chase,6.0,0.00300000,0.00410792,0.00000000,0.00808766,5,100,0.1448
goppa_derived_16_8,sinusoidal,hard_mld,0.0,0.19325000,0.02377630,0.16380302,0.22269698,5,100,0.0107
goppa_derived_16_8,sinusoidal,hard_mld,1.0,0.14725000,0.01579656,0.12768594,0.16681406,5,100,0.0106
goppa_derived_16_8,sinusoidal,hard_mld,2.0,0.11400000,0.00997653,0.10164405,0.12635595,5,100,0.0123
goppa_derived_16_8,sinusoidal,hard_mld,3.0,0.07825000,0.01464689,0.06010981,0.09639019,5,100,0.0124
goppa_derived_16_8,sinusoidal,hard_mld,4.0,0.05250000,0.01240590,0.03713528,0.06786472,5,100,0.0124
goppa_derived_16_8,sinusoidal,hard_mld,5.0,0.02775000,0.01150408,0.01350219,0.04199781,5,100,0.0118
goppa_derived_16_8,sinusoidal,hard_mld,6.0,0.01475000,0.00454148,0.00912538,0.02037462,5,100,0.0121
goppa_derived_16_8,sinusoidal,soft_mld,0.0,0.10975000,0.01894482,0.08628681,0.13321319,5,100,0.0035
goppa_derived_16_8,sinusoidal,soft_mld,1.0,0.07525000,0.01770858,0.05331790,0.09718210,5,100,0.0033
goppa_derived_16_8,sinusoidal,soft_mld,2.0,0.04175000,0.00966631,0.02977827,0.05372173,5,100,0.0044
goppa_derived_16_8,sinusoidal,soft_mld,3.0,0.02200000,0.00488940,0.01594447,0.02805553,5,100,0.0042
goppa_derived_16_8,sinusoidal,soft_mld,4.0,0.00900000,0.00436606,0.00359263,0.01440737,5,100,0.0038
goppa_derived_16_8,sinusoidal,soft_mld,5.0,0.00450000,0.00488940,0.00000000,0.01055553,5,100,0.0034
goppa_derived_16_8,sinusoidal,soft_mld,6.0,0.00250000,0.00353553,0.00000000,0.00687876,5,100,0.0037
reed_solomon_binary_16_8,rayleigh_awgn,syndrome,0.0,0.48350000,0.04900893,0.42280238,0.54419762,5,100,0.0183
reed_solomon_binary_16_8,rayleigh_awgn,syndrome,1.0,0.44550000,0.02896118,0.40963154,0.48136846,5,100,0.0197
reed_solomon_binary_16_8,rayleigh_awgn,syndrome,2.0,0.38875000,0.03036239,0.35114613,0.42635387,5,100,0.0202
reed_solomon_binary_16_8,rayleigh_awgn,syndrome,3.0,0.32525000,0.03273234,0.28471095,0.36578905,5,100,0.0209
reed_solomon_binary_16_8,rayleigh_awgn,syndrome,4.0,0.26800000,0.04548008,0.21167286,0.32432714,5,100,0.0187
reed_solomon_binary_16_8,rayleigh_awgn,syndrome,5.0,0.19750000,0.03141208,0.15859610,0.23640390,5,100,0.0187
reed_solomon_binary_16_8,rayleigh_awgn,syndrome,6.0,0.13850000,0.02965162,0.10177643,0.17522357,5,100,0.0183
reed_solomon_binary_16_8,rayleigh_awgn,chase,0.0,0.20100000,0.02344208,0.17196695,0.23003305,5,100,0.1633
reed_solomon_binary_16_8,rayleigh_awgn,chase,1.0,0.15075000,0.01560248,0.13142630,0.17007370,5,100,0.1626
reed_solomon_binary_16_8,rayleigh_awgn,chase,2.0,0.10875000,0.02009742,0.08385932,0.13364068,5,100,0.1635
reed_solomon_binary_16_8,rayleigh_awgn,chase,3.0,0.07775000,0.01170603,0.06325206,0.09224794,5,100,0.1735
reed_solomon_binary_16_8,rayleigh_awgn,chase,4.0,0.04375000,0.00565962,0.03674056,0.05075944,5,100,0.1598
reed_solomon_binary_16_8,rayleigh_awgn,chase,5.0,0.02325000,0.00763422,0.01379501,0.03270499,5,100,0.1632
reed_solomon_binary_16_8,rayleigh_awgn,chase,6.0,0.01250000,0.00870524,0.00171855,0.02328145,5,100,0.1619
reed_solomon_binary_16_8,rayleigh_awgn,hard_mld,0.0,0.27875000,0.02620532,0.24629468,0.31120532,5,100,0.0122
reed_solomon_binary_16_8,rayleigh_awgn,hard_mld,1.0,0.23675000,0.01511932,0.21802471,0.25547529,5,100,0.0123
reed_solomon_binary_16_8,rayleigh_awgn,hard_mld,2.0,0.20775000,0.00797457,0.19787349,0.21762651,5,100,0.0121
reed_solomon_binary_16_8,rayleigh_awgn,hard_mld,3.0,0.17125000,0.02134171,0.14481826,0.19768174,5,100,0.0193
reed_solomon_binary_16_8,rayleigh_awgn,hard_mld,4.0,0.13525000,0.02228018,0.10765597,0.16284403,5,100,0.0118
reed_solomon_binary_16_8,rayleigh_awgn,hard_mld,5.0,0.10125000,0.01839242,0.07847096,0.12402904,5,100,0.0126
reed_solomon_binary_16_8,rayleigh_awgn,hard_mld,6.0,0.07550000,0.01755794,0.05375447,0.09724553,5,100,0.0119
reed_solomon_binary_16_8,rayleigh_awgn,soft_mld,0.0,0.20000000,0.02318405,0.17128653,0.22871347,5,100,0.0036
reed_solomon_binary_16_8,rayleigh_awgn,soft_mld,1.0,0.15025000,0.01235541,0.13494780,0.16555220,5,100,0.0039
reed_solomon_binary_16_8,rayleigh_awgn,soft_mld,2.0,0.10825000,0.02251041,0.08037082,0.13612918,5,100,0.0044
reed_solomon_binary_16_8,rayleigh_awgn,soft_mld,3.0,0.07925000,0.01597361,0.05946666,0.09903334,5,100,0.0062
reed_solomon_binary_16_8,rayleigh_awgn,soft_mld,4.0,0.04325000,0.00628739,0.03546306,0.05103694,5,100,0.0037
reed_solomon_binary_16_8,rayleigh_awgn,soft_mld,5.0,0.02225000,0.00863315,0.01155783,0.03294217,5,100,0.0040
reed_solomon_binary_16_8,rayleigh_awgn,soft_mld,6.0,0.01150000,0.00898784,0.00036855,0.02263145,5,100,0.0044
reed_solomon_binary_16_8,rayleigh,syndrome,0.0,0.45050000,0.05450487,0.38299564,0.51800436,5,100,0.0165
reed_solomon_binary_16_8,rayleigh,syndrome,1.0,0.40950000,0.06093413,0.33403299,0.48496701,5,100,0.0190
reed_solomon_binary_16_8,rayleigh,syndrome,2.0,0.35475000,0.05537796,0.28616432,0.42333568,5,100,0.0170
reed_solomon_binary_16_8,rayleigh,syndrome,3.0,0.30050000,0.05044025,0.23802969,0.36297031,5,100,0.0164
reed_solomon_binary_16_8,rayleigh,syndrome,4.0,0.25300000,0.04564298,0.19647111,0.30952889,5,100,0.0168
reed_solomon_binary_16_8,rayleigh,syndrome,5.0,0.21075000,0.04244114,0.15818660,0.26331340,5,100,0.0177
reed_solomon_binary_16_8,rayleigh,syndrome,6.0,0.17050000,0.04293527,0.11732461,0.22367539,5,100,0.0172
reed_solomon_binary_16_8,rayleigh,chase,0.0,0.20075000,0.02456815,0.17032232,0.23117768,5,100,0.1475
reed_solomon_binary_16_8,rayleigh,chase,1.0,0.17500000,0.02301494,0.14649597,0.20350403,5,100,0.1535
reed_solomon_binary_16_8,rayleigh,chase,2.0,0.15400000,0.02319078,0.12527818,0.18272182,5,100,0.1406
reed_solomon_binary_16_8,rayleigh,chase,3.0,0.13175000,0.02090903,0.10585414,0.15764586,5,100,0.1430
reed_solomon_binary_16_8,rayleigh,chase,4.0,0.10950000,0.02203690,0.08220727,0.13679273,5,100,0.1487
reed_solomon_binary_16_8,rayleigh,chase,5.0,0.08775000,0.01387444,0.07056649,0.10493351,5,100,0.1448
reed_solomon_binary_16_8,rayleigh,chase,6.0,0.07100000,0.01361869,0.05413323,0.08786677,5,100,0.1448
reed_solomon_binary_16_8,rayleigh,hard_mld,0.0,0.25200000,0.03267501,0.21153196,0.29246804,5,100,0.0106
reed_solomon_binary_16_8,rayleigh,hard_mld,1.0,0.22425000,0.02613965,0.19187601,0.25662399,5,100,0.0115
reed_solomon_binary_16_8,rayleigh,hard_mld,2.0,0.19500000,0.02269017,0.16689820,0.22310180,5,100,0.0109
reed_solomon_binary_16_8,rayleigh,hard_mld,3.0,0.16675000,0.02505619,0.13571788,0.19778212,5,100,0.0106
reed_solomon_binary_16_8,rayleigh,hard_mld,4.0,0.14300000,0.02346207,0.11394220,0.17205780,5,100,0.0121
reed_solomon_binary_16_8,rayleigh,hard_mld,5.0,0.12375000,0.02692582,0.09040233,0.15709767,5,100,0.0111
reed_solomon_binary_16_8,rayleigh,hard_mld,6.0,0.09975000,0.02133073,0.07333186,0.12616814,5,100,0.0122
reed_solomon_binary_16_8,rayleigh,soft_mld,0.0,0.19450000,0.02568742,0.16268609,0.22631391,5,100,0.0040
reed_solomon_binary_16_8,rayleigh,soft_mld,1.0,0.17050000,0.02958832,0.13385483,0.20714517,5,100,0.0037
reed_solomon_binary_16_8,rayleigh,soft_mld,2.0,0.15000000,0.02768404,0.11571328,0.18428672,5,100,0.0036
reed_solomon_binary_16_8,rayleigh,soft_mld,3.0,0.12900000,0.02652240,0.09615198,0.16184802,5,100,0.0035
reed_solomon_binary_16_8,rayleigh,soft_mld,4.0,0.10850000,0.02467603,0.07793871,0.13906129,5,100,0.0040
reed_solomon_binary_16_8,rayleigh,soft_mld,5.0,0.08725000,0.01487973,0.06882144,0.10567856,5,100,0.0040
reed_solomon_binary_16_8,rayleigh,soft_mld,6.0,0.07100000,0.01628362,0.05083272,0.09116728,5,100,0.0036
reed_solomon_binary_16_8,sinusoidal,syndrome,0.0,0.38700000,0.04506592,0.33118579,0.44281421,5,100,0.0196
reed_solomon_binary_16_8,sinusoidal,syndrome,1.0,0.31200000,0.04460416,0.25675769,0.36724231,5,100,0.0182
reed_solomon_binary_16_8,sinusoidal,syndrome,2.0,0.23575000,0.03160548,0.19660657,0.27489343,5,100,0.0195
reed_solomon_binary_16_8,sinusoidal,syndrome,3.0,0.16750000,0.01608085,0.14758385,0.18741615,5,100,0.0196
reed_solomon_binary_16_8,sinusoidal,syndrome,4.0,0.11725000,0.02809582,0.08245329,0.15204671,5,100,0.0192
reed_solomon_binary_16_8,sinusoidal,syndrome,5.0,0.06175000,0.02131607,0.03535001,0.08814999,5,100,0.0190
reed_solomon_binary_16_8,sinusoidal,syndrome,6.0,0.03600000,0.01625961,0.01586245,0.05613755,5,100,0.0175
reed_solomon_binary_16_8,sinusoidal,chase,0.0,0.13650000,0.02236767,0.10879762,0.16420238,5,100,0.1634
reed_solomon_binary_16_8,sinusoidal,chase,1.0,0.09025000,0.01332878,0.07374229,0.10675771,5,100,0.1624
reed_solomon_binary_16_8,sinusoidal,chase,2.0,0.05275000,0.00698212,0.04410264,0.06139736,5,100,0.1659
reed_solomon_binary_16_8,sinusoidal,chase,3.0,0.02900000,0.00389310,0.02417839,0.03382161,5,100,0.1659
reed_solomon_binary_16_8,sinusoidal,chase,4.0,0.01725000,0.00981867,0.00508957,0.02941043,5,100,0.1655
reed_solomon_binary_16_8,sinusoidal,chase,5.0,0.00725000,0.00602080,0.00000000,0.01470677,5,100,0.1604
reed_solomon_binary_16_8,sinusoidal,chase,6.0,0.00275000,0.00285044,0.00000000,0.00628027,5,100,0.1721
reed_solomon_binary_16_8,sinusoidal,hard_mld,0.0,0.21000000,0.04509539,0.15414931,0.26585069,5,100,0.0121
reed_solomon_binary_16_8,sinusoidal,hard_mld,1.0,0.16250000,0.04750000,0.10367119,0.22132881,5,100,0.0123
reed_solomon_binary_16_8,sinusoidal,hard_mld,2.0,0.12525000,0.03809322,0.07807149,0.17242851,5,100,0.0123
reed_solomon_binary_16_8,sinusoidal,hard_mld,3.0,0.08925000,0.01907223,0.06562902,0.11287098,5,100,0.0121
reed_solomon_binary_16_8,sinusoidal,hard_mld,4.0,0.06275000,0.01356120,0.04595443,0.07954557,5,100,0.0120
reed_solomon_binary_16_8,sinusoidal,hard_mld,5.0,0.03375000,0.00852386,0.02319318,0.04430682,5,100,0.0120
reed_solomon_binary_16_8,sinusoidal,hard_mld,6.0,0.01650000,0.00575543,0.00937189,0.02362811,5,100,0.0110
reed_solomon_binary_16_8,sinusoidal,soft_mld,0.0,0.13750000,0.02255202,0.10956929,0.16543071,5,100,0.0041
reed_solomon_binary_16_8,sinusoidal,soft_mld,1.0,0.09325000,0.01294821,0.07721362,0.10928638,5,100,0.0037
reed_solomon_binary_16_8,sinusoidal,soft_mld,2.0,0.05325000,0.00549147,0.04644881,0.06005119,5,100,0.0036
reed_solomon_binary_16_8,sinusoidal,soft_mld,3.0,0.02775000,0.00547723,0.02096645,0.03453355,5,100,0.0041
reed_solomon_binary_16_8,sinusoidal,soft_mld,4.0,0.01750000,0.00927025,0.00601879,0.02898121,5,100,0.0035
reed_solomon_binary_16_8,sinusoidal,soft_mld,5.0,0.00725000,0.00602080,0.00000000,0.01470677,5,100,0.0037
reed_solomon_binary_16_8,sinusoidal,soft_mld,6.0,0.00275000,0.00285044,0.00000000,0.00628027,5,100,0.0038
ldpc_16_8,rayleigh_awgn,syndrome,0.0,0.49200000,0.04068361,0.44161329,0.54238671,5,100,0.0232
ldpc_16_8,rayleigh_awgn,syndrome,1.0,0.40500000,0.05017158,0.34286243,0.46713757,5,100,0.0232
ldpc_16_8,rayleigh_awgn,syndrome,2.0,0.34225000,0.03736852,0.29596904,0.38853096,5,100,0.0241
ldpc_16_8,rayleigh_awgn,syndrome,3.0,0.29900000,0.04555560,0.24257933,0.35542067,5,100,0.0247
ldpc_16_8,rayleigh_awgn,syndrome,4.0,0.25250000,0.05138701,0.18885712,0.31614288,5,100,0.0251
ldpc_16_8,rayleigh_awgn,syndrome,5.0,0.17575000,0.02072137,0.15008656,0.20141344,5,100,0.0257
ldpc_16_8,rayleigh_awgn,syndrome,6.0,0.14000000,0.02186607,0.11291884,0.16708116,5,100,0.0248
ldpc_16_8,rayleigh_awgn,chase,0.0,0.16575000,0.01777903,0.14373065,0.18776935,5,100,0.1573
ldpc_16_8,rayleigh_awgn,chase,1.0,0.12200000,0.01472668,0.10376099,0.14023901,5,100,0.1630
ldpc_16_8,rayleigh_awgn,chase,2.0,0.10075000,0.01580150,0.08117982,0.12032018,5,100,0.1679
ldpc_16_8,rayleigh_awgn,chase,3.0,0.07425000,0.01264293,0.05859171,0.08990829,5,100,0.1709
ldpc_16_8,rayleigh_awgn,chase,4.0,0.04175000,0.00817771,0.03162189,0.05187811,5,100,0.1769
ldpc_16_8,rayleigh_awgn,chase,5.0,0.02025000,0.00335410,0.01609594,0.02440406,5,100,0.1707
ldpc_16_8,rayleigh_awgn,chase,6.0,0.01150000,0.00205396,0.00895617,0.01404383,5,100,0.1672
ldpc_16_8,rayleigh_awgn,hard_mld,0.0,0.22775000,0.02342541,0.19873759,0.25676241,5,100,0.0116
ldpc_16_8,rayleigh_awgn,hard_mld,1.0,0.19625000,0.02694033,0.16288437,0.22961563,5,100,0.0120
ldpc_16_8,rayleigh_awgn,hard_mld,2.0,0.16450000,0.01923538,0.14067695,0.18832305,5,100,0.0121
ldpc_16_8,rayleigh_awgn,hard_mld,3.0,0.13400000,0.02364120,0.10472035,0.16327965,5,100,0.0126
ldpc_16_8,rayleigh_awgn,hard_mld,4.0,0.10500000,0.02853178,0.06966335,0.14033665,5,100,0.0132
ldpc_16_8,rayleigh_awgn,hard_mld,5.0,0.07575000,0.01989425,0.05111094,0.10038906,5,100,0.0138
ldpc_16_8,rayleigh_awgn,hard_mld,6.0,0.05400000,0.01222830,0.03885524,0.06914476,5,100,0.0131
ldpc_16_8,rayleigh_awgn,soft_mld,0.0,0.16325000,0.01570231,0.14380267,0.18269733,5,100,0.0043
ldpc_16_8,rayleigh_awgn,soft_mld,1.0,0.12225000,0.01318143,0.10592479,0.13857521,5,100,0.0044
ldpc_16_8,rayleigh_awgn,soft_mld,2.0,0.09975000,0.01448059,0.08181577,0.11768423,5,100,0.0036
ldpc_16_8,rayleigh_awgn,soft_mld,3.0,0.06925000,0.01432328,0.05151060,0.08698940,5,100,0.0044
ldpc_16_8,rayleigh_awgn,soft_mld,4.0,0.04175000,0.00504666,0.03549971,0.04800029,5,100,0.0049
ldpc_16_8,rayleigh_awgn,soft_mld,5.0,0.02200000,0.00420193,0.01679590,0.02720410,5,100,0.0038
ldpc_16_8,rayleigh_awgn,soft_mld,6.0,0.01150000,0.00205396,0.00895617,0.01404383,5,100,0.0048
ldpc_16_8,rayleigh,syndrome,0.0,0.43125000,0.03960745,0.38219612,0.48030388,5,100,0.0206
ldpc_16_8,rayleigh,syndrome,1.0,0.38250000,0.04722784,0.32400826,0.44099174,5,100,0.0216
ldpc_16_8,rayleigh,syndrome,2.0,0.33300000,0.02411885,0.30312878,0.36287122,5,100,0.0218
ldpc_16_8,rayleigh,syndrome,3.0,0.27825000,0.01935685,0.25427652,0.30222348,5,100,0.0239
ldpc_16_8,rayleigh,syndrome,4.0,0.24075000,0.03033150,0.20318440,0.27831560,5,100,0.0219
ldpc_16_8,rayleigh,syndrome,5.0,0.19825000,0.02762189,0.16404025,0.23245975,5,100,0.0202
ldpc_16_8,rayleigh,syndrome,6.0,0.17425000,0.03007283,0.13700476,0.21149524,5,100,0.0209
ldpc_16_8,rayleigh,chase,0.0,0.18600000,0.02242000,0.15823280,0.21376720,5,100,0.1464
ldpc_16_8,rayleigh,chase,1.0,0.16200000,0.01501562,0.14340314,0.18059686,5,100,0.1499
ldpc_16_8,rayleigh,chase,2.0,0.13575000,0.01519663,0.11692896,0.15457104,5,100,0.1496
ldpc_16_8,rayleigh,chase,3.0,0.10900000,0.01604194,0.08913204,0.12886796,5,100,0.1505
ldpc_16_8,rayleigh,chase,4.0,0.09325000,0.02120584,0.06698654,0.11951346,5,100,0.1513
ldpc_16_8,rayleigh,chase,5.0,0.08175000,0.01791037,0.05956799,0.10393201,5,100,0.1509
ldpc_16_8,rayleigh,chase,6.0,0.06575000,0.01733403,0.04428178,0.08721822,5,100,0.1512
ldpc_16_8,rayleigh,hard_mld,0.0,0.22700000,0.01088290,0.21352151,0.24047849,5,100,0.0110
ldpc_16_8,rayleigh,hard_mld,1.0,0.20675000,0.01154475,0.19245181,0.22104819,5,100,0.0121
ldpc_16_8,rayleigh,hard_mld,2.0,0.17450000,0.00778621,0.16485677,0.18414323,5,100,0.0118
ldpc_16_8,rayleigh,hard_mld,3.0,0.14900000,0.00961769,0.13708848,0.16091152,5,100,0.0109
ldpc_16_8,rayleigh,hard_mld,4.0,0.13050000,0.01614388,0.11050578,0.15049422,5,100,0.0108
ldpc_16_8,rayleigh,hard_mld,5.0,0.10475000,0.01373294,0.08774173,0.12175827,5,100,0.0118
ldpc_16_8,rayleigh,hard_mld,6.0,0.09225000,0.01398660,0.07492758,0.10957242,5,100,0.0112
ldpc_16_8,rayleigh,soft_mld,0.0,0.18850000,0.02314020,0.15984083,0.21715917,5,100,0.0037
ldpc_16_8,rayleigh,soft_mld,1.0,0.16175000,0.01896955,0.13825619,0.18524381,5,100,0.0035
ldpc_16_8,rayleigh,soft_mld,2.0,0.13625000,0.02157835,0.10952519,0.16297481,5,100,0.0038
ldpc_16_8,rayleigh,soft_mld,3.0,0.10975000,0.01877914,0.08649201,0.13300799,5,100,0.0036
ldpc_16_8,rayleigh,soft_mld,4.0,0.09475000,0.02231521,0.06711258,0.12238742,5,100,0.0050
ldpc_16_8,rayleigh,soft_mld,5.0,0.08000000,0.01769975,0.05807883,0.10192117,5,100,0.0036
ldpc_16_8,rayleigh,soft_mld,6.0,0.06525000,0.01748660,0.04359282,0.08690718,5,100,0.0037
ldpc_16_8,sinusoidal,syndrome,0.0,0.34425000,0.04159515,0.29273436,0.39576564,5,100,0.0237
ldpc_16_8,sinusoidal,syndrome,1.0,0.29600000,0.01744187,0.27439822,0.31760178,5,100,0.0234
ldpc_16_8,sinusoidal,syndrome,2.0,0.23075000,0.01692354,0.20979017,0.25170983,5,100,0.0240
ldpc_16_8,sinusoidal,syndrome,3.0,0.15375000,0.02560212,0.12204174,0.18545826,5,100,0.0245
ldpc_16_8,sinusoidal,syndrome,4.0,0.10175000,0.02545830,0.07021986,0.13328014,5,100,0.0249
ldpc_16_8,sinusoidal,syndrome,5.0,0.06925000,0.02278637,0.04102905,0.09747095,5,100,0.0238
ldpc_16_8,sinusoidal,syndrome,6.0,0.03875000,0.02115789,0.01254593,0.06495407,5,100,0.0238
ldpc_16_8,sinusoidal,chase,0.0,0.09325000,0.00337731,0.08906719,0.09743281,5,100,0.1648
ldpc_16_8,sinusoidal,chase,1.0,0.06750000,0.00459279,0.06181182,0.07318818,5,100,0.1701
ldpc_16_8,sinusoidal,chase,2.0,0.04125000,0.00551985,0.03441366,0.04808634,5,100,0.1716
ldpc_16_8,sinusoidal,chase,3.0,0.02550000,0.00337731,0.02131719,0.02968281,5,100,0.1746
ldpc_16_8,sinusoidal,chase,4.0,0.01200000,0.00243670,0.00898215,0.01501785,5,100,0.1750
ldpc_16_8,sinusoidal,chase,5.0,0.00500000,0.00459279,0.00000000,0.01068818,5,100,0.1757
ldpc_16_8,sinusoidal,chase,6.0,0.00225000,0.00311247,0.00000000,0.00610480,5,100,0.1795
ldpc_16_8,sinusoidal,hard_mld,0.0,0.18025000,0.02406696,0.15044303,0.21005697,5,100,0.0122
ldpc_16_8,sinusoidal,hard_mld,1.0,0.14825000,0.01673787,0.12752013,0.16897987,5,100,0.0124
ldpc_16_8,sinusoidal,hard_mld,2.0,0.10750000,0.00586302,0.10023864,0.11476136,5,100,0.0130
ldpc_16_8,sinusoidal,hard_mld,3.0,0.07200000,0.01229837,0.05676845,0.08723155,5,100,0.0122
ldpc_16_8,sinusoidal,hard_mld,4.0,0.05100000,0.01105385,0.03730980,0.06469020,5,100,0.0121
ldpc_16_8,sinusoidal,hard_mld,5.0,0.03050000,0.01161222,0.01611825,0.04488175,5,100,0.0124
ldpc_16_8,sinusoidal,hard_mld,6.0,0.01600000,0.00961769,0.00408848,0.02791152,5,100,0.0124
ldpc_16_8,sinusoidal,soft_mld,0.0,0.09275000,0.00510820,0.08642348,0.09907652,5,100,0.0040
ldpc_16_8,sinusoidal,soft_mld,1.0,0.06750000,0.00250000,0.06440375,0.07059625,5,100,0.0035
ldpc_16_8,sinusoidal,soft_mld,2.0,0.04150000,0.00510820,0.03517348,0.04782652,5,100,0.0039
ldpc_16_8,sinusoidal,soft_mld,3.0,0.02650000,0.00270994,0.02314374,0.02985626,5,100,0.0038
ldpc_16_8,sinusoidal,soft_mld,4.0,0.01125000,0.00385276,0.00647835,0.01602165,5,100,0.0038
ldpc_16_8,sinusoidal,soft_mld,5.0,0.00475000,0.00487340,0.00000000,0.01078571,5,100,0.0041
ldpc_16_8,sinusoidal,soft_mld,6.0,0.00225000,0.00311247,0.00000000,0.00610480,5,100,0.0038
wavelet_32_16,rayleigh_awgn,syndrome,0.0,0.90075000,0.04451869,0.84561354,0.95588646,5,100,0.0923
wavelet_32_16,rayleigh_awgn,syndrome,1.0,0.87162500,0.04860676,0.81142546,0.93182454,5,100,0.0914
wavelet_32_16,rayleigh_awgn,syndrome,2.0,0.80575000,0.04372857,0.75159211,0.85990789,5,100,0.0969
wavelet_32_16,rayleigh_awgn,syndrome,3.0,0.71075000,0.05067783,0.64798544,0.77351456,5,100,0.0990
wavelet_32_16,rayleigh_awgn,syndrome,4.0,0.62187500,0.06150616,0.54569954,0.69805046,5,100,0.0937
wavelet_32_16,rayleigh_awgn,syndrome,5.0,0.49187500,0.03727013,0.44571590,0.53803410,5,100,0.0947
wavelet_32_16,rayleigh_awgn,syndrome,6.0,0.37550000,0.04919945,0.31456642,0.43643358,5,100,0.1043
wavelet_32_16,rayleigh_awgn,chase,0.0,0.35825000,0.03352762,0.31672599,0.39977401,5,100,0.6181
wavelet_32_16,rayleigh_awgn,chase,1.0,0.28662500,0.03235726,0.24655049,0.32669951,5,100,0.6357
wavelet_32_16,rayleigh_awgn,chase,2.0,0.22562500,0.02020404,0.20060227,0.25064773,5,100,0.6520
wavelet_32_16,rayleigh_awgn,chase,3.0,0.14575000,0.02280351,0.11750782,0.17399218,5,100,0.6450
wavelet_32_16,rayleigh_awgn,chase,4.0,0.07987500,0.02228806,0.05227120,0.10747880,5,100,0.6449
wavelet_32_16,rayleigh_awgn,chase,5.0,0.03425000,0.01233010,0.01897916,0.04952084,5,100,0.7054
wavelet_32_16,rayleigh_awgn,chase,6.0,0.01287500,0.00522165,0.00640798,0.01934202,5,100,0.7297
wavelet_32_16,rayleigh_awgn,hard_mld,0.0,0.42775000,0.01225223,0.41257559,0.44292441,5,100,4.1944
wavelet_32_16,rayleigh_awgn,hard_mld,1.0,0.37287500,0.01540216,0.35379940,0.39195060,5,100,4.0069
wavelet_32_16,rayleigh_awgn,hard_mld,2.0,0.32975000,0.01879993,0.30646626,0.35303374,5,100,3.9871
wavelet_32_16,rayleigh_awgn,hard_mld,3.0,0.26712500,0.02066568,0.24153053,0.29271947,5,100,4.1623
wavelet_32_16,rayleigh_awgn,hard_mld,4.0,0.23512500,0.01786123,0.21300385,0.25724615,5,100,4.0490
wavelet_32_16,rayleigh_awgn,hard_mld,5.0,0.15700000,0.01520305,0.13817100,0.17582900,5,100,4.2084
wavelet_32_16,rayleigh_awgn,hard_mld,6.0,0.10500000,0.01610512,0.08505378,0.12494622,5,100,4.2750
wavelet_32_16,rayleigh_awgn,soft_mld,0.0,0.32125000,0.03261997,0.28085012,0.36164988,5,100,0.8311
wavelet_32_16,rayleigh_awgn,soft_mld,1.0,0.25325000,0.02111353,0.22710086,0.27939914,5,100,0.7835
wavelet_32_16,rayleigh_awgn,soft_mld,2.0,0.19400000,0.02171639,0.16710422,0.22089578,5,100,0.8280
wavelet_32_16,rayleigh_awgn,soft_mld,3.0,0.12637500,0.01450619,0.10840906,0.14434094,5,100,0.7946
wavelet_32_16,rayleigh_awgn,soft_mld,4.0,0.06150000,0.01044517,0.04856364,0.07443636,5,100,0.8814
wavelet_32_16,rayleigh_awgn,soft_mld,5.0,0.02787500,0.00753378,0.01854441,0.03720559,5,100,0.9360
wavelet_32_16,rayleigh_awgn,soft_mld,6.0,0.00462500,0.00363361,0.00012477,0.00912523,5,100,0.9950
wavelet_32_16,rayleigh,syndrome,0.0,0.74750000,0.05942925,0.67389679,0.82110321,5,100,0.0863
wavelet_32_16,rayleigh,syndrome,1.0,0.68450000,0.02322361,0.65573753,0.71326247,5,100,0.0817
wavelet_32_16,rayleigh,syndrome,2.0,0.59487500,0.05448875,0.52739062,0.66235938,5,100,0.0843
wavelet_32_16,rayleigh,syndrome,3.0,0.51275000,0.05756213,0.44145923,0.58404077,5,100,0.0813
wavelet_32_16,rayleigh,syndrome,4.0,0.45112500,0.04855812,0.39098571,0.51126429,5,100,0.0847
wavelet_32_16,rayleigh,syndrome,5.0,0.35437500,0.03840827,0.30680631,0.40194369,5,100,0.0830
wavelet_32_16,rayleigh,syndrome,6.0,0.28737500,0.03683101,0.24175974,0.33299026,5,100,0.0865
wavelet_32_16,rayleigh,chase,0.0,0.28825000,0.01021641,0.27559696,0.30090304,5,100,0.5801
wavelet_32_16,rayleigh,chase,1.0,0.24925000,0.01646730,0.22885523,0.26964477,5,100,0.5894
wavelet_32_16,rayleigh,chase,2.0,0.20325000,0.01580768,0.18367217,0.22282783,5,100,0.6006
wavelet_32_16,rayleigh,chase,3.0,0.17850000,0.01000586,0.16610773,0.19089227,5,100,0.6487
wavelet_32_16,rayleigh,chase,4.0,0.14212500,0.01395165,0.12484587,0.15940413,5,100,0.6195
wavelet_32_16,rayleigh,chase,5.0,0.11875000,0.01554354,0.09949931,0.13800069,5,100,0.7374
wavelet_32_16,rayleigh,chase,6.0,0.09462500,0.01163071,0.08022035,0.10902965,5,100,0.6478
wavelet_32_16,rayleigh,hard_mld,0.0,0.35125000,0.03556464,0.30720314,0.39529686,5,100,3.8069
wavelet_32_16,rayleigh,hard_mld,1.0,0.31125000,0.02623884,0.27875317,0.34374683,5,100,3.7018
wavelet_32_16,rayleigh,hard_mld,2.0,0.26600000,0.03395367,0.22394834,0.30805166,5,100,3.7909
wavelet_32_16,rayleigh,hard_mld,3.0,0.23187500,0.02395063,0.20221211,0.26153789,5,100,3.8355
wavelet_32_16,rayleigh,hard_mld,4.0,0.19375000,0.02081353,0.16797241,0.21952759,5,100,3.8056
wavelet_32_16,rayleigh,hard_mld,5.0,0.15887500,0.02382964,0.12936196,0.18838804,5,100,3.8248
wavelet_32_16,rayleigh,hard_mld,6.0,0.13037500,0.02121597,0.10409900,0.15665100,5,100,3.8604
wavelet_32_16,rayleigh,soft_mld,0.0,0.27525000,0.01665716,0.25462009,0.29587991,5,100,0.7935
wavelet_32_16,rayleigh,soft_mld,1.0,0.23650000,0.01956859,0.21226428,0.26073572,5,100,0.7872
wavelet_32_16,rayleigh,soft_mld,2.0,0.19375000,0.01928912,0.16986039,0.21763961,5,100,0.8173
wavelet_32_16,rayleigh,soft_mld,3.0,0.17150000,0.01118558,0.15764665,0.18535335,5,100,0.8168
wavelet_32_16,rayleigh,soft_mld,4.0,0.13325000,0.01127948,0.11928036,0.14721964,5,100,0.7974
wavelet_32_16,rayleigh,soft_mld,5.0,0.11475000,0.01008363,0.10226141,0.12723859,5,100,0.8973
wavelet_32_16,rayleigh,soft_mld,6.0,0.08987500,0.01546417,0.07072260,0.10902740,5,100,0.8048
wavelet_32_16,sinusoidal,syndrome,0.0,0.82187500,0.06388008,0.74275944,0.90099056,5,100,0.0953
wavelet_32_16,sinusoidal,syndrome,1.0,0.70250000,0.03096747,0.66414674,0.74085326,5,100,0.0939
wavelet_32_16,sinusoidal,syndrome,2.0,0.55750000,0.03108708,0.51899862,0.59600138,5,100,0.0914
wavelet_32_16,sinusoidal,syndrome,3.0,0.41450000,0.04537044,0.35830865,0.47069135,5,100,0.0945
wavelet_32_16,sinusoidal,syndrome,4.0,0.26437500,0.05631073,0.19463409,0.33411591,5,100,0.0941
wavelet_32_16,sinusoidal,syndrome,5.0,0.13087500,0.02611423,0.09853249,0.16321751,5,100,0.1027
wavelet_32_16,sinusoidal,syndrome,6.0,0.06512500,0.01802992,0.04279492,0.08745508,5,100,0.0968
wavelet_32_16,sinusoidal,chase,0.0,0.22175000,0.02168849,0.19488878,0.24861122,5,100,0.6231
wavelet_32_16,sinusoidal,chase,1.0,0.13062500,0.01567492,0.11121159,0.15003841,5,100,0.6518
wavelet_32_16,sinusoidal,chase,2.0,0.06025000,0.01036068,0.04741828,0.07308172,5,100,0.6305
wavelet_32_16,sinusoidal,chase,3.0,0.02662500,0.00949506,0.01486535,0.03838465,5,100,0.6761
wavelet_32_16,sinusoidal,chase,4.0,0.00662500,0.00422973,0.00138647,0.01186353,5,100,0.7105
wavelet_32_16,sinusoidal,chase,5.0,0.00112500,0.00251558,0.00000000,0.00424054,5,100,0.7175
wavelet_32_16,sinusoidal,chase,6.0,0.00000000,0.00000000,0.00000000,0.00000000,5,100,0.7120
wavelet_32_16,sinusoidal,hard_mld,0.0,0.33875000,0.01346291,0.32207617,0.35542383,5,100,4.2474
wavelet_32_16,sinusoidal,hard_mld,1.0,0.26037500,0.01475450,0.24210153,0.27864847,5,100,4.0191
wavelet_32_16,sinusoidal,hard_mld,2.0,0.18537500,0.01353237,0.16861514,0.20213486,5,100,3.9902
wavelet_32_16,sinusoidal,hard_mld,3.0,0.12925000,0.01482581,0.11088821,0.14761179,5,100,4.0066
wavelet_32_16,sinusoidal,hard_mld,4.0,0.07375000,0.00719429,0.06483986,0.08266014,5,100,4.0235
wavelet_32_16,sinusoidal,hard_mld,5.0,0.02950000,0.01235383,0.01419976,0.04480024,5,100,4.0580
wavelet_32_16,sinusoidal,hard_mld,6.0,0.01512500,0.00659071,0.00696239,0.02328761,5,100,4.0725
wavelet_32_16,sinusoidal,soft_mld,0.0,0.20875000,0.02251302,0.18086760,0.23663240,5,100,0.7696
wavelet_32_16,sinusoidal,soft_mld,1.0,0.12262500,0.01746313,0.10099689,0.14425311,5,100,0.8278
wavelet_32_16,sinusoidal,soft_mld,2.0,0.05250000,0.01244519,0.03708661,0.06791339,5,100,0.7787
wavelet_32_16,sinusoidal,soft_mld,3.0,0.01937500,0.00494106,0.01325549,0.02549451,5,100,0.8017
wavelet_32_16,sinusoidal,soft_mld,4.0,0.00650000,0.00501171,0.00029300,0.01270700,5,100,0.8028
wavelet_32_16,sinusoidal,soft_mld,5.0,0.00000000,0.00000000,0.00000000,0.00000000,5,100,0.7808
wavelet_32_16,sinusoidal,soft_mld,6.0,0.00000000,0.00000000,0.00000000,0.00000000,5,100,0.7854
bch_derived_32_16,rayleigh_awgn,syndrome,0.0,0.97625000,0.01173436,0.96171697,0.99078303,5,100,0.0386
bch_derived_32_16,rayleigh_awgn,syndrome,1.0,0.97187500,0.01210307,0.95688533,0.98686467,5,100,0.0456
bch_derived_32_16,rayleigh_awgn,syndrome,2.0,0.92537500,0.00955657,0.91353917,0.93721083,5,100,0.0395
bch_derived_32_16,rayleigh_awgn,syndrome,3.0,0.88687500,0.02103754,0.86081998,0.91293002,5,100,0.0416
bch_derived_32_16,rayleigh_awgn,syndrome,4.0,0.81250000,0.02248263,0.78465523,0.84034477,5,100,0.0439
bch_derived_32_16,rayleigh_awgn,syndrome,5.0,0.71075000,0.04029530,0.66084422,0.76065578,5,100,0.0492
bch_derived_32_16,rayleigh_awgn,syndrome,6.0,0.62262500,0.04264772,0.56980574,0.67544426,5,100,0.0383
bch_derived_32_16,rayleigh_awgn,chase,0.0,0.73537500,0.03614911,0.69060429,0.78014571,5,100,0.2927
bch_derived_32_16,rayleigh_awgn,chase,1.0,0.68137500,0.03108519,0.64287595,0.71987405,5,100,0.2772
bch_derived_32_16,rayleigh_awgn,chase,2.0,0.58025000,0.04761827,0.52127471,0.63922529,5,100,0.2863
bch_derived_32_16,rayleigh_awgn,chase,3.0,0.47787500,0.02551271,0.44627747,0.50947253,5,100,0.2868
bch_derived_32_16,rayleigh_awgn,chase,4.0,0.35725000,0.02217914,0.32978111,0.38471889,5,100,0.2911
bch_derived_32_16,rayleigh_awgn,chase,5.0,0.23737500,0.03176882,0.19802928,0.27672072,5,100,0.2768
bch_derived_32_16,rayleigh_awgn,chase,6.0,0.14100000,0.03680767,0.09541365,0.18658635,5,100,0.2796
bch_derived_32_16,rayleigh_awgn,hard_mld,0.0,0.26862500,0.01177093,0.25404669,0.28320331,5,100,4.4029
bch_derived_32_16,rayleigh_awgn,hard_mld,1.0,0.23275000,0.01324794,0.21634241,0.24915759,5,100,4.3579
bch_derived_32_16,rayleigh_awgn,hard_mld,2.0,0.19537500,0.01390256,0.17815666,0.21259334,5,100,4.1110
bch_derived_32_16,rayleigh_awgn,hard_mld,3.0,0.16275000,0.01209177,0.14777433,0.17772567,5,100,4.0402
bch_derived_32_16,rayleigh_awgn,hard_mld,4.0,0.12512500,0.01535008,0.10611390,0.14413610,5,100,3.9812
bch_derived_32_16,rayleigh_awgn,hard_mld,5.0,0.08925000,0.01159539,0.07488909,0.10361091,5,100,3.7515
bch_derived_32_16,rayleigh_awgn,hard_mld,6.0,0.05875000,0.01091516,0.04523157,0.07226843,5,100,3.7283
bch_derived_32_16,rayleigh_awgn,soft_mld,0.0,0.20225000,0.01413937,0.18473837,0.21976163,5,100,0.9312
bch_derived_32_16,rayleigh_awgn,soft_mld,1.0,0.16487500,0.01325383,0.14846011,0.18128989,5,100,0.8825
bch_derived_32_16,rayleigh_awgn,soft_mld,2.0,0.11100000,0.01388147,0.09380778,0.12819222,5,100,0.8657
bch_derived_32_16,rayleigh_awgn,soft_mld,3.0,0.07175000,0.01663252,0.05115061,0.09234939,5,100,0.8015
bch_derived_32_16,rayleigh_awgn,soft_mld,4.0,0.04150000,0.01345275,0.02483875,0.05816125,5,100,0.8055
bch_derived_32_16,rayleigh_awgn,soft_mld,5.0,0.02012500,0.00751821,0.01081369,0.02943631,5,100,0.8112
bch_derived_32_16,rayleigh_awgn,soft_mld,6.0,0.00850000,0.00240442,0.00552212,0.01147788,5,100,0.7749
bch_derived_32_16,rayleigh,syndrome,0.0,0.84062500,0.02531057,0.80927782,0.87197218,5,100,0.0381
bch_derived_32_16,rayleigh,syndrome,1.0,0.78137500,0.02866972,0.74586751,0.81688249,5,100,0.0460
bch_derived_32_16,rayleigh,syndrome,2.0,0.71537500,0.04247150,0.66277399,0.76797601,5,100,0.0436
bch_derived_32_16,rayleigh,syndrome,3.0,0.63875000,0.03493297,0.59548547,0.68201453,5,100,0.0362
bch_derived_32_16,rayleigh,syndrome,4.0,0.57162500,0.03819052,0.52432599,0.61892401,5,100,0.0355
bch_derived_32_16,rayleigh,syndrome,5.0,0.48975000,0.05654368,0.41972058,0.55977942,5,100,0.0418
bch_derived_32_16,rayleigh,syndrome,6.0,0.42400000,0.04774935,0.36486237,0.48313763,5,100,0.0429
bch_derived_32_16,rayleigh,chase,0.0,0.60137500,0.05141057,0.53770294,0.66504706,5,100,0.2836
bch_derived_32_16,rayleigh,chase,1.0,0.51650000,0.06454407,0.43656208,0.59643792,5,100,0.2869
bch_derived_32_16,rayleigh,chase,2.0,0.45812500,0.06401751,0.37883922,0.53741078,5,100,0.2833
bch_derived_32_16,rayleigh,chase,3.0,0.38962500,0.05483391,0.32171313,0.45753687,5,100,0.2600
bch_derived_32_16,rayleigh,chase,4.0,0.33100000,0.04621536,0.27376222,0.38823778,5,100,0.3034
bch_derived_32_16,rayleigh,chase,5.0,0.27400000,0.02528200,0.24268821,0.30531179,5,100,0.3015
bch_derived_32_16,rayleigh,chase,6.0,0.22900000,0.02227579,0.20141140,0.25658860,5,100,0.3131
bch_derived_32_16,rayleigh,hard_mld,0.0,0.24037500,0.01741385,0.21880792,0.26194208,5,100,3.9031
bch_derived_32_16,rayleigh,hard_mld,1.0,0.20950000,0.02294014,0.18108861,0.23791139,5,100,3.8337
bch_derived_32_16,rayleigh,hard_mld,2.0,0.18662500,0.02209974,0.15925445,0.21399555,5,100,3.9725
bch_derived_32_16,rayleigh,hard_mld,3.0,0.16000000,0.02217649,0.13253438,0.18746562,5,100,3.8382
bch_derived_32_16,rayleigh,hard_mld,4.0,0.13275000,0.02236767,0.10504762,0.16045238,5,100,3.9890
bch_derived_32_16,rayleigh,hard_mld,5.0,0.10737500,0.01454653,0.08935910,0.12539090,5,100,3.9258
bch_derived_32_16,rayleigh,hard_mld,6.0,0.08712500,0.01401450,0.06976802,0.10448198,5,100,3.9606
bch_derived_32_16,rayleigh,soft_mld,0.0,0.20187500,0.01684024,0.18101834,0.22273166,5,100,0.8420
bch_derived_32_16,rayleigh,soft_mld,1.0,0.17012500,0.01833606,0.14741577,0.19283423,5,100,0.8055
bch_derived_32_16,rayleigh,soft_mld,2.0,0.14137500,0.02089969,0.11549071,0.16725929,5,100,0.7935
bch_derived_32_16,rayleigh,soft_mld,3.0,0.11800000,0.01873645,0.09479488,0.14120512,5,100,0.8749
bch_derived_32_16,rayleigh,soft_mld,4.0,0.09962500,0.01433827,0.08186704,0.11738296,5,100,0.8415
bch_derived_32_16,rayleigh,soft_mld,5.0,0.08012500,0.01152782,0.06584778,0.09440222,5,100,0.9253
bch_derived_32_16,rayleigh,soft_mld,6.0,0.05800000,0.01334196,0.04147597,0.07452403,5,100,0.7863
bch_derived_32_16,sinusoidal,syndrome,0.0,0.94900000,0.02133073,0.92258186,0.97541814,5,100,0.0438
bch_derived_32_16,sinusoidal,syndrome,1.0,0.89300000,0.03590188,0.84853547,0.93746453,5,100,0.0419
bch_derived_32_16,sinusoidal,syndrome,2.0,0.81100000,0.03458911,0.76816135,0.85383865,5,100,0.0432
bch_derived_32_16,sinusoidal,syndrome,3.0,0.68287500,0.05728833,0.61192332,0.75382668,5,100,0.0407
bch_derived_32_16,sinusoidal,syndrome,4.0,0.51225000,0.02657757,0.47933365,0.54516635,5,100,0.0431
bch_derived_32_16,sinusoidal,syndrome,5.0,0.36600000,0.06148170,0.28985483,0.44214517,5,100,0.0433
bch_derived_32_16,sinusoidal,syndrome,6.0,0.22000000,0.02828427,0.18496989,0.25503011,5,100,0.0435
bch_derived_32_16,sinusoidal,chase,0.0,0.62000000,0.02980077,0.58309171,0.65690829,5,100,0.2913
bch_derived_32_16,sinusoidal,chase,1.0,0.49287500,0.02755180,0.45875206,0.52699794,5,100,0.3016
bch_derived_32_16,sinusoidal,chase,2.0,0.32312500,0.03193927,0.28356817,0.36268183,5,100,0.3017
bch_derived_32_16,sinusoidal,chase,3.0,0.18862500,0.04136206,0.13739803,0.23985197,5,100,0.3051
bch_derived_32_16,sinusoidal,chase,4.0,0.06687500,0.02878395,0.03122604,0.10252396,5,100,0.3036
bch_derived_32_16,sinusoidal,chase,5.0,0.02675000,0.01793216,0.00454099,0.04895901,5,100,0.3067
bch_derived_32_16,sinusoidal,chase,6.0,0.01000000,0.01000000,0.00000000,0.02238501,5,100,0.3109
bch_derived_32_16,sinusoidal,hard_mld,0.0,0.20875000,0.01509734,0.19005192,0.22744808,5,100,4.0217
bch_derived_32_16,sinusoidal,hard_mld,1.0,0.16537500,0.00908510,0.15412309,0.17662691,5,100,4.0677
bch_derived_32_16,sinusoidal,hard_mld,2.0,0.11837500,0.00525892,0.11186182,0.12488818,5,100,4.0567
bch_derived_32_16,sinusoidal,hard_mld,3.0,0.07625000,0.00921743,0.06483421,0.08766579,5,100,3.9884
bch_derived_32_16,sinusoidal,hard_mld,4.0,0.04487500,0.00959533,0.03299117,0.05675883,5,100,3.9958
bch_derived_32_16,sinusoidal,hard_mld,5.0,0.02025000,0.00786358,0.01051094,0.02998906,5,100,4.0467
bch_derived_32_16,sinusoidal,hard_mld,6.0,0.00850000,0.00481291,0.00253921,0.01446079,5,100,4.0481
bch_derived_32_16,sinusoidal,soft_mld,0.0,0.12537500,0.00815619,0.11527355,0.13547645,5,100,0.7922
bch_derived_32_16,sinusoidal,soft_mld,1.0,0.07300000,0.01582003,0.05340687,0.09259313,5,100,0.8191
bch_derived_32_16,sinusoidal,soft_mld,2.0,0.03312500,0.01405903,0.01571288,0.05053712,5,100,0.7924
bch_derived_32_16,sinusoidal,soft_mld,3.0,0.01287500,0.00401657,0.00790048,0.01784952,5,100,0.7955
bch_derived_32_16,sinusoidal,soft_mld,4.0,0.00287500,0.00104583,0.00157974,0.00417026,5,100,0.7660
bch_derived_32_16,sinusoidal,soft_mld,5.0,0.00100000,0.00162980,0.00000000,0.00301851,5,100,0.8041
bch_derived_32_16,sinusoidal,soft_mld,6.0,0.00000000,0.00000000,0.00000000,0.00000000,5,100,0.7790
goppa_derived_32_16,rayleigh_awgn,syndrome,0.0,0.98012500,0.01716419,0.95886713,1.00138287,5,100,0.0368
goppa_derived_32_16,rayleigh_awgn,syndrome,1.0,0.97100000,0.02149945,0.94437290,0.99762710,5,100,0.0395
goppa_derived_32_16,rayleigh_awgn,syndrome,2.0,0.94300000,0.01408262,0.92555865,0.96044135,5,100,0.0324
goppa_derived_32_16,rayleigh_awgn,syndrome,3.0,0.87550000,0.02189909,0.84837794,0.90262206,5,100,0.0390
goppa_derived_32_16,rayleigh_awgn,syndrome,4.0,0.80550000,0.00926393,0.79402662,0.81697338,5,100,0.0375
goppa_derived_32_16,rayleigh_awgn,syndrome,5.0,0.71250000,0.02839454,0.67733332,0.74766668,5,100,0.0393
goppa_derived_32_16,rayleigh_awgn,syndrome,6.0,0.61400000,0.02880972,0.57831912,0.64968088,5,100,0.0334
goppa_derived_32_16,rayleigh_awgn,chase,0.0,0.62312500,0.03611775,0.57839311,0.66785689,5,100,0.5016
goppa_derived_32_16,rayleigh_awgn,chase,1.0,0.53775000,0.03391050,0.49575180,0.57974820,5,100,0.4517
goppa_derived_32_16,rayleigh_awgn,chase,2.0,0.47050000,0.03305535,0.42956090,0.51143910,5,100,0.4723
goppa_derived_32_16,rayleigh_awgn,chase,3.0,0.37512500,0.03827175,0.32772539,0.42252461,5,100,0.4912
goppa_derived_32_16,rayleigh_awgn,chase,4.0,0.26237500,0.01979090,0.23786395,0.28688605,5,100,0.5004
goppa_derived_32_16,rayleigh_awgn,chase,5.0,0.16162500,0.02604308,0.12937061,0.19387939,5,100,0.4736
goppa_derived_32_16,rayleigh_awgn,chase,6.0,0.07237500,0.02953216,0.03579938,0.10895062,5,100,0.4854
goppa_derived_32_16,rayleigh_awgn,hard_mld,0.0,0.29025000,0.01477434,0.27195196,0.30854804,5,100,3.9632
goppa_derived_32_16,rayleigh_awgn,hard_mld,1.0,0.25537500,0.00792543,0.24555934,0.26519066,5,100,3.6978
goppa_derived_32_16,rayleigh_awgn,hard_mld,2.0,0.21100000,0.00654909,0.20288894,0.21911106,5,100,3.6966
goppa_derived_32_16,rayleigh_awgn,hard_mld,3.0,0.16987500,0.00892022,0.15882730,0.18092270,5,100,3.7717
goppa_derived_32_16,rayleigh_awgn,hard_mld,4.0,0.12937500,0.01440893,0.11152952,0.14722048,5,100,3.7507
goppa_derived_32_16,rayleigh_awgn,hard_mld,5.0,0.09625000,0.01352082,0.07950445,0.11299555,5,100,3.8440
goppa_derived_32_16,rayleigh_awgn,hard_mld,6.0,0.06862500,0.01559622,0.04930906,0.08794094,5,100,3.4536
goppa_derived_32_16,rayleigh_awgn,soft_mld,0.0,0.20800000,0.00783621,0.19829484,0.21770516,5,100,0.8074
goppa_derived_32_16,rayleigh_awgn,soft_mld,1.0,0.16125000,0.01095088,0.14768732,0.17481268,5,100,0.7709
goppa_derived_32_16,rayleigh_awgn,soft_mld,2.0,0.11825000,0.01313541,0.10198177,0.13451823,5,100,0.7816
goppa_derived_32_16,rayleigh_awgn,soft_mld,3.0,0.07112500,0.00905064,0.05991577,0.08233423,5,100,0.7589
goppa_derived_32_16,rayleigh_awgn,soft_mld,4.0,0.04350000,0.01042645,0.03058682,0.05641318,5,100,0.8892
goppa_derived_32_16,rayleigh_awgn,soft_mld,5.0,0.01837500,0.00864445,0.00766883,0.02908117,5,100,0.8354
goppa_derived_32_16,rayleigh_awgn,soft_mld,6.0,0.00750000,0.00229640,0.00465591,0.01034409,5,100,0.7786
goppa_derived_32_16,rayleigh,syndrome,0.0,0.86362500,0.01825599,0.84101493,0.88623507,5,100,0.0389
goppa_derived_32_16,rayleigh,syndrome,1.0,0.80087500,0.02718427,0.76720725,0.83454275,5,100,0.0399
goppa_derived_32_16,rayleigh,syndrome,2.0,0.72250000,0.04465143,0.66719915,0.77780085,5,100,0.0393
goppa_derived_32_16,rayleigh,syndrome,3.0,0.63000000,0.04636809,0.57257306,0.68742694,5,100,0.0374
goppa_derived_32_16,rayleigh,syndrome,4.0,0.55200000,0.03962323,0.50292658,0.60107342,5,100,0.0396
goppa_derived_32_16,rayleigh,syndrome,5.0,0.48000000,0.02345208,0.45095457,0.50904543,5,100,0.0393
goppa_derived_32_16,rayleigh,syndrome,6.0,0.41400000,0.03361547,0.37236719,0.45563281,5,100,0.0369
goppa_derived_32_16,rayleigh,chase,0.0,0.53137500,0.06150044,0.45520662,0.60754338,5,100,0.4966
goppa_derived_32_16,rayleigh,chase,1.0,0.45250000,0.06345212,0.37391446,0.53108554,5,100,0.5078
goppa_derived_32_16,rayleigh,chase,2.0,0.39812500,0.05882973,0.32526430,0.47098570,5,100,0.5052
goppa_derived_32_16,rayleigh,chase,3.0,0.34312500,0.02486291,0.31233226,0.37391774,5,100,0.5097
goppa_derived_32_16,rayleigh,chase,4.0,0.28162500,0.02706185,0.24810886,0.31514114,5,100,0.5498
goppa_derived_32_16,rayleigh,chase,5.0,0.22362500,0.03475472,0.18058123,0.26666877,5,100,0.4903
goppa_derived_32_16,rayleigh,chase,6.0,0.18350000,0.04351634,0.12960496,0.23739504,5,100,0.5290
goppa_derived_32_16,rayleigh,hard_mld,0.0,0.24700000,0.02160729,0.22023934,0.27376066,5,100,4.0172
goppa_derived_32_16,rayleigh,hard_mld,1.0,0.21687500,0.02647965,0.18407992,0.24967008,5,100,3.8898
goppa_derived_32_16,rayleigh,hard_mld,2.0,0.18225000,0.01907326,0.15862775,0.20587225,5,100,3.8532
goppa_derived_32_16,rayleigh,hard_mld,3.0,0.16400000,0.01917029,0.14025757,0.18774243,5,100,3.6797
goppa_derived_32_16,rayleigh,hard_mld,4.0,0.13475000,0.01802017,0.11243199,0.15706801,5,100,3.7869
goppa_derived_32_16,rayleigh,hard_mld,5.0,0.11575000,0.01383779,0.09861188,0.13288812,5,100,3.8770
goppa_derived_32_16,rayleigh,hard_mld,6.0,0.09075000,0.00604992,0.08325716,0.09824284,5,100,3.6469
goppa_derived_32_16,rayleigh,soft_mld,0.0,0.19812500,0.02883818,0.16240888,0.23384112,5,100,0.8638
goppa_derived_32_16,rayleigh,soft_mld,1.0,0.17362500,0.02618817,0.14119092,0.20605908,5,100,0.9283
goppa_derived_32_16,rayleigh,soft_mld,2.0,0.14000000,0.02522167,0.10876292,0.17123708,5,100,0.7965
goppa_derived_32_16,rayleigh,soft_mld,3.0,0.11687500,0.01994622,0.09217158,0.14157842,5,100,0.8246
goppa_derived_32_16,rayleigh,soft_mld,4.0,0.09600000,0.01567866,0.07658196,0.11541804,5,100,0.8439
goppa_derived_32_16,rayleigh,soft_mld,5.0,0.08137500,0.01646137,0.06098758,0.10176242,5,100,0.7417
goppa_derived_32_16,rayleigh,soft_mld,6.0,0.06775000,0.01373294,0.05074173,0.08475827,5,100,0.7480
goppa_derived_32_16,sinusoidal,syndrome,0.0,0.93225000,0.00736334,0.92313050,0.94136950,5,100,0.0387
goppa_derived_32_16,sinusoidal,syndrome,1.0,0.87800000,0.01746313,0.85637189,0.89962811,5,100,0.0416
goppa_derived_32_16,sinusoidal,syndrome,2.0,0.80437500,0.03075229,0.76628825,0.84246175,5,100,0.0429
goppa_derived_32_16,sinusoidal,syndrome,3.0,0.67000000,0.01414214,0.65248495,0.68751505,5,100,0.0432
goppa_derived_32_16,sinusoidal,syndrome,4.0,0.50200000,0.04816638,0.44234588,0.56165412,5,100,0.0439
goppa_derived_32_16,sinusoidal,syndrome,5.0,0.35000000,0.05958188,0.27620777,0.42379223,5,100,0.0438
goppa_derived_32_16,sinusoidal,syndrome,6.0,0.23200000,0.03346640,0.19055182,0.27344818,5,100,0.0397
goppa_derived_32_16,sinusoidal,chase,0.0,0.49975000,0.04128218,0.44862196,0.55087804,5,100,0.5267
goppa_derived_32_16,sinusoidal,chase,1.0,0.35762500,0.04158341,0.30612390,0.40912610,5,100,0.5686
goppa_derived_32_16,sinusoidal,chase,2.0,0.24187500,0.03168756,0.20262991,0.28112009,5,100,0.5459
goppa_derived_32_16,sinusoidal,chase,3.0,0.12512500,0.01282697,0.10923878,0.14101122,5,100,0.5880
goppa_derived_32_16,sinusoidal,chase,4.0,0.05800000,0.02418354,0.02804865,0.08795135,5,100,0.5818
goppa_derived_32_16,sinusoidal,chase,5.0,0.01962500,0.01534499,0.00062021,0.03862979,5,100,0.5659
goppa_derived_32_16,sinusoidal,chase,6.0,0.00275000,0.00436606,0.00000000,0.00815737,5,100,0.5103
goppa_derived_32_16,sinusoidal,hard_mld,0.0,0.22162500,0.01768651,0.19972024,0.24352976,5,100,4.0906
goppa_derived_32_16,sinusoidal,hard_mld,1.0,0.17362500,0.00951356,0.16184244,0.18540756,5,100,3.9712
goppa_derived_32_16,sinusoidal,hard_mld,2.0,0.12037500,0.01413246,0.10287192,0.13787808,5,100,4.2288
goppa_derived_32_16,sinusoidal,hard_mld,3.0,0.07900000,0.01533863,0.06000309,0.09799691,5,100,4.0144
goppa_derived_32_16,sinusoidal,hard_mld,4.0,0.05312500,0.01094196,0.03957336,0.06667664,5,100,4.2079
goppa_derived_32_16,sinusoidal,hard_mld,5.0,0.02987500,0.00588629,0.02258482,0.03716518,5,100,4.0285
goppa_derived_32_16,sinusoidal,hard_mld,6.0,0.01225000,0.00391811,0.00739742,0.01710258,5,100,4.0165
goppa_derived_32_16,sinusoidal,soft_mld,0.0,0.12475000,0.01406319,0.10733272,0.14216728,5,100,0.8003
goppa_derived_32_16,sinusoidal,soft_mld,1.0,0.07537500,0.00872317,0.06457134,0.08617866,5,100,0.7969
goppa_derived_32_16,sinusoidal,soft_mld,2.0,0.03787500,0.00872317,0.02707134,0.04867866,5,100,0.8072
goppa_derived_32_16,sinusoidal,soft_mld,3.0,0.01812500,0.00794267,0.00828800,0.02796200,5,100,0.8194
goppa_derived_32_16,sinusoidal,soft_mld,4.0,0.00525000,0.00301688,0.00151359,0.00898641,5,100,0.7976
goppa_derived_32_16,sinusoidal,soft_mld,5.0,0.00075000,0.00167705,0.00000000,0.00282703,5,100,0.7813
goppa_derived_32_16,sinusoidal,soft_mld,6.0,0.00000000,0.00000000,0.00000000,0.00000000,5,100,0.7886
reed_solomon_binary_32_16,rayleigh_awgn,syndrome,0.0,0.97887500,0.00824905,0.96865854,0.98909146,5,100,0.0607
reed_solomon_binary_32_16,rayleigh_awgn,syndrome,1.0,0.95875000,0.00847791,0.94825009,0.96924991,5,100,0.0617
reed_solomon_binary_32_16,rayleigh_awgn,syndrome,2.0,0.92275000,0.03793910,0.87576238,0.96973762,5,100,0.0623
reed_solomon_binary_32_16,rayleigh_awgn,syndrome,3.0,0.87600000,0.02509980,0.84491386,0.90708614,5,100,0.0742
reed_solomon_binary_32_16,rayleigh_awgn,syndrome,4.0,0.83000000,0.01581139,0.81041757,0.84958243,5,100,0.0641
reed_solomon_binary_32_16,rayleigh_awgn,syndrome,5.0,0.71712500,0.02711232,0.68354635,0.75070365,5,100,0.0694
reed_solomon_binary_32_16,rayleigh_awgn,syndrome,6.0,0.60400000,0.02607681,0.57170384,0.63629616,5,100,0.0623
reed_solomon_binary_32_16,rayleigh_awgn,chase,0.0,0.71525000,0.03577982,0.67093665,0.75956335,5,100,0.4903
reed_solomon_binary_32_16,rayleigh_awgn,chase,1.0,0.63062500,0.02174515,0.60369360,0.65755640,5,100,0.4936
reed_solomon_binary_32_16,rayleigh_awgn,chase,2.0,0.53362500,0.01770748,0.51169427,0.55555573,5,100,0.5631
reed_solomon_binary_32_16,rayleigh_awgn,chase,3.0,0.41537500,0.02791449,0.38080287,0.44994713,5,100,0.4966
reed_solomon_binary_32_16,rayleigh_awgn,chase,4.0,0.28287500,0.02321183,0.25412712,0.31162288,5,100,0.5253
reed_solomon_binary_32_16,rayleigh_awgn,chase,5.0,0.15362500,0.03628877,0.10868131,0.19856869,5,100,0.5266
reed_solomon_binary_32_16,rayleigh_awgn,chase,6.0,0.08462500,0.02243741,0.05683623,0.11241377,5,100,0.5522
reed_solomon_binary_32_16,rayleigh_awgn,hard_mld,0.0,0.40575000,0.02652166,0.37290289,0.43859711,5,100,3.5842
reed_solomon_binary_32_16,rayleigh_awgn,hard_mld,1.0,0.36462500,0.03480302,0.32152142,0.40772858,5,100,3.5175
reed_solomon_binary_32_16,rayleigh_awgn,hard_mld,2.0,0.32137500,0.03170112,0.28211312,0.36063688,5,100,3.5322
reed_solomon_binary_32_16,rayleigh_awgn,hard_mld,3.0,0.26425000,0.01801909,0.24193334,0.28656666,5,100,3.7112
reed_solomon_binary_32_16,rayleigh_awgn,hard_mld,4.0,0.21300000,0.02761128,0.17880339,0.24719661,5,100,3.6486
reed_solomon_binary_32_16,rayleigh_awgn,hard_mld,5.0,0.14837500,0.01154644,0.13407472,0.16267528,5,100,3.6618
reed_solomon_binary_32_16,rayleigh_awgn,hard_mld,6.0,0.09650000,0.01037010,0.08365661,0.10934339,5,100,3.5057
reed_solomon_binary_32_16,rayleigh_awgn,soft_mld,0.0,0.32087500,0.03177865,0.28151710,0.36023290,5,100,0.7557
reed_solomon_binary_32_16,rayleigh_awgn,soft_mld,1.0,0.26162500,0.02139929,0.23512195,0.28812805,5,100,0.8127
reed_solomon_binary_32_16,rayleigh_awgn,soft_mld,2.0,0.18487500,0.01013001,0.17232896,0.19742104,5,100,0.8496
reed_solomon_binary_32_16,rayleigh_awgn,soft_mld,3.0,0.11075000,0.01061028,0.09760915,0.12389085,5,100,0.8473
reed_solomon_binary_32_16,rayleigh_awgn,soft_mld,4.0,0.06537500,0.00944350,0.05367921,0.07707079,5,100,0.8499
reed_solomon_binary_32_16,rayleigh_awgn,soft_mld,5.0,0.03025000,0.01693046,0.00928160,0.05121840,5,100,0.7597
reed_solomon_binary_32_16,rayleigh_awgn,soft_mld,6.0,0.00987500,0.00617771,0.00222390,0.01752610,5,100,0.7568
reed_solomon_binary_32_16,rayleigh,syndrome,0.0,0.85600000,0.02190890,0.82886580,0.88313420,5,100,0.0672
reed_solomon_binary_32_16,rayleigh,syndrome,1.0,0.78600000,0.02302173,0.75748756,0.81451244,5,100,0.0696
reed_solomon_binary_32_16,rayleigh,syndrome,2.0,0.70462500,0.02818604,0.66971655,0.73953345,5,100,0.0691
reed_solomon_binary_32_16,rayleigh,syndrome,3.0,0.62800000,0.04324350,0.57444287,0.68155713,5,100,0.0815
reed_solomon_binary_32_16,rayleigh,syndrome,4.0,0.54200000,0.03563706,0.49786346,0.58613654,5,100,0.0799
reed_solomon_binary_32_16,rayleigh,syndrome,5.0,0.47800000,0.05019960,0.41582773,0.54017227,5,100,0.0706
reed_solomon_binary_32_16,rayleigh,syndrome,6.0,0.39800000,0.03492850,0.35474101,0.44125899,5,100,0.0801
reed_solomon_binary_32_16,rayleigh,chase,0.0,0.52450000,0.04809943,0.46492880,0.58407120,5,100,0.5189
reed_solomon_binary_32_16,rayleigh,chase,1.0,0.48612500,0.05191151,0.42183253,0.55041747,5,100,0.5363
reed_solomon_binary_32_16,rayleigh,chase,2.0,0.40562500,0.05997232,0.33134920,0.47990080,5,100,0.6015
reed_solomon_binary_32_16,rayleigh,chase,3.0,0.35100000,0.05340478,0.28485811,0.41714189,5,100,0.6248
reed_solomon_binary_32_16,rayleigh,chase,4.0,0.30662500,0.04785558,0.24735581,0.36589419,5,100,0.5937
reed_solomon_binary_32_16,rayleigh,chase,5.0,0.26000000,0.03069189,0.22198805,0.29801195,5,100,0.6034
reed_solomon_binary_32_16,rayleigh,chase,6.0,0.23100000,0.04332066,0.17734730,0.28465270,5,100,0.6204
reed_solomon_binary_32_16,rayleigh,hard_mld,0.0,0.33300000,0.01193570,0.31821762,0.34778238,5,100,3.7259
reed_solomon_binary_32_16,rayleigh,hard_mld,1.0,0.29712500,0.01250469,0.28163793,0.31261207,5,100,3.6673
reed_solomon_binary_32_16,rayleigh,hard_mld,2.0,0.25162500,0.01974248,0.22717391,0.27607609,5,100,4.0080
reed_solomon_binary_32_16,rayleigh,hard_mld,3.0,0.21812500,0.02500391,0.18715763,0.24909237,5,100,4.0664
reed_solomon_binary_32_16,rayleigh,hard_mld,4.0,0.18562500,0.02613068,0.15326212,0.21798788,5,100,4.0998
reed_solomon_binary_32_16,rayleigh,hard_mld,5.0,0.16050000,0.02347455,0.13142673,0.18957327,5,100,4.0112
reed_solomon_binary_32_16,rayleigh,hard_mld,6.0,0.12887500,0.02289326,0.10052166,0.15722834,5,100,4.0321
reed_solomon_binary_32_16,rayleigh,soft_mld,0.0,0.27150000,0.02745949,0.23749139,0.30550861,5,100,0.7660
reed_solomon_binary_32_16,rayleigh,soft_mld,1.0,0.22825000,0.01654421,0.20775997,0.24874003,5,100,0.7545
reed_solomon_binary_32_16,rayleigh,soft_mld,2.0,0.19612500,0.01760793,0.17431756,0.21793244,5,100,0.8253
reed_solomon_binary_32_16,rayleigh,soft_mld,3.0,0.16587500,0.02180166,0.13887361,0.19287639,5,100,0.8148
reed_solomon_binary_32_16,rayleigh,soft_mld,4.0,0.13962500,0.01898087,0.11611717,0.16313283,5,100,0.8012
reed_solomon_binary_32_16,rayleigh,soft_mld,5.0,0.11250000,0.01242949,0.09710606,0.12789394,5,100,0.8124
reed_solomon_binary_32_16,rayleigh,soft_mld,6.0,0.09250000,0.02576941,0.06058455,0.12441545,5,100,0.7643
reed_solomon_binary_32_16,sinusoidal,syndrome,0.0,0.93750000,0.01461084,0.91940446,0.95559554,5,100,0.0713
reed_solomon_binary_32_16,sinusoidal,syndrome,1.0,0.88887500,0.03238682,0.84876388,0.92898612,5,100,0.0772
reed_solomon_binary_32_16,sinusoidal,syndrome,2.0,0.78487500,0.02639987,0.75217873,0.81757127,5,100,0.0816
reed_solomon_binary_32_16,sinusoidal,syndrome,3.0,0.69600000,0.02701851,0.66253754,0.72946246,5,100,0.0788
reed_solomon_binary_32_16,sinusoidal,syndrome,4.0,0.54600000,0.05029911,0.48370449,0.60829551,5,100,0.0798
reed_solomon_binary_32_16,sinusoidal,syndrome,5.0,0.38600000,0.02190890,0.35886580,0.41313420,5,100,0.0805
reed_solomon_binary_32_16,sinusoidal,syndrome,6.0,0.24400000,0.02073644,0.21831789,0.26968211,5,100,0.0789
reed_solomon_binary_32_16,sinusoidal,chase,0.0,0.56100000,0.04608416,0.50392471,0.61807529,5,100,0.5609
reed_solomon_binary_32_16,sinusoidal,chase,1.0,0.41800000,0.03440737,0.37538643,0.46061357,5,100,0.5755
reed_solomon_binary_32_16,sinusoidal,chase,2.0,0.27625000,0.02632430,0.24364732,0.30885268,5,100,0.5755
reed_solomon_binary_32_16,sinusoidal,chase,3.0,0.12412500,0.01294218,0.10809609,0.14015391,5,100,0.6042
reed_solomon_binary_32_16,sinusoidal,chase,4.0,0.06600000,0.01663369,0.04539915,0.08660085,5,100,0.6015
reed_solomon_binary_32_16,sinusoidal,chase,5.0,0.02200000,0.00900738,0.01084435,0.03315565,5,100,0.6350
reed_solomon_binary_32_16,sinusoidal,chase,6.0,0.00500000,0.00500000,0.00000000,0.01119251,5,100,0.6573
reed_solomon_binary_32_16,sinusoidal,hard_mld,0.0,0.34825000,0.02697076,0.31484668,0.38165332,5,100,3.9940
reed_solomon_binary_32_16,sinusoidal,hard_mld,1.0,0.27600000,0.01956859,0.25176428,0.30023572,5,100,3.9758
reed_solomon_binary_32_16,sinusoidal,hard_mld,2.0,0.20987500,0.00917921,0.19850654,0.22124346,5,100,3.9854
reed_solomon_binary_32_16,sinusoidal,hard_mld,3.0,0.14187500,0.00747391,0.13261855,0.15113145,5,100,4.0141
reed_solomon_binary_32_16,sinusoidal,hard_mld,4.0,0.08100000,0.01874271,0.05778713,0.10421287,5,100,4.0356
reed_solomon_binary_32_16,sinusoidal,hard_mld,5.0,0.04300000,0.00512348,0.03665457,0.04934543,5,100,3.9847
reed_solomon_binary_32_16,sinusoidal,hard_mld,6.0,0.01950000,0.00872093,0.00869911,0.03030089,5,100,4.0029
reed_solomon_binary_32_16,sinusoidal,soft_mld,0.0,0.21125000,0.01430008,0.19353934,0.22896066,5,100,0.7719
reed_solomon_binary_32_16,sinusoidal,soft_mld,1.0,0.12887500,0.02270480,0.10075508,0.15699492,5,100,0.7771
reed_solomon_binary_32_16,sinusoidal,soft_mld,2.0,0.05837500,0.01495175,0.03985724,0.07689276,5,100,0.7937
reed_solomon_binary_32_16,sinusoidal,soft_mld,3.0,0.02062500,0.00900304,0.00947473,0.03177527,5,100,0.7881
reed_solomon_binary_32_16,sinusoidal,soft_mld,4.0,0.00662500,0.00642870,0.00000000,0.01458695,5,100,0.7955
reed_solomon_binary_32_16,sinusoidal,soft_mld,5.0,0.00062500,0.00139754,0.00000000,0.00235586,5,100,0.8260
reed_solomon_binary_32_16,sinusoidal,soft_mld,6.0,0.00062500,0.00139754,0.00000000,0.00235586,5,100,0.8533
ldpc_32_16,rayleigh_awgn,syndrome,0.0,0.97950000,0.00762141,0.97006087,0.98893913,5,100,0.0589
ldpc_32_16,rayleigh_awgn,syndrome,1.0,0.95462500,0.02070817,0.92897791,0.98027209,5,100,0.0582
ldpc_32_16,rayleigh_awgn,syndrome,2.0,0.91662500,0.02959228,0.87997492,0.95327508,5,100,0.0628
ldpc_32_16,rayleigh_awgn,syndrome,3.0,0.86062500,0.04193093,0.80869349,0.91255651,5,100,0.0601
ldpc_32_16,rayleigh_awgn,syndrome,4.0,0.80662500,0.02785145,0.77213095,0.84111905,5,100,0.0901
ldpc_32_16,rayleigh_awgn,syndrome,5.0,0.71062500,0.03769222,0.66394314,0.75730686,5,100,0.0762
ldpc_32_16,rayleigh_awgn,syndrome,6.0,0.60862500,0.05798774,0.53680711,0.68044289,5,100,0.0664
ldpc_32_16,rayleigh_awgn,chase,0.0,0.62487500,0.03425091,0.58245520,0.66729480,5,100,0.4956
ldpc_32_16,rayleigh_awgn,chase,1.0,0.54812500,0.04183067,0.49631766,0.59993234,5,100,0.5117
ldpc_32_16,rayleigh_awgn,chase,2.0,0.45725000,0.04359481,0.40325777,0.51124223,5,100,0.5211
ldpc_32_16,rayleigh_awgn,chase,3.0,0.35400000,0.01633153,0.33377338,0.37422662,5,100,0.5266
ldpc_32_16,rayleigh_awgn,chase,4.0,0.25525000,0.03289009,0.21451558,0.29598442,5,100,0.6112
ldpc_32_16,rayleigh_awgn,chase,5.0,0.15975000,0.03049910,0.12197682,0.19752318,5,100,0.5731
ldpc_32_16,rayleigh_awgn,chase,6.0,0.08375000,0.02120860,0.05748312,0.11001688,5,100,0.6182
ldpc_32_16,rayleigh_awgn,hard_mld,0.0,0.27912500,0.01097405,0.26553363,0.29271637,5,100,3.7377
ldpc_32_16,rayleigh_awgn,hard_mld,1.0,0.25200000,0.01052712,0.23896214,0.26503786,5,100,3.9114
ldpc_32_16,rayleigh_awgn,hard_mld,2.0,0.21025000,0.01246558,0.19481137,0.22568863,5,100,3.7293
ldpc_32_16,rayleigh_awgn,hard_mld,3.0,0.16787500,0.01284371,0.15196805,0.18378195,5,100,3.7159
ldpc_32_16,rayleigh_awgn,hard_mld,4.0,0.13612500,0.01064704,0.12293863,0.14931137,5,100,4.2064
ldpc_32_16,rayleigh_awgn,hard_mld,5.0,0.09987500,0.01577057,0.08034313,0.11940687,5,100,4.3798
ldpc_32_16,rayleigh_awgn,hard_mld,6.0,0.07337500,0.01428368,0.05568465,0.09106535,5,100,4.1942
ldpc_32_16,rayleigh_awgn,soft_mld,0.0,0.20387500,0.00294480,0.20022786,0.20752214,5,100,0.7931
ldpc_32_16,rayleigh_awgn,soft_mld,1.0,0.15987500,0.00931648,0.14833652,0.17141348,5,100,0.7763
ldpc_32_16,rayleigh_awgn,soft_mld,2.0,0.10850000,0.01606019,0.08860943,0.12839057,5,100,0.8182
ldpc_32_16,rayleigh_awgn,soft_mld,3.0,0.07325000,0.01277357,0.05742992,0.08907008,5,100,0.7660
ldpc_32_16,rayleigh_awgn,soft_mld,4.0,0.03862500,0.00490933,0.03254478,0.04470522,5,100,0.8400
ldpc_32_16,rayleigh_awgn,soft_mld,5.0,0.01925000,0.00189572,0.01690215,0.02159785,5,100,0.9022
ldpc_32_16,rayleigh_awgn,soft_mld,6.0,0.00862500,0.00429389,0.00330701,0.01394299,5,100,0.8673
ldpc_32_16,rayleigh,syndrome,0.0,0.85212500,0.03415155,0.80982827,0.89442173,5,100,0.0677
ldpc_32_16,rayleigh,syndrome,1.0,0.80150000,0.06362518,0.72270013,0.88029987,5,100,0.0668
ldpc_32_16,rayleigh,syndrome,2.0,0.69962500,0.03165241,0.66042345,0.73882655,5,100,0.0678
ldpc_32_16,rayleigh,syndrome,3.0,0.61800000,0.01483240,0.59963006,0.63636994,5,100,0.0724
ldpc_32_16,rayleigh,syndrome,4.0,0.54800000,0.05263079,0.48281670,0.61318330,5,100,0.0691
ldpc_32_16,rayleigh,syndrome,5.0,0.46000000,0.05099020,0.39684858,0.52315142,5,100,0.0692
ldpc_32_16,rayleigh,syndrome,6.0,0.39000000,0.04743416,0.33125272,0.44874728,5,100,0.0689
ldpc_32_16,rayleigh,chase,0.0,0.52325000,0.04200400,0.47122799,0.57527201,5,100,0.5500
ldpc_32_16,rayleigh,chase,1.0,0.43587500,0.03987431,0.38649061,0.48525939,5,100,0.5466
ldpc_32_16,rayleigh,chase,2.0,0.38012500,0.04910011,0.31931446,0.44093554,5,100,0.5754
ldpc_32_16,rayleigh,chase,3.0,0.32000000,0.05117372,0.25662128,0.38337872,5,100,0.5883
ldpc_32_16,rayleigh,chase,4.0,0.27837500,0.04039019,0.22835170,0.32839830,5,100,0.5646
ldpc_32_16,rayleigh,chase,5.0,0.23650000,0.03614640,0.19173263,0.28126737,5,100,0.6060
ldpc_32_16,rayleigh,chase,6.0,0.18562500,0.02821167,0.15068481,0.22056519,5,100,0.6355
ldpc_32_16,rayleigh,hard_mld,0.0,0.26250000,0.01765003,0.24064042,0.28435958,5,100,4.0047
ldpc_32_16,rayleigh,hard_mld,1.0,0.22812500,0.02231259,0.20049083,0.25575917,5,100,4.0020
ldpc_32_16,rayleigh,hard_mld,2.0,0.18437500,0.02129591,0.15799999,0.21075001,5,100,3.9984
ldpc_32_16,rayleigh,hard_mld,3.0,0.16000000,0.02784584,0.12551289,0.19448711,5,100,3.9901
ldpc_32_16,rayleigh,hard_mld,4.0,0.13837500,0.02217914,0.11090611,0.16584389,5,100,4.0077
ldpc_32_16,rayleigh,hard_mld,5.0,0.11525000,0.02430117,0.08515297,0.14534703,5,100,3.9790
ldpc_32_16,rayleigh,hard_mld,6.0,0.09112500,0.01471341,0.07290242,0.10934758,5,100,4.1413
ldpc_32_16,rayleigh,soft_mld,0.0,0.19300000,0.01929621,0.16910162,0.21689838,5,100,0.7924
ldpc_32_16,rayleigh,soft_mld,1.0,0.16175000,0.02503669,0.13074202,0.19275798,5,100,0.7933
ldpc_32_16,rayleigh,soft_mld,2.0,0.14525000,0.02169389,0.11838209,0.17211791,5,100,0.8218
ldpc_32_16,rayleigh,soft_mld,3.0,0.12050000,0.01300090,0.10439837,0.13660163,5,100,0.7640
ldpc_32_16,rayleigh,soft_mld,4.0,0.09562500,0.01181729,0.08098927,0.11026073,5,100,0.7978
ldpc_32_16,rayleigh,soft_mld,5.0,0.07962500,0.00902038,0.06845325,0.09079675,5,100,0.8706
ldpc_32_16,rayleigh,soft_mld,6.0,0.06737500,0.01204159,0.05246147,0.08228853,5,100,0.8976
ldpc_32_16,sinusoidal,syndrome,0.0,0.92025000,0.01200260,0.90538476,0.93511524,5,100,0.0694
ldpc_32_16,sinusoidal,syndrome,1.0,0.87600000,0.02073644,0.85031789,0.90168211,5,100,0.0784
ldpc_32_16,sinusoidal,syndrome,2.0,0.76250000,0.03579455,0.71816840,0.80683160,5,100,0.0693
ldpc_32_16,sinusoidal,syndrome,3.0,0.65800000,0.01923538,0.63417695,0.68182305,5,100,0.0678
ldpc_32_16,sinusoidal,syndrome,4.0,0.53200000,0.04147288,0.48063578,0.58336422,5,100,0.0707
ldpc_32_16,sinusoidal,syndrome,5.0,0.37400000,0.04219005,0.32174757,0.42625243,5,100,0.0719
ldpc_32_16,sinusoidal,syndrome,6.0,0.26000000,0.03674235,0.21449456,0.30550544,5,100,0.0724
ldpc_32_16,sinusoidal,chase,0.0,0.47650000,0.04471612,0.42111903,0.53188097,5,100,0.5372
ldpc_32_16,sinusoidal,chase,1.0,0.36475000,0.03668010,0.31932165,0.41017835,5,100,0.5738
ldpc_32_16,sinusoidal,chase,2.0,0.23737500,0.03052407,0.19957090,0.27517910,5,100,0.5853
ldpc_32_16,sinusoidal,chase,3.0,0.13812500,0.04891798,0.07754002,0.19870998,5,100,0.5876
ldpc_32_16,sinusoidal,chase,4.0,0.06125000,0.01944544,0.03716680,0.08533320,5,100,0.6128
ldpc_32_16,sinusoidal,chase,5.0,0.02200000,0.01191113,0.00724805,0.03675195,5,100,0.6241
ldpc_32_16,sinusoidal,chase,6.0,0.00450000,0.00622495,0.00000000,0.01220961,5,100,0.6422
ldpc_32_16,sinusoidal,hard_mld,0.0,0.22025000,0.00826325,0.21001596,0.23048404,5,100,4.1491
ldpc_32_16,sinusoidal,hard_mld,1.0,0.17762500,0.00800878,0.16770611,0.18754389,5,100,4.1681
ldpc_32_16,sinusoidal,hard_mld,2.0,0.12675000,0.01490464,0.10829058,0.14520942,5,100,4.1372
ldpc_32_16,sinusoidal,hard_mld,3.0,0.09975000,0.01202699,0.08485456,0.11464544,5,100,3.9834
ldpc_32_16,sinusoidal,hard_mld,4.0,0.06250000,0.00854675,0.05191484,0.07308516,5,100,3.9885
ldpc_32_16,sinusoidal,hard_mld,5.0,0.03712500,0.01220432,0.02200994,0.05224006,5,100,3.9551
ldpc_32_16,sinusoidal,hard_mld,6.0,0.01775000,0.00882335,0.00682227,0.02867773,5,100,4.0034
ldpc_32_16,sinusoidal,soft_mld,0.0,0.12537500,0.01658666,0.10483240,0.14591760,5,100,0.8561
ldpc_32_16,sinusoidal,soft_mld,1.0,0.07425000,0.01479944,0.05592087,0.09257913,5,100,0.8203
ldpc_32_16,sinusoidal,soft_mld,2.0,0.03737500,0.00598501,0.02996256,0.04478744,5,100,0.7783
ldpc_32_16,sinusoidal,soft_mld,3.0,0.01587500,0.00454148,0.01025038,0.02149962,5,100,0.7978
ldpc_32_16,sinusoidal,soft_mld,4.0,0.00700000,0.00161777,0.00499639,0.00900361,5,100,0.8033
ldpc_32_16,sinusoidal,soft_mld,5.0,0.00162500,0.00232177,0.00000000,0.00450052,5,100,0.7887
ldpc_32_16,sinusoidal,soft_mld,6.0,0.00050000,0.00111803,0.00000000,0.00188469,5,100,0.8714
wavelet_64_32,rayleigh_awgn,syndrome,0.0,1.00000000,0.00000000,1.00000000,1.00000000,5,100,0.4533
wavelet_64_32,rayleigh_awgn,syndrome,1.0,1.00000000,0.00000000,1.00000000,1.00000000,5,100,0.4266
wavelet_64_32,rayleigh_awgn,syndrome,2.0,0.99800000,0.00447214,0.99246125,1.00353875,5,100,0.4416
wavelet_64_32,rayleigh_awgn,syndrome,3.0,0.98400000,0.01140175,0.96987891,0.99812109,5,100,0.4551
wavelet_64_32,rayleigh_awgn,syndrome,4.0,0.96000000,0.01581139,0.94041757,0.97958243,5,100,0.4413
wavelet_64_32,rayleigh_awgn,syndrome,5.0,0.92000000,0.01224745,0.90483152,0.93516848,5,100,0.4960
wavelet_64_32,rayleigh_awgn,syndrome,6.0,0.86400000,0.01341641,0.84738376,0.88061624,5,100,0.4292
wavelet_64_32,rayleigh_awgn,chase,0.0,0.99800000,0.00447214,0.99246125,1.00353875,5,100,3.9170
wavelet_64_32,rayleigh_awgn,chase,1.0,0.97706250,0.00443926,0.97156447,0.98256053,5,100,3.8591
wavelet_64_32,rayleigh_awgn,chase,2.0,0.94600000,0.01140175,0.93187891,0.96012109,5,100,3.9879
wavelet_64_32,rayleigh_awgn,chase,3.0,0.87000000,0.01581139,0.85041757,0.88958243,5,100,3.9197
wavelet_64_32,rayleigh_awgn,chase,4.0,0.74000000,0.03316625,0.69892356,0.78107644,5,100,3.9661
wavelet_64_32,rayleigh_awgn,chase,5.0,0.54700000,0.04522168,0.49099290,0.60300710,5,100,4.0468
wavelet_64_32,rayleigh_awgn,chase,6.0,0.32100000,0.01746425,0.29937050,0.34262950,5,100,4.0313
wavelet_64_32,rayleigh,syndrome,0.0,0.90400000,0.03646917,0.85883289,0.94916711,5,100,0.4476
wavelet_64_32,rayleigh,syndrome,1.0,0.86400000,0.04219005,0.81174757,0.91625243,5,100,0.3919
wavelet_64_32,rayleigh,syndrome,2.0,0.79200000,0.04549725,0.73565159,0.84834841,5,100,0.4022
wavelet_64_32,rayleigh,syndrome,3.0,0.70800000,0.03114482,0.66942710,0.74657290,5,100,0.4149
wavelet_64_32,rayleigh,syndrome,4.0,0.61000000,0.04358899,0.55601498,0.66398502,5,100,0.4210
wavelet_64_32,rayleigh,syndrome,5.0,0.54200000,0.04868265,0.48170648,0.60229352,5,100,0.3874
wavelet_64_32,rayleigh,syndrome,6.0,0.46600000,0.04393177,0.41159045,0.52040955,5,100,0.3968
wavelet_64_32,rayleigh,chase,0.0,0.77137500,0.03386670,0.72943105,0.81331895,5,100,3.8219
wavelet_64_32,rayleigh,chase,1.0,0.70400000,0.03911521,0.65555576,0.75244424,5,100,3.7230
wavelet_64_32,rayleigh,chase,2.0,0.59800000,0.05630275,0.52826897,0.66773103,5,100,3.8263
wavelet_64_32,rayleigh,chase,3.0,0.51800000,0.03962323,0.46892658,0.56707342,5,100,3.8132
wavelet_64_32,rayleigh,chase,4.0,0.44800000,0.05540758,0.37937764,0.51662236,5,100,3.8039
wavelet_64_32,rayleigh,chase,5.0,0.37000000,0.06164414,0.29365365,0.44634635,5,100,3.7783
wavelet_64_32,rayleigh,chase,6.0,0.31000000,0.05612486,0.24048929,0.37951071,5,100,3.9240
wavelet_64_32,sinusoidal,syndrome,0.0,1.00000000,0.00000000,1.00000000,1.00000000,5,100,0.4532
wavelet_64_32,sinusoidal,syndrome,1.0,0.99000000,0.01414214,0.97248495,1.00751505,5,100,0.4532
wavelet_64_32,sinusoidal,syndrome,2.0,0.97000000,0.02000000,0.94522997,0.99477003,5,100,0.4544
wavelet_64_32,sinusoidal,syndrome,3.0,0.93600000,0.03049590,0.89823079,0.97376921,5,100,0.4573
wavelet_64_32,sinusoidal,syndrome,4.0,0.83200000,0.01483240,0.81363006,0.85036994,5,100,0.4455
wavelet_64_32,sinusoidal,syndrome,5.0,0.65600000,0.04979960,0.59432313,0.71767687,5,100,0.4571
wavelet_64_32,sinusoidal,syndrome,6.0,0.44800000,0.02167948,0.42114993,0.47485007,5,100,0.4604
wavelet_64_32,sinusoidal,chase,0.0,0.96306250,0.01992221,0.93838881,0.98773619,5,100,3.9481
wavelet_64_32,sinusoidal,chase,1.0,0.89900000,0.01244990,0.88358078,0.91441922,5,100,3.9776
wavelet_64_32,sinusoidal,chase,2.0,0.74500000,0.03774917,0.69824760,0.79175240,5,100,4.0287
wavelet_64_32,sinusoidal,chase,3.0,0.48200000,0.04147288,0.43063578,0.53336422,5,100,4.0129
wavelet_64_32,sinusoidal,chase,4.0,0.27400000,0.03361547,0.23236719,0.31563281,5,100,4.1500
wavelet_64_32,sinusoidal,chase,5.0,0.11800000,0.03563706,0.07386346,0.16213654,5,100,4.1839
wavelet_64_32,sinusoidal,chase,6.0,0.03000000,0.01000000,0.01761499,0.04238501,5,100,4.1745
bch_derived_64_32,rayleigh_awgn,syndrome,0.0,1.00000000,0.00000000,1.00000000,1.00000000,5,100,0.1637
bch_derived_64_32,rayleigh_awgn,syndrome,1.0,0.99800000,0.00447214,0.99246125,1.00353875,5,100,0.1575
bch_derived_64_32,rayleigh_awgn,syndrome,2.0,0.99600000,0.00547723,0.98921645,1.00278355,5,100,0.1626
bch_derived_64_32,rayleigh_awgn,syndrome,3.0,0.99000000,0.01000000,0.97761499,1.00238501,5,100,0.1618
bch_derived_64_32,rayleigh_awgn,syndrome,4.0,0.97200000,0.01643168,0.95164935,0.99235065,5,100,0.1549
bch_derived_64_32,rayleigh_awgn,syndrome,5.0,0.94000000,0.00707107,0.93124247,0.94875753,5,100,0.1589
bch_derived_64_32,rayleigh_awgn,syndrome,6.0,0.85000000,0.03391165,0.80800038,0.89199962,5,100,0.1637
bch_derived_64_32,rayleigh_awgn,chase,0.0,0.99600000,0.00894427,0.98492251,1.00707749,5,100,1.0252
bch_derived_64_32,rayleigh_awgn,chase,1.0,0.98600000,0.01140175,0.97187891,1.00012109,5,100,0.9895
bch_derived_64_32,rayleigh_awgn,chase,2.0,0.96400000,0.01816590,0.94150151,0.98649849,5,100,0.9990
bch_derived_64_32,rayleigh_awgn,chase,3.0,0.92000000,0.02738613,0.88608224,0.95391776,5,100,1.0086
bch_derived_64_32,rayleigh_awgn,chase,4.0,0.81200000,0.02949576,0.77546946,0.84853054,5,100,1.0163
bch_derived_64_32,rayleigh_awgn,chase,5.0,0.66200000,0.02588436,0.62994219,0.69405781,5,100,1.0295
bch_derived_64_32,rayleigh_awgn,chase,6.0,0.47600000,0.05770615,0.40453086,0.54746914,5,100,1.0507
bch_derived_64_32,rayleigh,syndrome,0.0,0.90600000,0.03130495,0.86722878,0.94477122,5,100,0.1511
bch_derived_64_32,rayleigh,syndrome,1.0,0.86200000,0.02588436,0.82994219,0.89405781,5,100,0.1438
bch_derived_64_32,rayleigh,syndrome,2.0,0.77400000,0.04827007,0.71421745,0.83378255,5,100,0.1406
bch_derived_64_32,rayleigh,syndrome,3.0,0.71200000,0.05890671,0.63904397,0.78495603,5,100,0.1369
bch_derived_64_32,rayleigh,syndrome,4.0,0.61800000,0.03346640,0.57655182,0.65944818,5,100,0.1478
bch_derived_64_32,rayleigh,syndrome,5.0,0.54600000,0.04505552,0.49019868,0.60180132,5,100,0.1509
bch_derived_64_32,rayleigh,syndrome,6.0,0.45400000,0.05813777,0.38199630,0.52600370,5,100,0.1483
bch_derived_64_32,rayleigh,chase,0.0,0.80400000,0.03577709,0.75969003,0.84830997,5,100,0.9585
bch_derived_64_32,rayleigh,chase,1.0,0.72800000,0.06610598,0.64612766,0.80987234,5,100,0.9273
bch_derived_64_32,rayleigh,chase,2.0,0.65600000,0.04929503,0.59494804,0.71705196,5,100,0.9390
bch_derived_64_32,rayleigh,chase,3.0,0.56400000,0.04393177,0.50959045,0.61840955,5,100,0.9736
bch_derived_64_32,rayleigh,chase,4.0,0.48275000,0.05733945,0.41173502,0.55376498,5,100,1.0298
bch_derived_64_32,rayleigh,chase,5.0,0.40200000,0.06140033,0.32595562,0.47804438,5,100,1.0468
bch_derived_64_32,rayleigh,chase,6.0,0.32400000,0.05770615,0.25253086,0.39546914,5,100,1.0547
bch_derived_64_32,sinusoidal,syndrome,0.0,1.00000000,0.00000000,1.00000000,1.00000000,5,100,0.1667
bch_derived_64_32,sinusoidal,syndrome,1.0,0.99600000,0.00547723,0.98921645,1.00278355,5,100,0.1662
bch_derived_64_32,sinusoidal,syndrome,2.0,0.97400000,0.00547723,0.96721645,0.98078355,5,100,0.1669
bch_derived_64_32,sinusoidal,syndrome,3.0,0.93000000,0.01581139,0.91041757,0.94958243,5,100,0.1712
bch_derived_64_32,sinusoidal,syndrome,4.0,0.83800000,0.02489980,0.80716157,0.86883843,5,100,0.1666
bch_derived_64_32,sinusoidal,syndrome,5.0,0.64200000,0.03492850,0.59874101,0.68525899,5,100,0.1664
bch_derived_64_32,sinusoidal,syndrome,6.0,0.45800000,0.03114482,0.41942710,0.49657290,5,100,0.1670
bch_derived_64_32,sinusoidal,chase,0.0,0.97400000,0.01140175,0.95987891,0.98812109,5,100,1.0097
bch_derived_64_32,sinusoidal,chase,1.0,0.93800000,0.01788854,0.91584502,0.96015498,5,100,1.0186
bch_derived_64_32,sinusoidal,chase,2.0,0.83800000,0.03114482,0.79942710,0.87657290,5,100,1.0365
bch_derived_64_32,sinusoidal,chase,3.0,0.61800000,0.02588436,0.58594219,0.65005781,5,100,1.0601
bch_derived_64_32,sinusoidal,chase,4.0,0.39600000,0.04037326,0.34599767,0.44600233,5,100,1.0672
bch_derived_64_32,sinusoidal,chase,5.0,0.18600000,0.03974921,0.13677055,0.23522945,5,100,1.1316
bch_derived_64_32,sinusoidal,chase,6.0,0.05800000,0.00836660,0.04763795,0.06836205,5,100,1.1776
goppa_derived_64_32,rayleigh_awgn,syndrome,0.0,1.00000000,0.00000000,1.00000000,1.00000000,5,100,0.1573
goppa_derived_64_32,rayleigh_awgn,syndrome,1.0,1.00000000,0.00000000,1.00000000,1.00000000,5,100,0.1654
goppa_derived_64_32,rayleigh_awgn,syndrome,2.0,0.99800000,0.00447214,0.99246125,1.00353875,5,100,0.1604
goppa_derived_64_32,rayleigh_awgn,syndrome,3.0,0.99200000,0.00836660,0.98163795,1.00236205,5,100,0.1624
goppa_derived_64_32,rayleigh_awgn,syndrome,4.0,0.97000000,0.01224745,0.95483152,0.98516848,5,100,0.1568
goppa_derived_64_32,rayleigh_awgn,syndrome,5.0,0.93800000,0.02167948,0.91114993,0.96485007,5,100,0.1639
goppa_derived_64_32,rayleigh_awgn,syndrome,6.0,0.86200000,0.02774887,0.82763298,0.89636702,5,100,0.1609
goppa_derived_64_32,rayleigh_awgn,chase,0.0,0.97437500,0.01305599,0.95820513,0.99054487,5,100,3.5524
goppa_derived_64_32,rayleigh_awgn,chase,1.0,0.94531250,0.02731204,0.91148651,0.97913849,5,100,3.5779
goppa_derived_64_32,rayleigh_awgn,chase,2.0,0.90512500,0.02310662,0.87650742,0.93374258,5,100,3.5863
goppa_derived_64_32,rayleigh_awgn,chase,3.0,0.81987500,0.02793390,0.78527883,0.85447117,5,100,3.5885
goppa_derived_64_32,rayleigh_awgn,chase,4.0,0.67487500,0.02028195,0.64975578,0.69999422,5,100,3.5142
goppa_derived_64_32,rayleigh_awgn,chase,5.0,0.47531250,0.04450685,0.42019071,0.53043429,5,100,3.6662
goppa_derived_64_32,rayleigh_awgn,chase,6.0,0.30562500,0.02102245,0.27958867,0.33166133,5,100,3.6318
goppa_derived_64_32,rayleigh,syndrome,0.0,0.90000000,0.02645751,0.86723234,0.93276766,5,100,0.1488
goppa_derived_64_32,rayleigh,syndrome,1.0,0.85600000,0.03974921,0.80677055,0.90522945,5,100,0.1399
goppa_derived_64_32,rayleigh,syndrome,2.0,0.79000000,0.04358899,0.73601498,0.84398502,5,100,0.1481
goppa_derived_64_32,rayleigh,syndrome,3.0,0.71600000,0.03435113,0.67345608,0.75854392,5,100,0.1448
goppa_derived_64_32,rayleigh,syndrome,4.0,0.62400000,0.04393177,0.56959045,0.67840955,5,100,0.1422
goppa_derived_64_32,rayleigh,syndrome,5.0,0.53800000,0.04494441,0.48233629,0.59366371,5,100,0.1471
goppa_derived_64_32,rayleigh,syndrome,6.0,0.45600000,0.05128353,0.39248529,0.51951471,5,100,0.1464
goppa_derived_64_32,rayleigh,chase,0.0,0.77787500,0.05554524,0.70908215,0.84666785,5,100,3.3540
goppa_derived_64_32,rayleigh,chase,1.0,0.67618750,0.03476020,0.63313695,0.71923805,5,100,3.3236
goppa_derived_64_32,rayleigh,chase,2.0,0.60037500,0.04648347,0.54280516,0.65794484,5,100,3.3535
goppa_derived_64_32,rayleigh,chase,3.0,0.50593750,0.05873961,0.43318842,0.57868658,5,100,3.4008
goppa_derived_64_32,rayleigh,chase,4.0,0.43793750,0.04447590,0.38285404,0.49302096,5,100,3.4750
goppa_derived_64_32,rayleigh,chase,5.0,0.35893750,0.05916146,0.28566596,0.43220904,5,100,3.5785
goppa_derived_64_32,rayleigh,chase,6.0,0.28962500,0.04364575,0.23556969,0.34368031,5,100,3.5851
goppa_derived_64_32,sinusoidal,syndrome,0.0,1.00000000,0.00000000,1.00000000,1.00000000,5,100,0.1633
goppa_derived_64_32,sinusoidal,syndrome,1.0,0.99800000,0.00447214,0.99246125,1.00353875,5,100,0.1631
goppa_derived_64_32,sinusoidal,syndrome,2.0,0.98200000,0.00447214,0.97646125,0.98753875,5,100,0.1649
goppa_derived_64_32,sinusoidal,syndrome,3.0,0.94000000,0.01870829,0.91682976,0.96317024,5,100,0.1631
goppa_derived_64_32,sinusoidal,syndrome,4.0,0.81800000,0.02949576,0.78146946,0.85453054,5,100,0.1598
goppa_derived_64_32,sinusoidal,syndrome,5.0,0.62400000,0.04335897,0.57029986,0.67770014,5,100,0.1596
goppa_derived_64_32,sinusoidal,syndrome,6.0,0.42200000,0.03033150,0.38443440,0.45956560,5,100,0.1574
goppa_derived_64_32,sinusoidal,chase,0.0,0.91837500,0.02514159,0.88723711,0.94951289,5,100,3.5807
goppa_derived_64_32,sinusoidal,chase,1.0,0.82437500,0.02521102,0.79315111,0.85559889,5,100,3.6458
goppa_derived_64_32,sinusoidal,chase,2.0,0.63831250,0.03463932,0.59541165,0.68121335,5,100,3.6797
goppa_derived_64_32,sinusoidal,chase,3.0,0.45212500,0.03583232,0.40774663,0.49650337,5,100,3.6001
goppa_derived_64_32,sinusoidal,chase,4.0,0.23300000,0.04637525,0.17556419,0.29043581,5,100,3.6867
goppa_derived_64_32,sinusoidal,chase,5.0,0.09918750,0.02889197,0.06340475,0.13497025,5,100,3.7667
goppa_derived_64_32,sinusoidal,chase,6.0,0.03100000,0.02322445,0.00223649,0.05976351,5,100,3.8739
reed_solomon_binary_64_32,rayleigh_awgn,syndrome,0.0,1.00000000,0.00000000,1.00000000,1.00000000,5,100,0.3754
reed_solomon_binary_64_32,rayleigh_awgn,syndrome,1.0,1.00000000,0.00000000,1.00000000,1.00000000,5,100,0.3786
reed_solomon_binary_64_32,rayleigh_awgn,syndrome,2.0,1.00000000,0.00000000,1.00000000,1.00000000,5,100,0.3800
reed_solomon_binary_64_32,rayleigh_awgn,syndrome,3.0,1.00000000,0.00000000,1.00000000,1.00000000,5,100,0.3805
reed_solomon_binary_64_32,rayleigh_awgn,syndrome,4.0,0.99800000,0.00447214,0.99246125,1.00353875,5,100,0.3988
reed_solomon_binary_64_32,rayleigh_awgn,syndrome,5.0,0.99000000,0.01224745,0.97483152,1.00516848,5,100,0.3768
reed_solomon_binary_64_32,rayleigh_awgn,syndrome,6.0,0.96600000,0.01816590,0.94350151,0.98849849,5,100,0.3829
reed_solomon_binary_64_32,rayleigh_awgn,chase,0.0,1.00000000,0.00000000,1.00000000,1.00000000,5,100,3.7637
reed_solomon_binary_64_32,rayleigh_awgn,chase,1.0,0.99800000,0.00447214,0.99246125,1.00353875,5,100,3.8603
reed_solomon_binary_64_32,rayleigh_awgn,chase,2.0,0.99400000,0.00547723,0.98721645,1.00078355,5,100,3.9188
reed_solomon_binary_64_32,rayleigh_awgn,chase,3.0,0.96200000,0.01303840,0.94585192,0.97814808,5,100,4.0775
reed_solomon_binary_64_32,rayleigh_awgn,chase,4.0,0.88800000,0.04086563,0.83738786,0.93861214,5,100,3.8502
reed_solomon_binary_64_32,rayleigh_awgn,chase,5.0,0.77800000,0.04086563,0.72738786,0.82861214,5,100,3.7953
reed_solomon_binary_64_32,rayleigh_awgn,chase,6.0,0.57400000,0.01816590,0.55150151,0.59649849,5,100,4.0503
reed_solomon_binary_64_32,rayleigh,syndrome,0.0,0.94600000,0.02792848,0.91141054,0.98058946,5,100,0.3434
reed_solomon_binary_64_32,rayleigh,syndrome,1.0,0.90400000,0.03781534,0.85716565,0.95083435,5,100,0.3433
reed_solomon_binary_64_32,rayleigh,syndrome,2.0,0.85600000,0.03361547,0.81436719,0.89763281,5,100,0.3445
reed_solomon_binary_64_32,rayleigh,syndrome,3.0,0.77400000,0.04277850,0.72101877,0.82698123,5,100,0.3452
reed_solomon_binary_64_32,rayleigh,syndrome,4.0,0.69400000,0.05319774,0.62811452,0.75988548,5,100,0.3432
reed_solomon_binary_64_32,rayleigh,syndrome,5.0,0.62400000,0.05176872,0.55988438,0.68811562,5,100,0.3437
reed_solomon_binary_64_32,rayleigh,syndrome,6.0,0.53200000,0.05403702,0.46507507,0.59892493,5,100,0.3308
reed_solomon_binary_64_32,rayleigh,chase,0.0,0.84200000,0.03834058,0.79451514,0.88948486,5,100,3.5508
reed_solomon_binary_64_32,rayleigh,chase,1.0,0.75800000,0.04494441,0.70233629,0.81366371,5,100,3.5879
reed_solomon_binary_64_32,rayleigh,chase,2.0,0.67200000,0.05805170,0.60010289,0.74389711,5,100,3.5382
reed_solomon_binary_64_32,rayleigh,chase,3.0,0.59200000,0.04764452,0.53299220,0.65100780,5,100,3.5480
reed_solomon_binary_64_32,rayleigh,chase,4.0,0.52000000,0.04743416,0.46125272,0.57874728,5,100,3.5946
reed_solomon_binary_64_32,rayleigh,chase,5.0,0.42000000,0.05338539,0.35388212,0.48611788,5,100,3.5853
reed_solomon_binary_64_32,rayleigh,chase,6.0,0.32800000,0.06760178,0.24427511,0.41172489,5,100,3.6256
reed_solomon_binary_64_32,sinusoidal,syndrome,0.0,0.99800000,0.00447214,0.99246125,1.00353875,5,100,0.4053
reed_solomon_binary_64_32,sinusoidal,syndrome,1.0,0.99600000,0.00547723,0.98921645,1.00278355,5,100,0.3898
reed_solomon_binary_64_32,sinusoidal,syndrome,2.0,0.98400000,0.00547723,0.97721645,0.99078355,5,100,0.3929
reed_solomon_binary_64_32,sinusoidal,syndrome,3.0,0.98000000,0.01224745,0.96483152,0.99516848,5,100,0.3875
reed_solomon_binary_64_32,sinusoidal,syndrome,4.0,0.93200000,0.03420526,0.88963674,0.97436326,5,100,0.3971
reed_solomon_binary_64_32,sinusoidal,syndrome,5.0,0.82600000,0.03577709,0.78169003,0.87030997,5,100,0.3914
reed_solomon_binary_64_32,sinusoidal,syndrome,6.0,0.63400000,0.03646917,0.58883289,0.67916711,5,100,0.3773
reed_solomon_binary_64_32,sinusoidal,chase,0.0,0.98000000,0.00000000,0.98000000,0.98000000,5,100,3.8657
reed_solomon_binary_64_32,sinusoidal,chase,1.0,0.95400000,0.01516575,0.93521720,0.97278280,5,100,3.8319
reed_solomon_binary_64_32,sinusoidal,chase,2.0,0.88200000,0.03563706,0.83786346,0.92613654,5,100,3.8622
reed_solomon_binary_64_32,sinusoidal,chase,3.0,0.69400000,0.02073644,0.66831789,0.71968211,5,100,3.8653
reed_solomon_binary_64_32,sinusoidal,chase,4.0,0.45400000,0.00894427,0.44292251,0.46507749,5,100,3.8942
reed_solomon_binary_64_32,sinusoidal,chase,5.0,0.26200000,0.03346640,0.22055182,0.30344818,5,100,3.8753
reed_solomon_binary_64_32,sinusoidal,chase,6.0,0.11200000,0.01643168,0.09164935,0.13235065,5,100,3.9870
ldpc_64_32,rayleigh_awgn,syndrome,0.0,0.99800000,0.00447214,0.99246125,1.00353875,5,100,0.4790
ldpc_64_32,rayleigh_awgn,syndrome,1.0,0.99800000,0.00447214,0.99246125,1.00353875,5,100,0.4846
ldpc_64_32,rayleigh_awgn,syndrome,2.0,0.99600000,0.00894427,0.98492251,1.00707749,5,100,0.4842
ldpc_64_32,rayleigh_awgn,syndrome,3.0,0.99400000,0.00894427,0.98292251,1.00507749,5,100,0.4917
ldpc_64_32,rayleigh_awgn,syndrome,4.0,0.97400000,0.02190890,0.94686580,1.00113420,5,100,0.4564
ldpc_64_32,rayleigh_awgn,syndrome,5.0,0.93400000,0.01673320,0.91327591,0.95472409,5,100,0.4877
ldpc_64_32,rayleigh_awgn,syndrome,6.0,0.86600000,0.02073644,0.84031789,0.89168211,5,100,0.4476
ldpc_64_32,rayleigh_awgn,chase,0.0,0.99062500,0.00929129,0.97911772,1.00213228,5,100,4.0375
ldpc_64_32,rayleigh_awgn,chase,1.0,0.97762500,0.01009138,0.96512681,0.99012319,5,100,3.9803
ldpc_64_32,rayleigh_awgn,chase,2.0,0.95637500,0.01531186,0.93741124,0.97533876,5,100,3.8813
ldpc_64_32,rayleigh_awgn,chase,3.0,0.87668750,0.02243654,0.84889981,0.90447519,5,100,3.9147
ldpc_64_32,rayleigh_awgn,chase,4.0,0.74431250,0.02975190,0.70746473,0.78116027,5,100,3.9286
ldpc_64_32,rayleigh_awgn,chase,5.0,0.54887500,0.06640960,0.46662663,0.63112337,5,100,3.9264
ldpc_64_32,rayleigh_awgn,chase,6.0,0.32837500,0.05937763,0.25483573,0.40191427,5,100,3.9764
ldpc_64_32,rayleigh,syndrome,0.0,0.90200000,0.02489980,0.87116157,0.93283843,5,100,0.4302
ldpc_64_32,rayleigh,syndrome,1.0,0.85800000,0.03563706,0.81386346,0.90213654,5,100,0.4516
ldpc_64_32,rayleigh,syndrome,2.0,0.78200000,0.03768289,0.73532969,0.82867031,5,100,0.4303
ldpc_64_32,rayleigh,syndrome,3.0,0.70600000,0.05176872,0.64188438,0.77011562,5,100,0.4390
ldpc_64_32,rayleigh,syndrome,4.0,0.63200000,0.05263079,0.56681670,0.69718330,5,100,0.4215
ldpc_64_32,rayleigh,syndrome,5.0,0.53200000,0.04324350,0.47844287,0.58555713,5,100,0.4107
ldpc_64_32,rayleigh,syndrome,6.0,0.45400000,0.05319774,0.38811452,0.51988548,5,100,0.4357
ldpc_64_32,rayleigh,chase,0.0,0.78081250,0.03937351,0.73204835,0.82957665,5,100,3.7820
ldpc_64_32,rayleigh,chase,1.0,0.70062500,0.05131475,0.63707162,0.76417838,5,100,3.6401
ldpc_64_32,rayleigh,chase,2.0,0.63425000,0.04818260,0.57457579,0.69392421,5,100,3.7040
ldpc_64_32,rayleigh,chase,3.0,0.52143750,0.05194818,0.45709961,0.58577539,5,100,3.7393
ldpc_64_32,rayleigh,chase,4.0,0.43700000,0.05848077,0.36457149,0.50942851,5,100,3.7344
ldpc_64_32,rayleigh,chase,5.0,0.37300000,0.05561034,0.30412652,0.44187348,5,100,3.7547
ldpc_64_32,rayleigh,chase,6.0,0.30500000,0.05372683,0.23845925,0.37154075,5,100,3.7902
ldpc_64_32,sinusoidal,syndrome,0.0,1.00000000,0.00000000,1.00000000,1.00000000,5,100,0.4904
ldpc_64_32,sinusoidal,syndrome,1.0,1.00000000,0.00000000,1.00000000,1.00000000,5,100,0.4779
ldpc_64_32,sinusoidal,syndrome,2.0,0.98600000,0.00547723,0.97921645,0.99278355,5,100,0.4807
ldpc_64_32,sinusoidal,syndrome,3.0,0.94600000,0.00894427,0.93492251,0.95707749,5,100,0.4901
ldpc_64_32,sinusoidal,syndrome,4.0,0.82800000,0.04494441,0.77233629,0.88366371,5,100,0.4778
ldpc_64_32,sinusoidal,syndrome,5.0,0.64400000,0.03130495,0.60522878,0.68277122,5,100,0.4031
ldpc_64_32,sinusoidal,syndrome,6.0,0.44600000,0.07092249,0.35816240,0.53383760,5,100,0.4826
ldpc_64_32,sinusoidal,chase,0.0,0.96200000,0.00836660,0.95163795,0.97236205,5,100,3.9618
ldpc_64_32,sinusoidal,chase,1.0,0.87850000,0.01616323,0.85848182,0.89851818,5,100,3.9346
ldpc_64_32,sinusoidal,chase,2.0,0.72625000,0.04748201,0.66744347,0.78505653,5,100,3.9480
ldpc_64_32,sinusoidal,chase,3.0,0.50400000,0.02880972,0.46831912,0.53968088,5,100,4.0283
ldpc_64_32,sinusoidal,chase,4.0,0.27650000,0.02781636,0.24204940,0.31095060,5,100,4.1253
ldpc_64_32,sinusoidal,chase,5.0,0.11200000,0.01095445,0.09843290,0.12556710,5,100,4.1033
ldpc_64_32,sinusoidal,chase,6.0,0.03600000,0.01949359,0.01185716,0.06014284,5,100,4.1899
